config_id,method,alpha,localizer,n_images,mean_prevalence,mean_average_precision,ap_ci_lo,ap_ci_hi,mean_roc_auc,mean_recall_at_0p5,recall_at_0p5_ci_lo,recall_at_0p5_ci_hi,mean_lift_at_0p5,mean_precision_at_0p5,precision_at_0p5_ci_lo,precision_at_0p5_ci_hi,mean_recall_at_1,recall_at_1_ci_lo,recall_at_1_ci_hi,mean_lift_at_1,mean_precision_at_1,precision_at_1_ci_lo,precision_at_1_ci_hi,mean_recall_at_2,recall_at_2_ci_lo,recall_at_2_ci_hi,mean_lift_at_2,mean_precision_at_2,precision_at_2_ci_lo,precision_at_2_ci_hi,mean_recall_at_5,recall_at_5_ci_lo,recall_at_5_ci_hi,mean_lift_at_5,mean_precision_at_5,precision_at_5_ci_lo,precision_at_5_ci_hi,mean_recall_at_10,recall_at_10_ci_lo,recall_at_10_ci_hi,mean_lift_at_10,mean_precision_at_10,precision_at_10_ci_lo,precision_at_10_ci_hi,mean_recall_at_20,recall_at_20_ci_lo,recall_at_20_ci_hi,mean_lift_at_20,mean_precision_at_20,precision_at_20_ci_lo,precision_at_20_ci_hi,mean_recall_at_30,recall_at_30_ci_lo,recall_at_30_ci_hi,mean_lift_at_30,mean_precision_at_30,precision_at_30_ci_lo,precision_at_30_ci_hi,mean_recall_at_40,recall_at_40_ci_lo,recall_at_40_ci_hi,mean_lift_at_40,mean_precision_at_40,precision_at_40_ci_lo,precision_at_40_ci_hi,mean_recall_at_50,recall_at_50_ci_lo,recall_at_50_ci_hi,mean_lift_at_50,mean_precision_at_50,precision_at_50_ci_lo,precision_at_50_ci_hi,mean_naurc_10,naurc_10_ci_lo,naurc_10_ci_hi,mean_naurc_50,naurc_50_ci_lo,naurc_50_ci_hi
hugo_alpha0p001,HUGO,0.001,gradient_magnitude_cover,1000,9.632110595703125e-05,0.010700988232763655,0.009649220810207963,0.011860244943845586,0.8914820794067991,0.2611783592491776,0.24878073214017438,0.27324746092313107,52.23567184983553,0.0053821510297482845,0.005087623951182304,0.005685755148741419,0.35843749033244354,0.3444008910657418,0.3723982658584432,35.84374903324434,0.0036669210225104914,0.0034990366272415105,0.003842846241892407,0.47025356027990434,0.4547704027816974,0.4856023761914744,23.512678013995217,0.002382223917604425,0.0022876215906923515,0.002480841121495327,0.6176165694331522,0.6018467808010914,0.6332483553896348,12.352331388663043,0.0012355992980849929,0.0011951609826810101,0.0012764972915236133,0.7309087364527833,0.7164147921698533,0.7446797314635883,7.309087364527834,0.0007235828183413443,0.0007037069886320286,0.0007437247272449836,0.82971790650737,0.8172537061898147,0.8409651234866216,4.14858953253685,0.0004066261038738103,0.0003974703885254344,0.0004160679204257186,0.8821165845764124,0.8721650483617691,0.8915935031862252,2.9403886152547085,0.0002866752285645258,0.00028096493012728403,0.00029276699769846017,0.914449975679582,0.9061808209169177,0.9223294098565032,2.286124939198955,0.0002221861946632589,0.00021813285586221368,0.0002264979782181617,0.938839547662264,0.9323134245394191,0.945107003030797,1.877679095324528,0.0001820220947265625,0.00017894725799560545,0.00018537158966064454,0.5637662536798298,0.5494860753290502,0.5776565226728239,0.8049849725001433,0.7944124196006785,0.8148440377049844
hugo_alpha0p001,HUGO,0.001,gradient_magnitude_stego,1000,9.632110595703125e-05,0.010725964442457846,0.009682930043247313,0.011889087265812472,0.8914824197000927,0.261191943330153,0.2488608880785752,0.2732904534682229,52.2383886660306,0.0053821510297482845,0.005086918382913806,0.005683485888634629,0.3585490227169164,0.3445125342575066,0.3724905447480088,35.854902271691635,0.0036680656238077067,0.0034994276993513926,0.0038439622281571917,0.470380093351614,0.4550310374195918,0.48576092183645586,23.5190046675807,0.002382796109097845,0.0022878075529277134,0.0024815945069616633,0.6178914575995695,0.6020420218847973,0.6336160807924401,12.35782915199139,0.0012360570687418937,0.00119599259937438,0.0012771057450217441,0.7310632908959919,0.7165693466130618,0.7448321219957024,7.310632908959919,0.0007237354085603112,0.0007038204776073854,0.0007438401235980774,0.8297952749284228,0.8172976831718852,0.8410337509845971,4.148976374642113,0.00040666425070094795,0.00039758435217150814,0.0004161251406664251,0.8822756547015581,0.87230354023225,0.8916810824853463,2.9409188490051936,0.0002867133756341951,0.0002809658838040258,0.0002927558714698066,0.9145286793832856,0.9063119615009723,0.9224768368935135,2.286321698458214,0.00022220526807682772,0.00021812355757309888,0.00022652587308550612,0.938887166709883,0.9323142209301607,0.9451911588734844,1.877774333419766,0.00018202972412109376,0.00017897796630859375,0.00018537158966064454,0.5639491983044249,0.5497714348535351,0.5777602582116665,0.8051048072241257,0.7945392820727221,0.8149582262528188
hugo_alpha0p001,HUGO,0.001,laplacian_residual_cover,1000,9.632110595703125e-05,0.012283784960623757,0.011171904915324157,0.013512556356897205,0.8540152332911544,0.24212063106658463,0.2332251846450018,0.25142884481992855,48.424126213316924,0.0048947368421052625,0.004678108314263921,0.005128928299008391,0.32270411349975925,0.31240863348147685,0.3331481630043378,32.27041134997593,0.003241129339946585,0.0031194105303319346,0.003375820297596337,0.4171368524518623,0.40622243459452184,0.4283108296599047,20.856842622593117,0.002076673660118253,0.00200896433339691,0.0021499284760633226,0.5598404556425686,0.5492309167541765,0.5706563621744549,11.196809112851371,0.0011020828564888992,0.0010723258564126039,0.001133745326924544,0.6671667183338446,0.6572587317675076,0.6773338599504679,6.671667183338445,0.00065205615320058,0.0006371786068513009,0.0006678120469977875,0.7739697997912833,0.7656854971831687,0.7825554171703942,3.869848998956416,0.00037595605485513746,0.00036884119475862596,0.00038370081443475944,0.8314378598983316,0.8240509568742596,0.8388229243197463,2.771459532994439,0.0002685680861615147,0.00026385056521241554,0.0002736038172501049,0.8696967111456302,0.8633046964154487,0.8761769941667986,2.1742417778640757,0.00021050372885235273,0.00020697347841843255,0.00021431054378302086,0.8985329939156763,0.8928228774462514,0.9039586374946841,1.7970659878313526,0.00017371368408203124,0.00017086772918701172,0.0001767427444458008,0.5104640723966722,0.5008030530813145,0.5202173403236494,0.7536836598713357,0.7464981419116943,0.7611827085489854
hugo_alpha0p001,HUGO,0.001,laplacian_residual_stego,1000,9.632110595703125e-05,0.012845619973928303,0.011714992236059835,0.014118621745216128,0.8576429885423323,0.2497966623898787,0.2404084324050141,0.2594907480497379,49.959332477975735,0.005033562166285279,0.0048108123569794055,0.005276144164759726,0.32866149279041035,0.31862209406157516,0.3391427290016024,32.86614927904104,0.0032945440671499427,0.0031678748569248377,0.0034288821060663864,0.4259818206695555,0.41551050958622865,0.43717523855384116,21.299091033477772,0.0021138661071905397,0.002047301163456036,0.002186157734121686,0.5672046787336601,0.556682368335435,0.578010678495499,11.344093574673202,0.0011142900740062562,0.0010851453421835662,0.0011459563591973755,0.6745889951438269,0.6651953239335405,0.6842150255089162,6.745889951438268,0.0006585030899519342,0.0006436636911573968,0.0006742971313038835,0.7798191213808865,0.7719231781078942,0.7878190681154179,3.899095606904433,0.00037862633275477313,0.00037149287608003205,0.00038648505598046885,0.8344732003437378,0.8274560733885681,0.8413540922740309,2.781577334479126,0.0002695980570425848,0.0002649313988530447,0.0002747742965044568,0.8735843482462522,0.8674753065305404,0.8796980067273635,2.18396087061563,0.00021138110587651872,0.00020787135936218507,0.00021519626542562323,0.9032661803316048,0.8979712979877442,0.908320185401154,1.8065323606632095,0.00017465972900390626,0.00017183609008789062,0.00017768173217773438,0.5178649294921065,0.5087379769348311,0.5277079564766173,0.7589338374401398,0.7519656841327222,0.7659935665896372
hugo_alpha0p001,HUGO,0.001,local_entropy_cover,1000,9.632110595703125e-05,0.004198037875557683,0.0037438070375854734,0.004674109870152534,0.8851412128859649,0.1514224836490198,0.14268548595616729,0.16052635060057063,30.28449672980396,0.0031319603356216624,0.0029252288329519446,0.0033440312738367652,0.23009973344644533,0.21860310143653047,0.24189937759315328,23.009973344644532,0.0023761922930179316,0.0022384490652422734,0.0025185139259824496,0.3420843736817812,0.3286417036499457,0.3569146331557559,17.10421868408906,0.0017512874308601948,0.0016673469387755103,0.0018392380316612626,0.5223484281719262,0.5075653809873713,0.5383215658343536,10.44696856343852,0.0010546272983901733,0.0010165331502250705,0.0010962863355458916,0.6737938122932566,0.658345374780065,0.6888756991694439,6.737938122932566,0.0006717402914473183,0.0006511358434424352,0.0006930266269932098,0.8131830604965458,0.7997635788984087,0.8251443211266136,4.065915302482728,0.0003999694825382899,0.00039027971160998686,0.000409678803715501,0.8840653729932828,0.8736692392525071,0.8936805354341627,2.9468845766442766,0.0002876924837557062,0.00028191924265351013,0.0002937585036176138,0.9261599443280707,0.9179356637241083,0.9334663243870887,2.3153998608201762,0.0002250090598714452,0.00022101174922275842,0.0002293113067195636,0.9540835389887088,0.9482073289024603,0.9596722140580082,1.9081670779774176,0.00018488311767578125,0.00018188323974609375,0.00018813343048095703,0.47063330326937525,0.45748463754597357,0.48460578777137747,0.7815960713456515,0.7712214621284385,0.7913763893989781
hugo_alpha0p001,HUGO,0.001,local_entropy_stego,1000,9.632110595703125e-05,0.00419897642033079,0.0037421095967406686,0.004662918386793322,0.8852279359209261,0.15189121186920543,0.14309634890454845,0.1611135841931354,30.378242373841086,0.003141113653699466,0.0029328375286041194,0.0033531655225019067,0.23025810440701913,0.21894608011291358,0.2420116244183782,23.025810440701914,0.0023780999618466235,0.00223918351774132,0.0025207935902327354,0.3423338522796684,0.3289381093965056,0.3570893515970642,17.11669261398342,0.0017524318138470343,0.0016677379362960137,0.001841507724585161,0.5224082741647231,0.5074275806641214,0.5382242869341028,10.448165483294462,0.0010548561837186237,0.0010163138017853055,0.0010968261234454873,0.6736865859958383,0.6583118514048827,0.6888298357704249,6.7368658599583835,0.0006715877012283513,0.0006509842069123368,0.0006928377965972381,0.8135848775577383,0.8004146575854985,0.8256340774408857,4.0679243877886915,0.00040014114326040936,0.0003904899959945832,0.0004098309141887124,0.8839887439562927,0.873612307338955,0.8935520996597643,2.946629146520975,0.00028766705237592664,0.0002818934933814834,0.000293732754345587,0.9261903845904226,0.9180270399548313,0.9335571753731137,2.3154759614760563,0.0002250090598714452,0.00022098409277308362,0.00022925527856720518,0.9539018387965125,0.9479506732926417,0.9595055175446039,1.907803677593025,0.000184844970703125,0.00018184604644775392,0.0001880952835083008,0.4707156450447693,0.4574404585539025,0.48451682821624104,0.7816547727090797,0.7712150562208676,0.7913957773531514
hugo_alpha0p001,HUGO,0.001,local_variance_cover,1000,9.632110595703125e-05,0.0054086495779020975,0.00473305250261382,0.006185264568943575,0.8871310109953378,0.15679230726086762,0.14676733879884082,0.16698092412620405,31.35846145217353,0.00327765064836003,0.003041952707856598,0.0035233790999237217,0.23163043890144677,0.21932153181074257,0.24423895781260138,23.163043890144674,0.002398321251430752,0.0022521842808088514,0.002554368561617703,0.331450115196834,0.3166482930357144,0.3460915875628141,16.572505759841697,0.0017020789624260918,0.0016143381651726107,0.0017962998283425518,0.5065385265168556,0.49046453998878003,0.5225251147039464,10.130770530337111,0.001024872205691615,0.0009856431677729457,0.0010662527656977187,0.6632965421467333,0.6474631369676006,0.6790234423387923,6.632965421467333,0.0006624704356450751,0.0006419851987487602,0.0006836804760814831,0.8148867349716414,0.8017778547564923,0.8270403527492082,4.0744336748582075,0.00040094222663030003,0.00039134782276984114,0.00041068874096397034,0.8901563460372333,0.8801033840631567,0.8992330251000011,2.9671878201241113,0.0002896506999987284,0.0002839391299924977,0.000295588927177244,0.9322788578810689,0.9246916690090584,0.939030082975373,2.3306971447026723,0.0002264491025958916,0.00022240434683095235,0.0002307694691869004,0.9589568870178905,0.9533770274013742,0.9640085474805324,1.917913774035781,0.0001857452392578125,0.00018273906707763673,0.00018901920318603515,0.4599414674634443,0.44612758744699554,0.4737272833150938,0.7816780241871399,0.7714878615971136,0.7913683524866586
hugo_alpha0p001,HUGO,0.001,local_variance_stego,1000,9.632110595703125e-05,0.005410474833194266,0.004734866232586126,0.0061855784061018645,0.887304444829911,0.156756814625375,0.14667321061780553,0.16695452374393022,31.351362925074998,0.0032768878718535464,0.0030411517925247903,0.003524065598779557,0.23172435498536287,0.21952769256600624,0.2442878949743235,23.172435498536284,0.0023990843189622283,0.0022525658145745894,0.0025543876383059896,0.3316710464652224,0.31688408355071707,0.3462571528904965,16.583552323261117,0.0017030326149151248,0.0016154730116345602,0.00179725824909403,0.5067408045573027,0.4907920416523724,0.5226588572472248,10.134816091146057,0.001025177386129549,0.0009862573434042878,0.0010670767528801403,0.6634327798877233,0.6476536292239725,0.6790127220543829,6.634327798877234,0.0006626230258640421,0.0006421721217669948,0.0006836823834592202,0.8155620963305679,0.8022597226153012,0.8275748601898864,4.07781048165284,0.00040130462148810773,0.00039171069446298807,0.00041103253924354845,0.8904349012316282,0.8804462025055168,0.8993904132975148,2.9681163374387607,0.000289726994138067,0.00028401542413183635,0.00029567857279096674,0.9324613786157865,0.9249042293009709,0.939247054489752,2.3311534465394663,0.00022648724942302926,0.00022245250720021362,0.0002308364645520609,0.9590237044012663,0.9534800620835651,0.9640528400489987,1.9180474088025325,0.000185760498046875,0.0001827545166015625,0.0001890338897705078,0.4601058934430674,0.4463440491905051,0.4740881279510576,0.781958502353109,0.7717099092307643,0.7917400455069571
hugo_alpha0p001,HUGO,0.001,oracle,1000,9.632110595703125e-05,0.030757643136934243,0.028994616220833474,0.03267937905118035,0.9829171087513809,0.5242944825001701,0.5120140662821164,0.537280260585338,104.85889650003402,0.01055072463768116,0.010216609458428682,0.010932170099160947,0.6681143870943657,0.6559970919485592,0.6802198728118283,66.81143870943657,0.006658908813429988,0.006477632582983593,0.0068546833269744365,0.7963399108931435,0.7860169734248537,0.8067018408208455,39.816995544657175,0.003927713141331299,0.0038376835781041394,0.004020994659546062,0.9176147721916643,0.9103542016765693,0.9246686682999854,18.352295443833288,0.0017889677271686886,0.0017563000686655985,0.0018235313191424431,0.9670407165263527,0.9628923108516799,0.9710258842911914,9.670407165263526,0.0009363698786907759,0.0009213378347447929,0.0009521715495536735,0.990652353997848,0.9888048451037096,0.9923092716381026,4.95326176998924,0.00047792252379408345,0.0004706746266379294,0.000485361631921265,0.9964255809498025,0.9954851910880675,0.997282032245066,3.3214186031660087,0.0003201556400442506,0.000315399654133235,0.000325076929923833,0.9985162047490942,0.9979204713340105,0.9990373834735634,2.4962905118727354,0.00024051574510290107,0.00023696809017909938,0.00024416878063667055,0.9993706989849231,0.9989411702461811,0.9997180392595909,1.9987413979698463,0.0001925506591796875,0.00018975791931152342,0.0001954803466796875,0.8443973733439685,0.8373694857255092,0.8513660355962216,0.9626394441592702,0.9603949494323833,0.9647247907037951
hugo_alpha0p001,HUGO,0.001,srm_residual_cover,1000,9.632110595703125e-05,0.011495562650978248,0.010440986836286758,0.012644938251046844,0.930364076071852,0.2722179010048427,0.2610449449967662,0.2837650555873268,54.44358020096854,0.00563768115942029,0.0053607551487414185,0.005931350114416476,0.3862008386037253,0.3735249148090558,0.3995841459514287,38.620083860372524,0.0039584128195345285,0.003793590232735597,0.004137743227775659,0.5168748929777865,0.5031077589017627,0.5317657464668232,25.843744648889324,0.0026175853518977683,0.0025266021361815753,0.002717356475300401,0.6911233378938653,0.6783797431668244,0.7048469592942208,13.822466757877304,0.0013760585946440836,0.0013401216906996263,0.0014171072709239336,0.8097632342804423,0.799252027059773,0.8206678844186444,8.097632342804422,0.0007969024185549707,0.0007795824750133516,0.0008157101167315176,0.8994508959557997,0.8920471637804367,0.9067311233809658,4.497254479778998,0.0004383833374659063,0.00043020036620954055,0.0004474432089110988,0.9401360835056021,0.9348516788027288,0.9455150055939809,3.1337869450186737,0.00030413387078315933,0.0002988692572765535,0.0003097300459036405,0.961833474406491,0.9578913426296597,0.9655549634015993,2.404583686016227,0.0002327337923668199,0.00022893794464895383,0.00023675852104751188,0.976758617842332,0.9738648128594201,0.9793756706280269,1.953517235684664,0.0001887359619140625,0.00018577537536621094,0.0001918720245361328,0.6248410802687355,0.6131649514233346,0.637137749658738,0.8639044920396032,0.8573107113695867,0.8707586929630347
hugo_alpha0p001,HUGO,0.001,srm_residual_stego,1000,9.632110595703125e-05,0.011947786994531693,0.010878274967996808,0.013130399577026065,0.9322416855450854,0.27754820103179245,0.26660886659608535,0.2891237223948917,55.5096402063585,0.00573073989321129,0.00545993516399695,0.006025972540045766,0.39303810715304566,0.3802651997626531,0.4069727204118158,39.30381071530456,0.004019076688286913,0.0038542445631438377,0.00419878863029378,0.5242227981401332,0.510547431649549,0.5387299484997243,26.211139907006658,0.0026498188060270836,0.002557314514590883,0.002748998664886515,0.698069134453127,0.6855393502098727,0.7115461559984857,13.961382689062539,0.0013884946974898908,0.001352254520485237,0.0014289501792935074,0.8147986927674663,0.8043096499721334,0.8255067251003395,8.147986927674664,0.0008014038300144962,0.0007837396047913329,0.0008209353780422675,0.9017748649789642,0.8944417038432276,0.9090040961969307,4.508874324894821,0.0004393179347307788,0.0004312265158595434,0.000448245245951668,0.9425710748415855,0.9372991215847536,0.947677563187947,3.141903582805285,0.0003047442238978676,0.00029947992828350904,0.0003103648767213865,0.9640773359971311,0.9601987000072089,0.9676765859212916,2.4101933399928277,0.00023318201758568732,0.00022942336302428045,0.00023720698468404893,0.9777218359975761,0.9748075072175131,0.9803863799241369,1.9554436719951522,0.00018891143798828124,0.0001859586715698242,0.00019203968048095703,0.6311271546892121,0.6198622318479542,0.6431816900370599,0.8671621389778827,0.860919406718048,0.87373216764517
hugo_alpha0p001,HUGO,0.001,texture_energy_cover,1000,9.632110595703125e-05,0.013849445376493002,0.01272628447088153,0.015095742621054209,0.942374862693308,0.2879749617611078,0.2777189802434291,0.29861676963133804,57.59499235222157,0.0058977879481311975,0.005641475972540046,0.0061724256292906175,0.39975614684781285,0.38780897419271915,0.4123431910418929,39.97561468478128,0.004055322396032048,0.0039034719572682178,0.004219009919877909,0.5290709276809935,0.5161482756289868,0.5425084744714888,26.453546384049666,0.0026631699408735453,0.0025761872973488462,0.002756441922563418,0.7126301012017058,0.7008970764155952,0.7247040952147058,14.252602024034113,0.0014136720836194399,0.0013776588845654993,0.0014538815136949724,0.8356603441058209,0.826561140705277,0.8448305922293178,8.356603441058208,0.0008200961318379492,0.000802889677271687,0.0008382572289616234,0.9258154922523044,0.9200981245890376,0.9314435596122811,4.629077461261522,0.00044988460584790863,0.00044208310286291937,0.0004583551088138244,0.9613175453843601,0.9572394137084688,0.9652179579673681,3.204391817947867,0.0003101865391706827,0.000305240135803568,0.0003153751764301972,0.9780296605455158,0.975156971601708,0.9807750822579618,2.4450741513637895,0.00023624330046348398,0.00023258096664059968,0.00024008730855061132,0.9869920922654656,0.9849921811059227,0.9889551281835725,1.9739841845309312,0.000190521240234375,0.00018764457702636717,0.00019352741241455078,0.6441617711449776,0.6339663903901707,0.6547929431859157,0.8841301375025602,0.8790511943103402,0.8892272083915063
hugo_alpha0p001,HUGO,0.001,texture_energy_stego,1000,9.632110595703125e-05,0.014312892192236824,0.013191418179276791,0.015596720175525389,0.9436746056286642,0.2956205181875123,0.2858540476860864,0.30645643642917353,59.12410363750246,0.006025934401220443,0.005769622425629291,0.006306636155606407,0.40452117220971145,0.39285292222481577,0.41659654303259613,40.45211722097115,0.004096146508966043,0.003946909576497519,0.004259061426936283,0.5362017143089551,0.5233832878644992,0.5496909935446983,26.810085715447755,0.002692923898531375,0.002606317947739843,0.0027875262254434484,0.7181326490722276,0.7063993851991319,0.729872942841781,14.362652981444553,0.0014225223163195238,0.001386654077973602,0.0014620450904097048,0.8421873472477052,0.8330731671259832,0.8513155630435946,8.421873472477051,0.0008249790188448921,0.0008080004959182117,0.0008435215915159838,0.9286465980156142,0.9229471035890201,0.934259965681367,4.643232990078071,0.00045106715748917587,0.0004432852047530947,0.00045938411947586265,0.9623629092493887,0.9585044767680467,0.965957899531952,3.2078763641646297,0.0003104662843482573,0.0003054435868418041,0.00031570514858283636,0.9783977518431168,0.9757066037537537,0.9809105531339034,2.4459943796077925,0.00023624330046348398,0.00023258096664059968,0.0002400682351370425,0.9867926945983976,0.9848202637918696,0.9886841000358249,1.9735853891967952,0.0001904296875,0.0001875608444213867,0.00019340686798095704,0.6501603531277124,0.6401077381951531,0.6606306035671107,0.8868115266317766,0.8818313805868908,0.8917044653893477
hugo_alpha0p001,HUGO,0.001,uniform,1000,9.632110595703125e-05,9.632110595703125e-05,9.493255615234375e-05,9.778213500976562e-05,0.5,0.005,0.005,0.005,1.0,9.630053394355453e-05,9.491228070175439e-05,9.776125095347062e-05,0.01,0.01,0.01,1.0,9.633727584891264e-05,9.494849294162534e-05,9.779855017169019e-05,0.02,0.02,0.02,1.0,9.631890139233264e-05,9.493038336830059e-05,9.777989700553117e-05,0.05000000000000001,0.05000000000000001,0.05000000000000001,1.0,9.632257572289619e-05,9.49340047302968e-05,9.778362706950486e-05,0.10000000000000002,0.10000000000000002,0.10000000000000002,1.0,9.632257572289619e-05,9.49340047302968e-05,9.778362706950486e-05,0.20000000000000004,0.20000000000000004,0.20000000000000004,1.0,9.632073852257339e-05,9.493219401476282e-05,9.778176200194549e-05,0.2999999999999999,0.2999999999999999,0.2999999999999999,1.0,9.632135091489388e-05,9.493279757893265e-05,9.778238368322673e-05,0.4000000000000001,0.4000000000000001,0.4000000000000001,1.0,9.632073852257339e-05,9.493219401476282e-05,9.778176200194549e-05,0.5,0.5,0.5,1.0,9.632110595703125e-05,9.493255615234375e-05,9.778213500976562e-05,0.05000000000000002,0.05000000000000002,0.05000000000000002,0.25,0.25,0.25
hugo_alpha0p001,HUGO,0.001,wavelet_energy_cover,1000,9.632110595703125e-05,0.0007602012801836526,0.0006058498342461457,0.0009656294408854086,0.6894276844701307,0.03337065137074023,0.03022229853550033,0.03694026327129634,6.674130274148046,0.0007063310450038139,0.0006300533943554538,0.0007986460717009915,0.05557599176299692,0.05116139556744769,0.060474976595361704,5.557599176299693,0.0005833651278138115,0.0005284242655475009,0.0006432754673788629,0.09502898162778482,0.08872235075135693,0.10139777997476358,4.751449081389241,0.000494564180812512,0.00045737173374022503,0.000533673469387755,0.1862003895632873,0.17720508335507884,0.19558943057480843,3.7240077912657457,0.0003820859082932784,0.00036041618982223244,0.00040573929961089497,0.29971449455044197,0.2886957428914108,0.3117894081466484,2.997144945504419,0.00030273899443045697,0.0002891956588082704,0.00031736095216296624,0.46199710188275506,0.44952827429701775,0.4755391281062892,2.3099855094137753,0.0002302161017757348,0.00022222386465505731,0.00023903231036258556,0.577564174316033,0.5651481341992363,0.5907848026137911,1.9252139143867768,0.0001902902992001831,0.00018498753862390804,0.00019635600116984348,0.6741615299380923,0.6627013191475627,0.6859806455287286,1.6854038248452308,0.00016543325258921591,0.0001616850884052719,0.00016979176600736236,0.7520350627732694,0.7423450404000319,0.7622876872097887,1.5040701255465387,0.00014704132080078125,0.00014395885467529296,0.00015048274993896484,0.17425130773924413,0.16648428880034752,0.18247943740093775,0.482769778507596,0.47244485285559623,0.4936905721521709
hugo_alpha0p001,HUGO,0.001,wavelet_energy_stego,1000,9.632110595703125e-05,0.0007536574625710348,0.0005988881165708268,0.0009594677020845066,0.6894165223722802,0.03328181658690762,0.0301027470744371,0.036791030423568,6.6563633173815235,0.0007040427154843632,0.0006277650648360032,0.0007940694126620899,0.05549392995585884,0.0510752217686329,0.06038760730478828,5.549392995585884,0.0005829835940480732,0.0005288057993132392,0.0006421308660816481,0.0950036552707343,0.08870139748748078,0.10147543257709313,4.7501827635367135,0.000494564180812512,0.0004571762349799733,0.0005338641998855617,0.1860344370701871,0.17701776152452803,0.19553093729290488,3.720688741403742,0.0003817807278553445,0.0003602635996032654,0.00040513084611276413,0.3000206446401528,0.2888472662026797,0.31197230183198654,3.000206446401528,0.00030300602731364915,0.0002895761806668192,0.00031765659571221484,0.4620104660121519,0.4496003244497905,0.47561939429009864,2.31005233006076,0.00023023517518930365,0.00022231827805222303,0.00023902897251521104,0.5775526120951331,0.5651503945369231,0.5907278268930386,1.9251753736504438,0.0001902902992001831,0.00018500057220604505,0.0001963442391566954,0.6741507497021523,0.6626852012546678,0.6860025824450829,1.685376874255381,0.00016542371588243148,0.00016166625340937268,0.00016978222930057792,0.7515822635027737,0.7418154005772916,0.7618415579061751,1.5031645270055474,0.00014696502685546876,0.00014387474060058593,0.0001504364013671875,0.1742458026182947,0.16652025622930167,0.18240365429652647,0.48275221689983905,0.47243240520735175,0.49363951067312317
hugo_alpha0p0025,HUGO,0.0025,gradient_magnitude_cover,1000,0.0002620811462402344,0.014185359131287349,0.0130681026633849,0.015453355963706738,0.8829808019430414,0.21818037013738803,0.20901676450152112,0.22745725036348766,43.636074027477605,0.012295957284515636,0.011669698703279939,0.012940522501906943,0.3134326058115775,0.30215429686991363,0.32524543111618315,31.34326058115775,0.008772224341854254,0.0083875333842045,0.00917953071346814,0.4252548578738437,0.41166321832233965,0.43897115100109313,21.262742893692185,0.005893000190730498,0.005668319664314325,0.006130664695784857,0.5867928372886861,0.5726519608808075,0.6011658880625528,11.73585674577372,0.003207293812466621,0.00311084344243534,0.0033132028686961167,0.7067619931103013,0.692682153852766,0.7201867169661574,7.067619931103014,0.0019111161974517431,0.0018623626688029297,0.001962581063553826,0.8150865009376957,0.8032657384821132,0.8260803490571182,4.075432504688479,0.0010904270537298061,0.0010672523794083427,0.0011137166453680214,0.8716662520681095,0.8618554105594104,0.880613022333946,2.9055541735603656,0.0007726561804610708,0.0007585760970461453,0.0007867092430349808,0.9082391797333514,0.9002172947486501,0.9155856115038546,2.270597949333379,0.0006014228766522345,0.0005915807568330504,0.0006113896889126247,0.9336212533850831,0.9271477629468988,0.9393808466710496,1.8672425067701661,0.0004931869506835938,0.00048584613800048827,0.0005005426406860351,0.5308750687105562,0.5181124201055216,0.5437196184645258,0.789211724939481,0.7791070472158849,0.7987129117122586
hugo_alpha0p0025,HUGO,0.0025,gradient_magnitude_stego,1000,0.0002620811462402344,0.014187415059333727,0.013089196217592509,0.015454535081688347,0.8829828137181391,0.21821472012142562,0.2090465669294183,0.2274661061364032,43.64294402428512,0.012297482837528606,0.011671243325705568,0.01294052250190694,0.31351657080219136,0.30219232577957766,0.32538914321673607,31.351657080219134,0.00877489507821442,0.008391348721861886,0.009184013735215567,0.4253588074909578,0.4118607509715535,0.4391330452046558,21.267940374547884,0.005894144573717337,0.005670021934007248,0.006132390806790006,0.5868310737637068,0.5727482995114791,0.6011405416596065,11.736621475274136,0.003207446402685588,0.003110622186617838,0.003313281071183337,0.7067237896638441,0.6927050221328127,0.7201272126833062,7.06723789663844,0.001911001754787518,0.00186255245288777,0.001962093728542,0.8151112446112548,0.8032613156366155,0.8261206363770557,4.0755562230562745,0.0010904652005569438,0.001067308645978371,0.0011137166453680217,0.8717568731248324,0.8619489768321046,0.8806556258162245,2.905856243749441,0.0007727324746004094,0.0007586282313746933,0.0007867969812952202,0.9082072876814248,0.9001942731977395,0.9156041198049311,2.270518219203562,0.00060141333994545,0.0005915800415800416,0.0006114175837799691,0.9336059129383174,0.927136653466327,0.9393565475284622,1.8672118258766348,0.0004931793212890625,0.0004858833312988281,0.0005005273818969727,0.5309096172358709,0.5181143044963121,0.543787613903271,0.7892299747908929,0.7791020665743515,0.7987273598962391
hugo_alpha0p0025,HUGO,0.0025,laplacian_residual_cover,1000,0.0002620811462402344,0.013798149543260701,0.01288985491941899,0.014809972114073196,0.8422912315212812,0.20418976107052345,0.1975923956995575,0.21108651261676928,40.83795221410469,0.011215102974828375,0.010777173913043477,0.011710163996948894,0.2817286377398742,0.27389680864160004,0.2899596911509033,28.172863773987416,0.007698206791301029,0.0074329740557039295,0.007995087752766118,0.3754659035646905,0.3667737996245322,0.3845564947933455,18.773295178234527,0.005091550638947167,0.004936858668701125,0.005266083349227541,0.5214609902319399,0.5118737583424741,0.530895439319513,10.429219804638798,0.002801098649576562,0.0027315804531929506,0.0028766460669871065,0.63760753354253,0.6291393960091023,0.6464046125604093,6.376075335425299,0.0017006942854962996,0.0016657120241092545,0.0017397220950637064,0.7527000161328644,0.7455470043962927,0.7602577879585243,3.763500080664322,0.000997043620896832,0.0009801431459688342,0.0010156611798813632,0.8149130105466295,0.8088814851525717,0.8212378927202033,2.716376701822098,0.0007175590961687626,0.0007067103874470709,0.0007297156135956158,0.8587205338330279,0.8534169106884073,0.8641708069428243,2.146801334582569,0.0005659272540006485,0.0005579924755383472,0.0005747031700013353,0.8902905405411468,0.8858006456343793,0.8947900171214341,1.7805810810822935,0.00046857452392578126,0.0004623634338378906,0.0004754182815551758,0.47441859607536335,0.46617358321659885,0.4830748084912794,0.7329402387259447,0.7265798539292669,0.7395643031007997
hugo_alpha0p0025,HUGO,0.0025,laplacian_residual_stego,1000,0.0002620811462402344,0.01472470427040668,0.013736705425788472,0.015814044966320585,0.846041902387627,0.21055695071035518,0.203796964311484,0.2178117993120162,42.11139014207103,0.011511060259344012,0.011083009153318078,0.012004595728451563,0.2895522524378928,0.28173295203496956,0.2976802980647709,28.955225243789283,0.007883632201449827,0.007617674551697825,0.008179759633727584,0.38576419801833367,0.37707264539095087,0.39473191795619705,19.288209900916684,0.005216860576006104,0.005063117489986648,0.005387187678809842,0.5308378369821242,0.5217811380634026,0.5400733669062284,10.616756739642481,0.0028461890592813,0.0027791123064011595,0.002921049820706493,0.6452852360699415,0.6369014654349081,0.6538668719631613,6.452852360699415,0.0017194247348744944,0.001685466735332265,0.0017574969481956206,0.7592135392341778,0.7523905778518457,0.766608056380403,3.796067696170889,0.0010051307482500142,0.0009884400808712736,0.0010236724904156098,0.8201699479645906,0.8142461214720002,0.8262747697253786,2.7338998265486354,0.0007216535483132638,0.0007110480271607136,0.0007334924913851201,0.8616115543304277,0.8564963406150408,0.8666967183124318,2.154028885826069,0.0005674817372065079,0.0005595755688645597,0.0005761317686776402,0.8937147677400586,0.8894174995962689,0.8978849483526676,1.7874295354801173,0.00047022247314453127,0.00046398830413818364,0.00047689056396484373,0.4830535498823615,0.4750109512843524,0.4913280464045038,0.7387097186633116,0.7324700056693748,0.7451224447962251
hugo_alpha0p0025,HUGO,0.0025,local_entropy_cover,1000,0.0002620811462402344,0.006477465351905364,0.005951379292133408,0.00705954321278136,0.8769166641945604,0.13048545093726127,0.12368163942331611,0.1375649267999458,26.097090187452253,0.007369946605644546,0.006929767353165523,0.007841361556064073,0.20569832871940755,0.19636453546594576,0.2153927897031266,20.569832871940758,0.005804273178176268,0.005491301030141167,0.0061308946966806555,0.31055876789233866,0.29881352636541914,0.32253873569787744,15.527938394616937,0.0043469387755102045,0.004144564180812512,0.004558492275414838,0.49068095211570534,0.47680999592253215,0.5053005944442882,9.813619042314105,0.002706569008926528,0.0026119554436560615,0.002810179674982834,0.6492289161825711,0.6349618784170616,0.6637041594865805,6.492289161825709,0.0017673380636301212,0.0017168307011520563,0.0018212405584802013,0.7994111914894488,0.786521751318695,0.8109908675553056,3.9970559574472437,0.0010727078525243664,0.0010488651318926547,0.001097089397089397,0.8744709816534735,0.8642150069062283,0.8842122950828829,2.9149032721782455,0.0007759495441425175,0.0007615544295105732,0.0007906488816550743,0.918409430135219,0.9104454820625144,0.9261134475182821,2.2960235753380474,0.000608174865055599,0.0005982945984092773,0.0006181607507295581,0.9478387895338303,0.941649039347416,0.9536239354384612,1.8956775790676605,0.000500396728515625,0.000493133544921875,0.0005077823638916016,0.44264301067121126,0.430483827316048,0.455442559680408,0.7666936933615107,0.7565974285100803,0.7761037401829003
hugo_alpha0p0025,HUGO,0.0025,local_entropy_stego,1000,0.0002620811462402344,0.006453029629447956,0.005936024106363374,0.007026026802566256,0.8769910348441233,0.13049960283552325,0.12372069193533726,0.13760927691048505,26.099920567104647,0.007369946605644546,0.006926010678871091,0.00784515636918383,0.20566787996131675,0.19636115754381714,0.21527053166965884,20.566787996131673,0.005804273178176268,0.005489803510110644,0.006130866081648225,0.31056462355942277,0.2988704137152152,0.3224678466093016,15.52823117797114,0.004347129506008011,0.004143615296585923,0.004558101277894335,0.4907214141533417,0.47692203698844726,0.505170373350875,9.81442828306683,0.0027066453040360114,0.002612405584802014,0.002810330357824063,0.6492897021750159,0.6349532553941741,0.6638057301619059,6.492897021750159,0.00176752880140383,0.0017171730754558634,0.0018210927367055773,0.8000022495982722,0.7872191599239413,0.8116233200836983,4.000011247991361,0.0010733372751721376,0.0010494759579621963,0.0010977517213755746,0.874457708682432,0.8642698367231604,0.8842054769930506,2.9148590289414407,0.0007759241127627378,0.0007615035667510141,0.0007906501532240632,0.9186406707325306,0.9106603637510573,0.9262712127286802,2.2966016768313264,0.0006082988422437965,0.0005983606401037593,0.0006182849663354251,0.9477487902619769,0.9414929096814206,0.9535772990685597,1.8954975805239538,0.0005003585815429687,0.0004930561065673828,0.000507744026184082,0.4426739870558501,0.43061615491803673,0.45537289305037204,0.7668587724575163,0.7567059679030502,0.7762699428215317
hugo_alpha0p0025,HUGO,0.0025,local_variance_cover,1000,0.0002620811462402344,0.007678769436862138,0.006875303631609613,0.008549269265719969,0.8765686185534055,0.1321778368609382,0.12453104118078472,0.14012525663917963,26.435567372187638,0.007492753623188406,0.0069885583524027465,0.008021453089244852,0.2017640063526236,0.1914273171471438,0.2121509587235216,20.17640063526236,0.00568714231209462,0.0053525085845097286,0.00603281190385349,0.2980757741658132,0.285699732816493,0.3108477475713411,14.90378870829066,0.004174709135990844,0.003963751668891856,0.004392942971581155,0.47106748100956347,0.45682070414145703,0.4857016666109542,9.421349620191268,0.0026044098573281453,0.0025055256733043413,0.0027083333333333334,0.6307378341958869,0.6159080547632029,0.6456014294808146,6.307378341958869,0.0017195391775387198,0.0016687228198672464,0.001772917143511101,0.795037269045243,0.7825296191943784,0.807294775389178,3.975186345226214,0.001067462663792939,0.0010437730073051175,0.001092278605352,0.8756632954444089,0.8656703666964818,0.8848997265831949,2.9188776514813637,0.0007773101229607212,0.000762482356980278,0.0007919973805678827,0.923017209334445,0.915359494513562,0.9300944539080522,2.307543023336112,0.0006111503175723359,0.0006012595605485513,0.0006211543229891854,0.9524272721807487,0.9468881675380159,0.9574974095528084,1.9048545443614975,0.0005025787353515625,0.0004952764511108399,0.000509956932067871,0.4274677981054535,0.4151379342353678,0.4403466805918813,0.7625536250235737,0.7526242212844011,0.7721661042121333
hugo_alpha0p0025,HUGO,0.0025,local_variance_stego,1000,0.0002620811462402344,0.007676901527549206,0.006873633214186269,0.008548254944134102,0.8767383906856898,0.13216237269741396,0.12453798298998288,0.14011332068434149,26.432474539482786,0.007491990846681921,0.006987013729977116,0.008019984744469869,0.2017118550049339,0.19132051768925892,0.2121260320322368,20.17118550049339,0.005685616177031667,0.005352518122853872,0.0060297787104158715,0.2980711858335595,0.2856570613813884,0.31074992495176385,14.903559291677979,0.004174518405493037,0.003963932862864772,0.0043924089261872966,0.4713373740852401,0.45719004204758484,0.4860395804790319,9.426747481704803,0.002605630579079881,0.0025070534828717478,0.0027098630502784774,0.6309578786908393,0.6160764312478579,0.6457257239813473,6.309578786908393,0.0017200732433051043,0.0016695935378042265,0.0017732976653696496,0.7955597775864585,0.7831012927827843,0.807742718930191,3.9777988879322925,0.0010680730130271415,0.001044361898949055,0.0010927592553739345,0.8759312784499277,0.8659042337136063,0.8851264049841934,2.919770928166426,0.0007774881426191778,0.0007625459354297267,0.0007921493330620653,0.9232801788479119,0.9156410691244999,0.9304040145980162,2.308200447119779,0.0006112838314673176,0.0006013451524919415,0.0006212501668923687,0.95271709586764,0.947104641929892,0.9578167296787152,1.90543419173528,0.0005027084350585938,0.0004953916549682618,0.0005100786209106445,0.42762516423375846,0.415252448254055,0.44045287500200664,0.7628467772794593,0.7529235733971998,0.7724787994298513
hugo_alpha0p0025,HUGO,0.0025,oracle,1000,0.0002620811462402344,0.03779465896805449,0.035919285422904575,0.03985259483080057,0.9766229695646048,0.4289759170160053,0.4185855519414609,0.43970277485516573,85.79518340320105,0.023621662852784133,0.022864912280701755,0.024482913806254766,0.5766936051582984,0.565252801970373,0.5881783250197941,57.669360515829844,0.015740557039297977,0.015288038916444105,0.016219496375429226,0.7221312967961666,0.7110493653795983,0.7330048436184603,36.10656483980833,0.009749189395384324,0.009522596795727638,0.009992370780087736,0.8769503450669283,0.8691644292077729,0.8847651822952077,17.539006901338563,0.004669336995498589,0.004590215152208743,0.004753492408636606,0.9483963642894202,0.9436368695909348,0.9529696975239209,9.483963642894201,0.002504272526131075,0.0024697451743343254,0.0025414301518272677,0.9846924960750557,0.9826014205488164,0.9866021956218539,4.923462480375278,0.0012935589082378074,0.001277724637128307,0.0013102114287894104,0.9942749945078413,0.9932508301028201,0.9952070421178492,3.3142499816928046,0.0008694480119018857,0.0008592741884210928,0.0008802201085919917,0.9976449372766241,0.9970768599310572,0.9981543428341791,2.4941123431915604,0.0006539224475004293,0.0006464456693814493,0.0006620193499780655,0.9989885496942625,0.9985954711064561,0.9993286749107083,1.997977099388525,0.0005237274169921875,0.0005178445816040039,0.0005301513671875,0.7970063046960322,0.7895023314763602,0.8043216286190321,0.9494622379094789,0.9469020971776606,0.9519043561170989
hugo_alpha0p0025,HUGO,0.0025,srm_residual_cover,1000,0.0002620811462402344,0.014964829408137096,0.013906241310340515,0.01614522517504667,0.9190110791324498,0.22686400389559497,0.2183158032891737,0.2360300864530907,45.372800779119,0.012798627002288331,0.01220366132723112,0.013442467581998473,0.33294335174109785,0.32225299741215596,0.3443127105887558,33.29433517410979,0.009317817626859976,0.008941234261732163,0.009729988553987027,0.4638787551338595,0.4515912771852501,0.47694240709604574,23.193937756692968,0.006414648102231547,0.006195107762731261,0.006655173564753004,0.6464784346193466,0.6342918386046252,0.6599070966874906,12.929568692386935,0.0035186541542687115,0.003426630807965209,0.0036203631647211414,0.7761800531138305,0.7655902514713753,0.7868775562115291,7.761800531138306,0.0020862897688258184,0.0020428339818417637,0.0021340152208743418,0.8788476594138568,0.8711556279088093,0.8864380976847259,4.394238297069284,0.0011688378569112516,0.0011494726201148218,0.0011906611798813635,0.9273914676017504,0.9219743229281282,0.9328270136088247,3.091304892005835,0.000817644291291024,0.00080553863662373,0.0008308342764136668,0.9529593843871862,0.9489248389829346,0.9568227322094883,2.3823984609679654,0.00062823055942322,0.0006197138034293999,0.0006376544946499076,0.9707268686394966,0.9679600741577555,0.9733498638293383,1.9414537372789933,0.000510833740234375,0.0005044601440429687,0.0005178161621093749,0.5817260897283303,0.570966180101789,0.593452639662941,0.8428756124015574,0.8362218660047013,0.8496022323514408
hugo_alpha0p0025,HUGO,0.0025,srm_residual_stego,1000,0.0002620811462402344,0.015804151460422144,0.014737956896713006,0.017025595468756653,0.9211281262007612,0.23450969464123525,0.22581985094868554,0.243802820572345,46.90193892824705,0.01317162471395881,0.012578184591914569,0.013840636918382913,0.34039034314608624,0.3295581066704639,0.3518676101952999,34.03903431460863,0.009496756962991224,0.009118561617703167,0.009907764212132773,0.47028670059178873,0.45785544588620414,0.48324462194708495,23.51433502958944,0.0064913217623498,0.00627425138279611,0.006730264161739461,0.6544905513383885,0.6423304066258495,0.667141606259787,13.08981102676777,0.003556725413900969,0.0034665960936903946,0.003658131151293202,0.7821312632540574,0.7716930626540061,0.7930123537799366,7.821312632540572,0.0021008239871824217,0.002057895590142672,0.0021487525749599454,0.8829433548402899,0.8754619011821577,0.8903607439773409,4.41471677420145,0.0011736443571305957,0.0011544870205420664,0.0011954452688397643,0.9292554312705017,0.9239651532415732,0.9344476016963129,3.097518104235006,0.0008190048701092279,0.000806809569828211,0.0008321595691924265,0.9549902286671842,0.9511983845124321,0.9586085652110201,2.3874755716679603,0.0006293082072898588,0.0006208288828701673,0.0006385502298346335,0.9717084761273911,0.9688895230069434,0.9743685701477776,1.9434169522547822,0.0005112457275390625,0.0005048564910888672,0.0005182289123535156,0.5886411369352457,0.577869035693389,0.5999932797276963,0.8465500042807892,0.8401444966842427,0.8531312958374431
hugo_alpha0p0025,HUGO,0.0025,texture_energy_cover,1000,0.0002620811462402344,0.016644745017628134,0.015581372054976488,0.017831389929572814,0.9309159368434369,0.23648423966910384,0.2288135354107336,0.24478901612668727,47.296847933820764,0.013169336384439357,0.01262774599542334,0.01377728832951945,0.3409370538331531,0.3314859039780533,0.3512715848256041,34.09370538331531,0.00944219763449065,0.00910330980541778,0.0098233975581839,0.469571818038003,0.4586244439204237,0.481437233216903,23.47859090190015,0.006456418081251192,0.006251182529086401,0.00668207133320618,0.6611708035230475,0.6499014268452343,0.6728511670945058,13.223416070460946,0.003585564965285725,0.0034942320897230488,0.003681546120393683,0.8003841128845441,0.7909622759862863,0.8098874327971328,8.00384112884544,0.0021443121995880065,0.00210230506599527,0.002191309987029832,0.9053877558139649,0.8993460901096013,0.9116994620588829,4.526938779069824,0.0012002517690591085,0.0011816351637452555,0.0012205659081805872,0.9481904109125123,0.9439759580323076,0.9523488940455839,3.1606347030417083,0.0008339076586600207,0.0008225121752730693,0.0008461411060107066,0.9700430850649319,0.9672413952875678,0.9728497480738303,2.4251077126623297,0.0006380915142383032,0.0006298992446928226,0.0006468085410745961,0.982912316633557,0.9810829251838796,0.9846939909790982,1.965824633267114,0.0005163726806640625,0.0005101469039916993,0.0005230875015258789,0.5958732042588972,0.5863678680549003,0.606090112350679,0.8622285341618714,0.8569012157770958,0.867715267098366
hugo_alpha0p0025,HUGO,0.0025,texture_energy_stego,1000,0.0002620811462402344,0.01747874830042954,0.01637092075510286,0.018703917126927306,0.9325575979040497,0.2438659413803899,0.23605269974070642,0.25230629818090416,48.773188276077974,0.01351487414187643,0.012969488939740656,0.014122826086956522,0.3475975541343935,0.33809110322237385,0.35795328198254117,34.75975541343936,0.009600152613506295,0.009259376192293016,0.009982497138496756,0.4785651965798691,0.4674797733978752,0.49030887542503726,23.928259828993454,0.006562082777036048,0.006359317184817852,0.00678453652489033,0.6688553872743835,0.65765957785889,0.6800247080071622,13.37710774548767,0.00362050812542916,0.003531620508125429,0.0037156500343327992,0.8065607857925527,0.7973257129397011,0.8162417261028525,8.065607857925528,0.002158770122835126,0.0021173018234531163,0.002205272945754177,0.9080881522767458,0.9021843367325281,0.9140723584343148,4.540440761383729,0.0012030746342672949,0.0011843431116366897,0.0012231222224341489,0.9504447083722893,0.9462901735598048,0.9542826002602689,3.1681490279076314,0.0008353953943771218,0.0008240145340335439,0.000847717533664789,0.9716772432227132,0.96898654220495,0.9742571342125008,2.4291931080567832,0.0006389307444353316,0.000630862690495718,0.0006477521982109137,0.983181450783836,0.9813808054450427,0.9849078966226672,1.966362901567672,0.000516448974609375,0.0005101696014404297,0.0005231563568115235,0.6031585043029645,0.593798551755969,0.6130016740646896,0.8656479452925814,0.860491397254576,0.8709523276926282
hugo_alpha0p0025,HUGO,0.0025,uniform,1000,0.0002620811462402344,0.0002620811462402344,0.00025914745330810545,0.00026529016494750976,0.5,0.005,0.005,0.005,1.0,0.000262025171624714,0.00025909210526315794,0.0002652335049580473,0.01,0.01,0.01,1.0,0.0002621251430751622,0.00025919095764975194,0.0002653347004959939,0.02,0.02,0.02,1.0,0.0002620751478161358,0.0002591415220293725,0.000265284093076483,0.05000000000000001,0.05000000000000001,0.05000000000000001,1.0,0.0002620851453421836,0.00025915140764476994,0.0002652942130159457,0.10000000000000002,0.10000000000000002,0.10000000000000002,1.0,0.0002620851453421836,0.00025915140764476994,0.0002652942130159457,0.20000000000000004,0.20000000000000004,0.20000000000000004,1.0,0.0002620801464838162,0.00025914646474279506,0.0002652891529497034,0.2999999999999999,0.2999999999999999,0.2999999999999999,1.0,0.0002620818127487507,0.00025914811235583585,0.00026529083961700337,0.4000000000000001,0.4000000000000001,0.4000000000000001,1.0,0.0002620801464838162,0.00025914646474279506,0.0002652891529497034,0.5,0.5,0.5,1.0,0.0002620811462402344,0.00025914745330810545,0.00026529016494750976,0.05000000000000002,0.05000000000000002,0.05000000000000002,0.25,0.25,0.25
hugo_alpha0p0025,HUGO,0.0025,wavelet_energy_cover,1000,0.0002620811462402344,0.001260143945170908,0.001110924918062261,0.0014803967993555483,0.6842281651914082,0.030115723108246235,0.02769246029489209,0.03279045374686273,6.023144621649247,0.001745995423340961,0.0015804729214340199,0.0019359458428680396,0.05337169821930557,0.049797117657208914,0.05730048709941411,5.337169821930556,0.001539870278519649,0.001413573063716139,0.0016776039679511636,0.09157498565753082,0.08638646567451133,0.09705668753251423,4.578749282876541,0.0013086019454510778,0.001220288956704177,0.0014051258821285522,0.18086644839932628,0.1730109806618857,0.18933793801178259,3.6173289679865257,0.0010177004654001677,0.00096284046692607,0.0010772907606622418,0.291371881466864,0.281367302285563,0.30225559335593805,2.9137188146686395,0.0008074311436636911,0.0007730172808422981,0.0008448405432211794,0.45246240966780704,0.44126597839763226,0.4650557560469021,2.2623120483390347,0.0006170821491922409,0.0005973774056342864,0.0006404661542276222,0.5701632990397397,0.5589032608503037,0.5820317899851574,1.9005443301324663,0.0005132561067100696,0.000499611535673868,0.0005292022176163168,0.6655870162244136,0.6553074628098909,0.6763164402944458,1.6639675405610341,0.0004459840927730836,0.0004360082206412482,0.0004575065803276812,0.7461302316342047,0.7373044804284854,0.755581526183532,1.4922604632684093,0.0003975830078125,0.0003899379730224609,0.0004064182281494141,0.1690132103798129,0.16219372159477372,0.17658034452010385,0.47519539837246144,0.4657048040309957,0.4854680166188162
hugo_alpha0p0025,HUGO,0.0025,wavelet_energy_stego,1000,0.0002620811462402344,0.0012629305445877917,0.0011119972992986293,0.0014862379257524418,0.6842354118303374,0.03003354037776707,0.02761143582083501,0.0326874453253164,6.006708075553413,0.001739893211289092,0.0015751334858886345,0.0019290617848970253,0.05333173834653913,0.04972415909472972,0.05728125045945802,5.333173834653912,0.0015391072109881723,0.0014139355207935902,0.00167836703548264,0.09171742064229815,0.08654132212906984,0.09713709724688938,4.585871032114908,0.0013105092504291439,0.0012218004958992944,0.0014070284188441732,0.18098118540788524,0.17314772320746336,0.18936612230909847,3.6196237081577047,0.0010182345311665522,0.0009634508278019378,0.0010775329976348517,0.2913827860296153,0.28139952324135764,0.30225303745739496,2.913827860296153,0.0008075074387731746,0.0007734378576333258,0.0008450541695277331,0.4524144180914081,0.44122210999206085,0.46507835485168564,2.2620720904570404,0.0006170821491922409,0.0005974160292967633,0.0006403335940033188,0.5702174138795418,0.5589442304980736,0.5821488412347834,1.9007247129318061,0.000513332400849408,0.000499675432015564,0.0005290871406228145,0.6654631423202322,0.6551498972008554,0.676075181385755,1.6636578558005808,0.00044591733582559275,0.0004359793721032253,0.0004574665261591867,0.7461404962215459,0.737328814451743,0.7555322399750324,1.4922809924430918,0.00039754486083984374,0.0003899002075195312,0.00040632801055908205,0.16908321219389638,0.16224766152805997,0.17664358783101375,0.4751879655221318,0.46575323239326866,0.4854242582172366
hugo_alpha0p005,HUGO,0.005,gradient_magnitude_cover,1000,0.0005604400634765625,0.01919725484345734,0.017820506565350086,0.02074331792759834,0.8753101064497908,0.1841233479774239,0.1768081258379937,0.19167894219205653,36.824669595484785,0.022179252479023647,0.02106786803966438,0.023314626239511825,0.27471051726756046,0.26494370725323396,0.28494950750940434,27.47105172675604,0.016463563525371996,0.015738496756962993,0.017228243037008772,0.38648894018424396,0.3744719854483902,0.3990135532172195,19.3244470092122,0.011481594506961663,0.011048407400343315,0.011946805264161737,0.5545114281472845,0.5413070805632755,0.5680530721754916,11.09022856294569,0.006503395132372015,0.0062951647974364856,0.0067200083924620424,0.6840580352656667,0.6708758443596934,0.6973009706202676,6.840580352656667,0.003966620889600976,0.0038638475623712517,0.004070718890669108,0.8020987795370559,0.7904081926035904,0.8131358494885993,4.010493897685279,0.0022994525930305747,0.002251345629327281,0.0023477340784680235,0.8636132490809861,0.8538903924953412,0.8727151955507844,2.8787108302699544,0.0016397263583535727,0.001610454522335109,0.0016688481492313366,0.9023471777526445,0.8943523066168119,0.9096055315543482,2.255867944381611,0.0012795018024375825,0.0012592172271071354,0.0012994249365809,0.92942087334403,0.9229111074978271,0.9351407126957821,1.85884174668806,0.0010510711669921874,0.0010360488891601562,0.0010663396835327147,0.49992632430611744,0.487998952774001,0.5120501738930775,0.7749449969963305,0.7651408455638249,0.7845728920546808
hugo_alpha0p005,HUGO,0.005,gradient_magnitude_stego,1000,0.0005604400634765625,0.019188059862206387,0.017815271188882795,0.020745855040432637,0.8753056447652341,0.1840749929199161,0.17676108212253613,0.19166178209312013,36.814998583983225,0.022173150266971774,0.021069298245614036,0.023312890922959573,0.2746739719524371,0.2649601476709826,0.2849627303211472,27.46739719524371,0.016462800457840515,0.015739755818389926,0.01722892025944296,0.3864131735070441,0.37443383055016993,0.3989290370824517,19.320658675352206,0.011479687201983599,0.011046328437917223,0.0119449218004959,0.5544928022786262,0.5413218976269282,0.568070230273994,11.08985604557252,0.006503089951934081,0.006295244907301443,0.00671902800030518,0.6841320556010376,0.6710309414166085,0.6973916105625233,6.841320556010376,0.00396692607003891,0.0038640802624551767,0.004071468490119782,0.8021313915162159,0.7904456577613739,0.8131906884217524,4.010656957581079,0.002299547960098419,0.0022514061874153624,0.0023478809437525038,0.8635871376577321,0.8538042204179742,0.872666114711842,2.8786237921924402,0.001639700926973793,0.0016103887186399298,0.0016688602291367318,0.9023624168518607,0.894328986988196,0.9096162870185855,2.2559060421296513,0.0012795113391443666,0.001259253466592916,0.001299425413416239,0.9293858492523213,0.9228641545161708,0.9350937205219249,1.8587716985046425,0.0010510330200195312,0.0010359798431396486,0.001066307830810547,0.4999170670555473,0.4880094652982798,0.5120419837842117,0.7749513931016071,0.7651287207587538,0.7845846412505172
hugo_alpha0p005,HUGO,0.005,laplacian_residual_cover,1000,0.0005604400634765625,0.016920105344680744,0.0159574105409071,0.017990571442323088,0.8320659557353929,0.17233738589359707,0.1671178338683794,0.17795522291166962,34.46747717871941,0.02026239511823036,0.019514855072463765,0.02113045385202136,0.24626504815080114,0.2397207871001886,0.2532284737205304,24.626504815080114,0.014411293399465853,0.01391446012972148,0.01495891835177413,0.3396732254000937,0.33210884717600064,0.3479356940231116,16.98366127000469,0.009874690062941066,0.009570446309364867,0.010206751859622354,0.4893761748751294,0.48069987938935205,0.4987057277866249,9.787523497502587,0.005633478294041351,0.005492618448157473,0.00578776798657206,0.6101655518478938,0.6019370740858854,0.6192415757799951,6.101655518478938,0.003486610208285649,0.003414434081025406,0.0035666075379568165,0.7335442817755728,0.7266422969230463,0.740906998028534,3.6677214088778642,0.0020805470255011544,0.002046644986553244,0.0021187730073051175,0.8023558284536125,0.7962565389514692,0.8086074838763848,2.674519428178708,0.0015116030670244015,0.001489718093155144,0.0015359316785982225,0.8482983328213977,0.8431852948505326,0.8533645146601603,2.120745832053494,0.0011960746914875355,0.0011806726716130386,0.0012136992408781399,0.883378609411019,0.8791097727800978,0.8874851199544963,1.766757218822038,0.0009945755004882812,0.0009825361251831054,0.00100836181640625,0.4433132508980339,0.435849366425534,0.4515814928647056,0.7148567549156146,0.7088633736695701,0.7213042666067133
hugo_alpha0p005,HUGO,0.005,laplacian_residual_stego,1000,0.0005604400634765625,0.018093375996066422,0.01703743192993524,0.019255347373417744,0.8371878622121048,0.17912585486761196,0.17358850634481177,0.18495082958021047,35.82517097352239,0.020950419527078566,0.020199027459954232,0.021823093058733794,0.2544938406504259,0.24787540952999285,0.26171294792364785,25.44938406504259,0.014834414345669589,0.01435747806180847,0.015396089278901182,0.3498173098926639,0.3419543619594615,0.358114507048119,17.490865494633194,0.01013465573145146,0.009841555407209613,0.010463675376692735,0.49823989603026936,0.4898612420413159,0.5069645383978382,9.964797920605386,0.005723506523231861,0.005587319752803845,0.0058712291142137794,0.6197929540534657,0.6119259472998668,0.6281299891007691,6.197929540534656,0.0035361257343404285,0.003466123064011597,0.0036134517814908063,0.7412401818799075,0.7346667071023115,0.7481105133228905,3.706200909399537,0.002101031871674074,0.0020671250643727705,0.002138669438669439,0.8089713260845148,0.8034220445276259,0.8147735494754798,2.6965710869483828,0.001523403227242094,0.0015018835115649198,0.00154724800681561,0.8549010304688464,0.8500843300090664,0.859762212077326,2.137252576172116,0.0012047244845409984,0.0011893196036544661,0.0012215415132846327,0.8892014678794654,0.8854135518689363,0.8930478517285936,1.7784029357589308,0.0010009002685546875,0.0009891468048095703,0.0010145345687866212,0.4522509896961695,0.44484907771398097,0.4600748305612149,0.7223721478191808,0.7167331984536919,0.7283262436010652
hugo_alpha0p005,HUGO,0.005,local_entropy_cover,1000,0.0005604400634765625,0.010038339217075901,0.009327803636085038,0.010843440298319185,0.8694108724649359,0.11385618400565653,0.10845260652618065,0.11955172613132155,22.771236801131305,0.013727688787185353,0.012965675057208238,0.014546205186880242,0.18438267268546932,0.17638569315232427,0.19274371531885853,18.438267268546934,0.011118275467378862,0.010540223197252957,0.011740957649752002,0.2837920132095022,0.27361892977081964,0.2949556760665763,14.18960066047511,0.008503909975205035,0.008121495327102803,0.008917289719626168,0.46398544598790514,0.4510445387729683,0.47759342704255714,9.279708919758102,0.005485465781643397,0.005291826886396582,0.005695534828717479,0.6272908230198933,0.6133829526337317,0.6415379833432558,6.272908230198933,0.003661821927214466,0.00355824368657969,0.0037730268177309833,0.7838322778504784,0.7712086170783138,0.7960370705771543,3.9191613892523915,0.002255259493791604,0.0022051526826756184,0.0023063705201319877,0.8640696975827613,0.8535328727978773,0.8739860873824352,2.8802323252758706,0.0016433630456620424,0.0016136585582950803,0.0016737188942436074,0.9118825820791722,0.9038257029135034,0.919649759209602,2.27970645519793,0.001293387247515688,0.0012735220488660857,0.001313941950065803,0.9434523759478654,0.937289578449165,0.9491541989273251,1.8869047518957307,0.0010662841796875,0.0010519235610961914,0.0010812866210937499,0.41869679644372887,0.40735714103893145,0.4306793787146353,0.752770590688004,0.7428287277123379,0.7622294183197518
hugo_alpha0p005,HUGO,0.005,local_entropy_stego,1000,0.0005604400634765625,0.01004620449811294,0.009334927232118586,0.010851827631677146,0.8695289063437031,0.1139135804746919,0.10853185950860661,0.11966387899798649,22.782716094938376,0.013733790999237223,0.01296943173150267,0.014555377574370707,0.18447237158320495,0.17648618205175465,0.1927993091549507,18.447237158320494,0.011124761541396414,0.010550457840518885,0.01174296070202213,0.28372828176140785,0.27350303847426305,0.2948822442868325,14.186414088070393,0.008502765592218197,0.008120732405111578,0.008916846271218769,0.4640534513990674,0.45106616528559945,0.47754125418351767,9.281069027981347,0.005486076142519265,0.005293253604943924,0.0056964274814984344,0.6273402540346749,0.6134503809746008,0.6415949828896207,6.273402540346749,0.0036622034027618835,0.003558513580529488,0.003772636758983749,0.7841022641543409,0.7715072179128605,0.796222715719876,3.9205113207717046,0.002255869843025806,0.0022058197753151883,0.0023066928608213018,0.8642738712399428,0.8538165915140669,0.8741534049583571,2.8809129041331425,0.001643693653599176,0.0016140018819221036,0.001674190646338517,0.9121145395566626,0.9040304608493969,0.9198927929390489,2.2802863488916563,0.0012936828854260044,0.001274080899883652,0.0013142635755021078,0.9436366307868982,0.9375416532419557,0.94935126579188,1.8872732615737964,0.0010664520263671876,0.0010520767211914062,0.0010814437866210939,0.4187332073130522,0.4073264020874659,0.4306986912910213,0.752942464934957,0.7430259319860244,0.7624003553783922
hugo_alpha0p005,HUGO,0.005,local_variance_cover,1000,0.0005604400634765625,0.010876008854520074,0.009913805074825434,0.011972905577769123,0.867124783221675,0.11224871889476007,0.10613961763380121,0.11842742686372502,22.44974377895202,0.013556064073226544,0.012702440884820747,0.014474504195270785,0.17579406943169767,0.16734730339552512,0.18448538974133352,17.579406943169765,0.01058794353300267,0.00999426745516978,0.01123010301411675,0.26749100475137993,0.2566921803206118,0.27861890754002044,13.374550237568995,0.00801182529086401,0.0076290196452412735,0.008424394430669465,0.43852076548324076,0.42551095911142334,0.45248792143339606,8.770415309664815,0.005194628824292363,0.004996557183184558,0.005401647974364844,0.6024299585171383,0.588187835606606,0.6167130601341974,6.024299585171383,0.003522049286640726,0.0034169832913710234,0.0036333361943999385,0.7757618996235254,0.7632192537877414,0.7880745975000072,3.8788094981176267,0.0022338591237673813,0.0021824166968662387,0.00228551135821778,0.8628594633411337,0.8528444775288909,0.8722790650086633,2.876198211137113,0.001641519270628028,0.0016114040664776267,0.0016720629935277139,0.914536072924024,0.9066278696088984,0.9219364618845953,2.2863401823100595,0.0012969349024394897,0.0012772783192507963,0.0013177635468919872,0.946780392428803,0.9412186033636535,0.9521817128443785,1.893560784857606,0.0010696334838867188,0.0010554111480712892,0.0010845035552978514,0.3983109879249722,0.38701449663873483,0.4104627743638564,0.7452147198573252,0.7356355547088049,0.7548761042398289
hugo_alpha0p005,HUGO,0.005,local_variance_stego,1000,0.0005604400634765625,0.010875182485128686,0.00991410812968288,0.011971106916114659,0.867292133974775,0.11228094971596911,0.10623457973422414,0.11843276138465933,22.456189943193827,0.013559115179252478,0.012705491990846682,0.01447829900839054,0.17581398821700525,0.16741501085572794,0.18449717667099255,17.581398821700525,0.010588706600534147,0.009995011446012971,0.011232373140022891,0.26758082530400534,0.2567836482628573,0.2787695807787337,13.379041265200263,0.008013923326339881,0.007631689872210567,0.008425929811176808,0.4387722028249756,0.4257521101016136,0.4528406514531693,8.77544405649951,0.005197070267795835,0.004999763485160601,0.005404901960784314,0.6027176713662595,0.5885794802089777,0.617029232013461,6.0271767136625956,0.00352323186083772,0.0034177510109102013,0.003635195887693599,0.77612680493469,0.7635111158974003,0.7883543035780133,3.880634024673449,0.0022347555742051155,0.0021837418222739324,0.0022863682313223597,0.8630405349901602,0.8530501832693014,0.8725176582773617,2.8768017833005337,0.0016417990158056025,0.0016118255915974719,0.001672104637412103,0.9148792992994504,0.9070512300683513,0.9222250221626935,2.287198248248626,0.0012973640542447882,0.0012777367964294571,0.0013181478761753991,0.9469987815354802,0.9414976492945296,0.9524046991506901,1.8939975630709605,0.0010698394775390625,0.001055671501159668,0.0010847946166992189,0.39850456063443007,0.3871561694034307,0.41062698402228087,0.74548188526192,0.7358726999027964,0.7550949325291701
hugo_alpha0p005,HUGO,0.005,oracle,1000,0.0005604400634765625,0.04724159791863447,0.04508804755967741,0.04972396375049783,0.9700057221398265,0.35118781263552423,0.34263065017952127,0.3602336395001659,70.23756252710483,0.04144851258581236,0.04013567887109078,0.04297488558352403,0.49628419368358256,0.48631910495073416,0.5069232755474554,49.62841936835825,0.02909347577260588,0.02825252766119802,0.030023655093475776,0.6528097859558323,0.6421635218617746,0.663920837019848,32.64048929779161,0.018937821857715052,0.018478919511729926,0.01942955369063513,0.8342008926156367,0.8257914821291379,0.8427974142751145,16.68401785231273,0.00953833829251545,0.00936819638361181,0.009718348973830778,0.9265059054924236,0.9210689697336868,0.9318069919086959,9.265059054924237,0.0052459372854200045,0.0051741369115739675,0.005322046425574121,0.9776111885724162,0.9751247433388079,0.9799106891818855,4.888055942862082,0.002749184611569933,0.002718838333746591,0.0027830032043334794,0.9912894604016209,0.9900637895290127,0.9924501954075682,3.3042982013387365,0.0018545706547308724,0.0018355091998016352,0.00187597116081533,0.9961933053336727,0.9954792926234382,0.996872967314751,2.490483263334182,0.001396717465524805,0.0013827926815312137,0.001412320709912453,0.9983826753532642,0.9979561325217088,0.9987509208641492,1.9967653507065284,0.001119415283203125,0.0011084276199340819,0.0011317216873168944,0.7506494957685719,0.7429341453764255,0.7585505765520772,0.935637548099825,0.9328083672564559,0.9384456377022715
hugo_alpha0p005,HUGO,0.005,srm_residual_cover,1000,0.0005604400634765625,0.02010037012256354,0.01884586483860045,0.021515213613554563,0.9088435698385019,0.1904652458384864,0.18351710131872517,0.19777653154676889,38.09304916769728,0.022987795575896263,0.021935144927536232,0.02414666285278413,0.28817192528184227,0.27892206120399915,0.29810745505725017,28.817192528184226,0.017279282716520412,0.01657676459366654,0.01805089660434948,0.4144182208718902,0.4032755398840917,0.42650713602178575,20.72091104359451,0.012294106427617777,0.011863799351516309,0.012760738127026511,0.6036933042607063,0.5914472850492369,0.6164927202163857,12.073866085214126,0.0070540169375143055,0.006859992751964599,0.007268482490272374,0.7443342858744404,0.7335421721714329,0.7557178691691189,7.443342858744404,0.004292133974212253,0.004201338025482566,0.004392555504692149,0.8612731987099959,0.8535142596703896,0.8691677178432288,4.306365993549979,0.0024544050048637203,0.002414994087241794,0.0024977212039138646,0.9157722584150993,0.9100970402519709,0.9213681196893779,3.052574194716998,0.00172913037396844,0.0017052185191307554,0.0017554391363503426,0.9456256330891177,0.9414285798840514,0.9495974033933525,2.3640640827227943,0.0013344332335158025,0.0013176388544507813,0.0013528390776097199,0.965926840026679,0.9630187317881277,0.9686320019213059,1.931853680053358,0.0010876998901367188,0.0010754560470581055,0.001101555061340332,0.5415806940353332,0.5311423114912448,0.552689557971267,0.8238764694400212,0.8170705415733467,0.8308193196867362
hugo_alpha0p005,HUGO,0.005,srm_residual_stego,1000,0.0005604400634765625,0.021272891198405454,0.01995421875215552,0.02277815091905577,0.9114758651903871,0.19721143712566203,0.19026315399064497,0.20484382005836949,39.44228742513241,0.02370175438596491,0.022634630053394354,0.024896434019832187,0.2960253415088374,0.2867962564465574,0.3063460523014133,29.602534150883738,0.017686379244563143,0.016972109881724533,0.0184754387638306,0.4228296066537463,0.41178830395034294,0.43482034468814507,21.141480332687316,0.012510585542628266,0.012082767499523174,0.012980559794011063,0.612587422565909,0.600670400691565,0.6252108249917688,12.251748451318178,0.007145113298237583,0.006955439841306172,0.007356221866178379,0.7515552101015014,0.7408318475765193,0.762395600371807,7.515552101015013,0.004329022659647516,0.0042384117265583275,0.004428252079041734,0.8659779497304038,0.8582016143893977,0.873567132591123,4.329889748652018,0.0024664975490663564,0.0024271490968738674,0.002509115661179881,0.9188712867424286,0.9132660707303848,0.9244008420583133,3.062904289141428,0.0017343692382030187,0.001710699617257734,0.001760216103149676,0.948717698155199,0.9445795573331375,0.9526427702339214,2.3717942453879974,0.0013383051364702742,0.001321747982986515,0.0013562770604055008,0.9678265974197081,0.9649771690756829,0.9704955904435447,1.9356531948394162,0.001089569091796875,0.0010772159576416017,0.00110308895111084,0.5495521653519342,0.5388510184315904,0.5605830986206773,0.8285620007481139,0.8218438705426071,0.8352602718375293
hugo_alpha0p005,HUGO,0.005,texture_energy_cover,1000,0.0005604400634765625,0.02135409835321945,0.02015878219510978,0.022669445475008987,0.9209144185306748,0.19672525594071055,0.19064838995973907,0.20331514100426729,39.345051188142115,0.02342944317315027,0.022499485125858126,0.02450284134248665,0.29288728930358277,0.28490011808533594,0.3015949650239937,29.28872893035828,0.017384586035864173,0.016743857306371613,0.01810516024418161,0.41898563190963045,0.40934879367969423,0.42970406154034907,20.94928159548152,0.012345794392523365,0.011950028609574672,0.012778862292580583,0.6167699636548669,0.606006360230585,0.6284618020364188,12.33539927309734,0.007174486915388724,0.006990066376745251,0.007373329137102312,0.7674684619068546,0.7581153194747521,0.7777423309458972,7.674684619068545,0.0044105439841306176,0.004323413061722744,0.004504489967193103,0.8869566092511763,0.8804425362542759,0.8936287366845161,4.434783046255881,0.002519330904652006,0.002481237006237007,0.002560515172900494,0.936868410413746,0.932512489323713,0.9412591387907713,3.122894701379153,0.0017641748153046045,0.0017412484264333764,0.0017885078773698868,0.9638951595208967,0.9610874619621843,0.9667574074963563,2.4097378988022413,0.001356854031165958,0.001340898882297965,0.0013740127124301437,0.9790625165853553,0.9771951655684528,0.9808891695437679,1.9581250331707105,0.0011004562377929688,0.0010884084701538086,0.0011136791229248047,0.5541750368153907,0.545175529874581,0.5643714394366998,0.8430321410494629,0.8376255375887744,0.8487544781966493
hugo_alpha0p005,HUGO,0.005,texture_energy_stego,1000,0.0005604400634765625,0.022359487856566405,0.021097363840376984,0.023759409144287785,0.9230934981955662,0.20340518166583849,0.19726013335207054,0.21011632215524204,40.6810363331677,0.024103737604881773,0.02317313119755911,0.02516422578184592,0.3008760005671072,0.2929007512567995,0.30964829982135583,30.087600056710723,0.017795116367798552,0.0171487504769172,0.018495679130103013,0.427333270464884,0.4175233128946197,0.4379623343039753,21.366663523244203,0.012553881365630364,0.012164900820141142,0.012992823765020027,0.6268250507849088,0.6160252418400931,0.638206411825933,12.536501015698173,0.007274891279468986,0.0070946784161135265,0.00747247272449836,0.7748761574466,0.7655734026310961,0.784758552265194,7.748761574466,0.004447318226901656,0.004361097123674373,0.0045439497978179595,0.8904689933472678,0.8840535888839302,0.8966957628178884,4.452344966736338,0.002527837647103702,0.0024898143203189076,0.002568696713650842,0.9398561927048481,0.9356893095543473,0.9439466203724828,3.1328539756828273,0.0017689940617728215,0.0017460384268148468,0.0017929914296250145,0.9652825334527603,0.9624826705045557,0.9679807132219153,2.4132063336319005,0.0013585801750939366,0.001342638377615442,0.001375558612599897,0.9796689736326745,0.9778692863405055,0.9814337196628883,1.959337947265349,0.001101043701171875,0.001089070510864258,0.0011142351150512694,0.5626516728944152,0.5535195399368011,0.5724856948615311,0.8471063915877858,0.8418303470069204,0.8525968857241926
hugo_alpha0p005,HUGO,0.005,uniform,1000,0.0005604400634765625,0.0005604400634765625,0.000554980754852295,0.0005665441513061523,0.5,0.005,0.005,0.005,1.0,0.0005603203661327232,0.0005548622234935164,0.0005664231502669718,0.01,0.01,0.01,1.0,0.0005605341472720336,0.0005550739221671118,0.0005666392598244945,0.02,0.02,0.02,1.0,0.0005604272363150868,0.0005549680526416174,0.0005665311844363914,0.05000000000000001,0.05000000000000001,0.05000000000000001,1.0,0.0005604486152437629,0.0005549892233157854,0.0005665527962157625,0.10000000000000002,0.10000000000000002,0.10000000000000002,1.0,0.0005604486152437629,0.0005549892233157854,0.0005665527962157625,0.20000000000000004,0.20000000000000004,0.20000000000000004,1.0,0.0005604379255755403,0.0005549786377768029,0.0005665419901199718,0.2999999999999999,0.2999999999999999,0.2999999999999999,1.0,0.0005604414887529723,0.0005549821662449296,0.0005665455921060996,0.4000000000000001,0.4000000000000001,0.4000000000000001,1.0,0.0005604379255755403,0.0005549786377768029,0.0005665419901199718,0.5,0.5,0.5,1.0,0.0005604400634765625,0.000554980754852295,0.0005665441513061523,0.05000000000000002,0.05000000000000002,0.05000000000000002,0.25,0.25,0.25
hugo_alpha0p005,HUGO,0.005,wavelet_energy_cover,1000,0.0005604400634765625,0.002180170360747622,0.00197656088754255,0.0024637684230357447,0.6806998932989919,0.028210811293317317,0.026316076830804593,0.03045609404433888,5.642162258663462,0.0034828375286041187,0.003192982456140351,0.0038231121281464523,0.050092878211097175,0.04705876044044514,0.053519639673636585,5.009287821109718,0.003085082029759634,0.002863763830599007,0.00333998473864937,0.08700854840176095,0.08244195629742226,0.09199800619584982,4.350427420088047,0.0026540148769788286,0.00248251478161358,0.002839028228113675,0.17401410969443917,0.1666021197578436,0.18189383767023345,3.4802821938887836,0.002094987411306935,0.0019846570534828717,0.0022130540932326238,0.28362528475784,0.2742291293559664,0.2940117640688787,2.8362528475784003,0.001682650492103456,0.0016118705653467612,0.0017613279163805598,0.44501405763144314,0.4340888702965886,0.45691409699524377,2.2250702881572155,0.0013000438688512083,0.0012588443418718649,0.0013460308226363273,0.5650722875055656,0.5542267477413724,0.5763776869879345,1.8835742916852187,0.0010890479762979538,0.0010615677809849575,0.0011210536856427146,0.661859425069994,0.651884306758345,0.6721594714361976,1.6546485626749845,0.0009495222109901009,0.0009288125369547388,0.0009723151786225181,0.7430738650621278,0.7343441205514487,0.7521264721613818,1.4861477301242556,0.0008477783203125,0.0008320842742919922,0.0008649980545043944,0.163081181178086,0.15667115052878228,0.17007294642725374,0.4696753052590145,0.4604209469803204,0.47967143122140143
hugo_alpha0p005,HUGO,0.005,wavelet_energy_stego,1000,0.0005604400634765625,0.0021801733159708095,0.001976920415681869,0.0024632885759199035,0.6807354565186737,0.028093421132462795,0.02618178530430309,0.030344616066731524,5.618684226492559,0.00346834477498093,0.003183066361556064,0.0038094012204424096,0.05014088349750102,0.04709971044225567,0.05356654597900157,5.014088349750102,0.0030877527661198013,0.002864145364364746,0.0033418637924456317,0.08697593994545122,0.08233998484445358,0.09198203296588567,4.348796997272561,0.0026526797634941826,0.0024800686629792104,0.002836744230402441,0.17398803744748084,0.1665256918849599,0.18183312714254316,3.4797607489496167,0.0020944533455405506,0.0019845845731288627,0.002212998779278248,0.2838265634210465,0.2744266554488558,0.2942572274385636,2.8382656342104653,0.001683680476081483,0.0016127994583047228,0.0017616378652628363,0.4449415532393271,0.43399461381635407,0.45677340787593457,2.2247077661966355,0.00129985313471552,0.0012584809933433787,0.0013459354555684833,0.5650350713259645,0.5542626474151656,0.5764144731208308,1.883450237753215,0.001088946250778836,0.0010613134671871621,0.0011208502346044785,0.6618799140683379,0.651831248125816,0.6721299508608214,1.654699785170845,0.0009495222109901009,0.0009288559289706079,0.0009723726372808943,0.7430821007711897,0.7343640592982913,0.7520868483030305,1.4861642015423795,0.000847747802734375,0.0008320989608764648,0.0008649923324584961,0.16311228114227994,0.15664826653684585,0.17010869555022468,0.4696846303744055,0.46040567477359035,0.4796733925383377
hugo_alpha0p01,HUGO,0.01,gradient_magnitude_cover,1000,0.0012049636840820313,0.02729266148697782,0.025582508737512735,0.029210270017023844,0.8660306623781604,0.15040502700890226,0.14466289401048882,0.15632275268595797,30.08100540178046,0.03878718535469108,0.03698085430968726,0.04071615179252479,0.23299568419249278,0.22495333467215337,0.241564829061151,23.299568419249272,0.029966806562380773,0.02868249713849676,0.031355389164441055,0.3416229323649919,0.33139870889176126,0.3525433695816959,17.081146618249598,0.021832538622925807,0.020998045012397486,0.02272769883654396,0.5166379818452637,0.5042513411729068,0.5298991336079566,10.332759636905273,0.013052185854886702,0.01263808270389868,0.013490894178683146,0.6563816426605024,0.6436348942907363,0.6692254766976105,6.563816426605023,0.008200541695277334,0.007981467917906462,0.008423418783855954,0.7853547313896426,0.774028364312314,0.7962409977493063,3.926773656948213,0.004848843197467051,0.00474651242632894,0.004951353735528047,0.8521264420678089,0.8425014345525115,0.8609278653408631,2.8404214735593634,0.0034834378139185942,0.003421409089175133,0.0035461407881184595,0.8948114728658358,0.8869136742289602,0.9020918699358481,2.2370286821645897,0.002730874134543859,0.0026883115737473535,0.0027738622708806194,0.9246977506878672,0.9184172867992694,0.930428877182766,1.8493955013757344,0.0022499847412109377,0.0022191465377807617,0.0022814325332641597,0.4640701175411115,0.45322276817097074,0.47553162198272086,0.7573804921077167,0.7479076643871266,0.766735511993272
hugo_alpha0p01,HUGO,0.01,gradient_magnitude_stego,1000,0.0012049636840820313,0.027285810140112447,0.025573744753857767,0.02921038051970872,0.8660360092521969,0.15034023364602167,0.14459147937068328,0.15624986291432025,30.068046729204333,0.03877269260106789,0.03695335621662853,0.04071024027459954,0.2330166035458099,0.22501609955467616,0.2415374550107254,23.301660354580992,0.029967951163677987,0.0286824399084319,0.03134473483403281,0.34158782392151305,0.33141436677681146,0.3524870264011442,17.07939119607565,0.02183024985695213,0.02099331489605188,0.02272600610337593,0.5166524396348835,0.5042678704603667,0.5299452730368782,10.33304879269767,0.013052262149996186,0.012638885709925994,0.013488477531090257,0.656361083575224,0.6436675409800444,0.6692224804652537,6.563610835752239,0.008200312809948884,0.007981270504310673,0.008423450255588615,0.7852881868582865,0.7739818119868539,0.7961833562579124,3.9264409342914313,0.0048484808026092435,0.004746088996547712,0.004950783917297679,0.8521486637569498,0.8425625462862061,0.8610402705572848,2.8404955458564993,0.0034835268237478224,0.003421473939193571,0.0035462593619266813,0.8948688974295712,0.8870556793101126,0.9021823533090516,2.2371722435739274,0.00273102672185241,0.0026884257758110976,0.002774014381353831,0.9247290260691365,0.918478857926669,0.9304597323628763,1.849458052138273,0.002250068664550781,0.0022191823959350587,0.0022816436767578124,0.4640620684802988,0.45322920111781584,0.47550567630334545,0.7573825742694573,0.7479133665271779,0.7667311569586653
hugo_alpha0p01,HUGO,0.01,laplacian_residual_cover,1000,0.0012049636840820313,0.022562634243615497,0.021440682757691638,0.023785062243773355,0.8199217674555329,0.14208939542511412,0.13820227629219048,0.1463194806945086,28.417879085022825,0.035900839054157134,0.03460257437070939,0.03733440122044241,0.21107163232252343,0.20582634845779,0.2168291685661371,21.107163232252343,0.026590995803128577,0.025680217474246474,0.02758380389164441,0.3016839764222146,0.29515781519082634,0.3088000240651329,15.084198821110732,0.018897386992180052,0.018311563036429522,0.019531489605187868,0.4526761592734307,0.4449599468595709,0.4615088352877333,9.053523185468613,0.011235751888303959,0.010949788281071184,0.011551239795529106,0.5801271088107867,0.572320598536558,0.5888094652977044,5.801271088107867,0.00714660105287251,0.006995033188372625,0.007312295910582131,0.7115798607779712,0.70454275247448,0.7189769143805602,3.5578993038898563,0.004350016212401534,0.0042761358217780245,0.0044316556676648414,0.7860114896739179,0.7802929686575298,0.7920974264316976,2.6200382989130593,0.0031894510636674587,0.00314143598285925,0.0032407890721361087,0.8363529532881678,0.8316642552051341,0.841478334966041,2.0908823832204195,0.0025382803410326344,0.0025044205020122454,0.002575066041694482,0.8741314960948477,0.8701803336548938,0.8783943941311825,1.7482629921896955,0.0021181182861328123,0.002091818809509277,0.002146480941772461,0.4093738783919568,0.4025488680798562,0.41708209932392903,0.6940894969169663,0.6883251857792605,0.700458529532099
hugo_alpha0p01,HUGO,0.01,laplacian_residual_stego,1000,0.0012049636840820313,0.024150541598095543,0.022912825550488215,0.025530414548738237,0.8253903600912255,0.14884624875694713,0.14453215706817404,0.15349075413370766,29.769249751389424,0.03738825324180015,0.036075819984744475,0.03885610221205187,0.2200279015211104,0.21445932842056012,0.22595139360828026,22.00279015211104,0.027582220526516602,0.02669847386493705,0.028601011064479206,0.31224072319860047,0.30524912922757774,0.3194756222107532,15.612036159930026,0.01948502765592218,0.01890270360480641,0.020115701888231932,0.46369295542456596,0.4560435210461035,0.4718285746393109,9.27385910849132,0.011480659189745937,0.011197755016403448,0.011787222476539254,0.591106736873631,0.5836480188915649,0.5990091312353034,5.91106736873631,0.007270428015564202,0.007123100251773862,0.007430584802014191,0.7210290832307062,0.714472594323058,0.7278206940372436,3.605145416153531,0.004402830494573614,0.004330480268553664,0.0044820714680806435,0.793558991333857,0.78815695323793,0.7994173195844662,2.6451966377795233,0.0032181885228183054,0.0031716958279821472,0.0032683274417303508,0.8429638109522569,0.8384076072322835,0.8478649928462497,2.107409527380642,0.0025571344103454195,0.002524116424116424,0.0025931984207213567,0.8797116356583115,0.8759490320747586,0.8835461044839792,1.759423271316623,0.0021308364868164063,0.002105770683288574,0.0021580337524414062,0.4196464160798849,0.41283355522317,0.42687116773911676,0.7025214975725352,0.6969775633882316,0.708531915725213
hugo_alpha0p01,HUGO,0.01,local_entropy_cover,1000,0.0012049636840820313,0.01629877015095826,0.01530313296078577,0.017413536826274834,0.8601184201477552,0.09710073060730753,0.09284163858439479,0.10167917719751984,19.420146121461507,0.025060259344012202,0.023787185354691074,0.0264366704805492,0.16117472228544302,0.1546712663032676,0.16807221246709997,16.117472228544298,0.020835558946966808,0.019816072109881722,0.021947243418542536,0.2545383247993699,0.24570057980339335,0.26432616906504586,12.726916239968494,0.01638031661262636,0.015674198931909213,0.017154830249856954,0.43181527101029527,0.4197474322109759,0.4445391913231126,8.636305420205902,0.010998397802700847,0.010603702220187685,0.011420178149080645,0.5990606719817506,0.5857968911000664,0.612488043179666,5.990606719817506,0.0075387960631723505,0.007315402075226979,0.007768740939955748,0.7650299728371475,0.7525521471988674,0.7771720335214156,3.825149864185737,0.004743882202597799,0.004636482194968434,0.004853408419004749,0.8512684560572086,0.8409590022887464,0.8609758854127693,2.8375615201906954,0.0034872525208855206,0.0034231215747110356,0.003552239232989586,0.903209378423514,0.895036654703029,0.9108745469258039,2.2580234460587847,0.002758053748879437,0.0027155152682675618,0.0028021810448415952,0.9376018497807075,0.9313082098194446,0.9435741985977998,1.875203699561415,0.0022804336547851563,0.002249730682373047,0.002312252616882324,0.3903420820612033,0.38005266549101235,0.40118609310028913,0.7356362300520605,0.7257688158468475,0.7450447416088134
hugo_alpha0p01,HUGO,0.01,local_entropy_stego,1000,0.0012049636840820313,0.016304343845577066,0.015308086861169226,0.01741921757907915,0.8602508190449772,0.09706271849994048,0.09289905795178158,0.10168258583361292,19.412543699988095,0.025043478260869563,0.023776392067124334,0.026424160945842868,0.16116390128412092,0.15462898747706477,0.16797315605597646,16.116390128412093,0.020834032811903852,0.01981495612361694,0.021957287294925604,0.254531767118005,0.2456746880155171,0.2642889183427968,12.726588355900251,0.01637745565515926,0.015672096128170894,0.01715257486172039,0.43187142745599116,0.4197749763835449,0.4445577498383599,8.637428549119825,0.010999847409781034,0.010606492713817044,0.011423151750972763,0.5993068279877104,0.5859924713529426,0.6127236542548792,5.993068279877104,0.007541390096894789,0.007318440527962157,0.007771271076523995,0.7653543511191013,0.7529617665095494,0.7774587029161077,3.8267717555955065,0.004745522516164718,0.004638343283297412,0.004854902820957866,0.8514831833852006,0.8412830471520942,0.8610987774323073,2.8382772779506684,0.003487990030899127,0.0034242084483043626,0.0035529888229085863,0.9033280253402325,0.8951404278643528,0.910995920913084,2.2583200633505807,0.002758377996910107,0.0027157548780255203,0.0028025429628640635,0.9377525573324966,0.9314800938548919,0.9436925841707765,1.8755051146649933,0.0022807464599609376,0.0022500062942504883,0.0023126995086669923,0.3904220599242312,0.3801532588241122,0.401220171741994,0.7358234624857738,0.7259846996170377,0.7452137155641889
hugo_alpha0p01,HUGO,0.01,local_variance_cover,1000,0.0012049636840820313,0.016233365166781446,0.015061590288476846,0.017580227910835838,0.8555643089887771,0.09303090556873593,0.08840525279983086,0.09784967058839589,18.606181113747184,0.023959572845156367,0.022565922959572843,0.025442791762013726,0.14990175700561967,0.14308146290645218,0.1569289497798866,14.990175700561966,0.019311331552842426,0.018263172453262113,0.020426888592140403,0.23502730447687253,0.22591943136663403,0.24458660877792243,11.751365223843626,0.015096128170894528,0.014384870303261492,0.015872882891474344,0.4011360909651516,0.3893463141687348,0.4138700692376199,8.022721819303031,0.01022041657129778,0.009827668421454187,0.01063547722590982,0.5683616817779269,0.5547986823282558,0.5824153467715252,5.683616817779269,0.00716041046768902,0.006941936560616465,0.007391625658045319,0.7504385788701312,0.7381287598657327,0.7627461307751963,3.7521928943506557,0.004657594079612428,0.004549845505350093,0.004768011501268383,0.846439707323345,0.8362358321404413,0.8559452278581804,2.8214656910778166,0.0034688656333049348,0.003404901898452501,0.0035350933967422406,0.9035978953669545,0.8953028346839288,0.9110670056694667,2.2589947384173863,0.0027592363005207042,0.0027168639970245475,0.0028034427511491734,0.9400460538952611,0.9342867948660395,0.9455113601413895,1.8800921077905222,0.002285652160644531,0.002255845832824707,0.0023174461364746093,0.36544449477977514,0.3551759392068075,0.37656808486967086,0.72402490883536,0.714512904927373,0.7335397106673689
hugo_alpha0p01,HUGO,0.01,local_variance_stego,1000,0.0012049636840820313,0.0162385439046946,0.015069975866933134,0.017584957726519954,0.8557434830969477,0.09305574303905273,0.08841623693382113,0.09785675361112102,18.611148607810545,0.023964912280701755,0.022578051106025933,0.02545556826849733,0.14995690926509267,0.14311040561492225,0.1569372802472812,14.995690926509267,0.019317436093094238,0.018269687142312096,0.020438038916444103,0.23513738022079292,0.22603632896836273,0.2447088115641108,11.756869011039646,0.015102040816326533,0.014391917795155447,0.01587727922944879,0.40126940233531416,0.38941344658258426,0.41402041103296827,8.025388046706283,0.010223315785458152,0.009830598153658351,0.01063762302586404,0.5687096744859264,0.5552902781447493,0.5827532807826151,5.6870967448592635,0.007163767452506293,0.006944057564660105,0.0073940079728389415,0.7508147351478017,0.7383836121280597,0.7631260533570638,3.7540736757390083,0.004659501420969311,0.004550806328558621,0.0047691487535524235,0.8467315459341235,0.836565152622263,0.8563267653745605,2.822438486447078,0.0034698701728062254,0.0034056413158195897,0.0035360311788716096,0.903818778047348,0.8957009221834734,0.9112086820838741,2.25954694511837,0.002759808502927769,0.002717272883327929,0.002803766283926835,0.9402282984917822,0.9344291367362728,0.9456843307250252,1.8804565969835645,0.0022860488891601563,0.002256193733215332,0.002317902374267578,0.3656122109466004,0.35529973152859073,0.3767195963720139,0.7242892513129456,0.7147922117071868,0.733800326014558
hugo_alpha0p01,HUGO,0.01,oracle,1000,0.0012049636840820313,0.061606722396665876,0.058964072649542974,0.06455914539410382,0.9611449145410925,0.2754721634155733,0.26905105807248647,0.28253854394026295,55.094432683114654,0.06982913806254767,0.06760676964149505,0.0723267543859649,0.41110059412025207,0.402484818470396,0.42026221577733763,41.11005941202521,0.05193285005723007,0.050368447157573444,0.05361100724914154,0.5706798868694041,0.5604310367485617,0.5812892820034291,28.5339943434702,0.03576234979973297,0.03481390902155254,0.03675936963570475,0.7775448088677015,0.7688402078125073,0.7871050984945278,15.550896177354028,0.019208896009765775,0.018838698786907762,0.019612661173418783,0.8952185548679847,0.8888027069721889,0.9016537164047723,8.952185548679847,0.010936293583581292,0.010775578889143208,0.011105190928511482,0.9652750000897274,0.9620680690188541,0.9682944483440791,4.826375000448636,0.005846230139808121,0.005780328158080452,0.005915263976043793,0.9858691944319262,0.9841960068052062,0.987412229185639,3.286230648106421,0.003969011863738667,0.003929335414467912,0.004011427590503922,0.9938642037682125,0.9929754481608573,0.9946945351510474,2.4846605094205314,0.0029971199145511075,0.002968798994831105,0.0030277241602929676,0.9974062805548802,0.9969131806954974,0.9978449559544252,1.9948125611097605,0.0024048309326171876,0.00238277530670166,0.0024289426803588868,0.6935646923677551,0.6856306361476328,0.7019383823956571,0.9169771016738107,0.9137154590753329,0.9202197199630998
hugo_alpha0p01,HUGO,0.01,srm_residual_cover,1000,0.0012049636840820313,0.028373403982617725,0.02677578707982378,0.03013082126766549,0.8964540387528661,0.15445367382386122,0.14918355764862454,0.16022957076132344,30.890734764772237,0.039903890160183066,0.03818381006864989,0.04181643783371472,0.24250896750707768,0.23492509251677626,0.25100772789717846,24.250896750707764,0.03122090805036246,0.029967855780236554,0.03261261922930179,0.36250885148031947,0.3527846040142869,0.37302436660685084,18.125442574015977,0.02315372878123212,0.022349051115773413,0.024040997520503527,0.5555279085236536,0.5438650686872902,0.5674858633178119,11.110558170473071,0.014001602197299153,0.013592004272526133,0.014424702449073012,0.7075784538326122,0.6965671073328086,0.7190013495717793,7.075784538326122,0.008801594567788203,0.008596016441596094,0.009014537079423209,0.838388590285588,0.8301875320455363,0.8466813352109896,4.19194295142794,0.005148410230979039,0.005057903068912243,0.005241092239028019,0.9004961431200911,0.8943229157706489,0.9065161941062759,3.001653810400304,0.003661851658761746,0.003608174599137876,0.003716872766806963,0.9355862080359171,0.930977927284437,0.9399643103738298,2.3389655200897925,0.002842072135650117,0.002805466440328826,0.0028793830704381164,0.9587339327269633,0.9555410757292203,0.9618142317998201,1.9174678654539266,0.002323387145996094,0.0022969377517700193,0.002351698684692383,0.49751840341790227,0.4874645521581653,0.5080110951276162,0.8010291076278573,0.793918601084045,0.8080144942826621
hugo_alpha0p01,HUGO,0.01,srm_residual_stego,1000,0.0012049636840820313,0.029879389366118145,0.028262563020265006,0.031704727669087385,0.8998180005504461,0.16012678523087157,0.1546718677686643,0.1660892558891753,32.025357046174314,0.04117009916094584,0.039436937452326466,0.04314349733028222,0.25009192227054583,0.24237879676234136,0.2586416223982359,25.009192227054587,0.032070583746661586,0.030809109118657006,0.03350638115223197,0.3713718353821829,0.36143247578850923,0.38184316929418716,18.568591769109144,0.023650390997520504,0.02284611386610719,0.024527994468815564,0.5663453389062135,0.5550415077822053,0.578436719438997,11.326906778124268,0.014242313267719539,0.013840367742427709,0.014658569848172733,0.7164017461512444,0.7058901406613591,0.7275400516060643,7.164017461512444,0.00889795529106584,0.008695272564278631,0.00910854505226215,0.8452237700307074,0.8372633583883561,0.8531059348001208,4.2261188501535365,0.005185240992580442,0.00509816513761468,0.0052775458238761,0.905011221720921,0.8990952744856453,0.9107855998505975,3.0167040724030705,0.003677975153541955,0.0036261008608522056,0.003732467606780006,0.9392373289212959,0.9347682171000447,0.9434421564515185,2.3480933223032396,0.0028516851360888057,0.0028166255793549374,0.002889160102233497,0.9611983975999909,0.9580440933993206,0.9641474377341951,1.9223967951999819,0.0023284530639648437,0.0023023515701293944,0.0023561065673828128,0.5066761726085676,0.4968013423336066,0.5170897653504299,0.8069897130314219,0.8002818276322645,0.8137810628463872
hugo_alpha0p01,HUGO,0.01,texture_energy_cover,1000,0.0012049636840820313,0.029332131663681694,0.02785327444336039,0.03097225435608013,0.9080795841029278,0.1595292303886722,0.15498118816160175,0.16457594045190815,31.90584607773444,0.04070327993897788,0.03917084286803967,0.042449580472921425,0.2462836427991857,0.23976772756999334,0.2536945503827513,24.628364279918568,0.03139183517741321,0.030243351774132017,0.03265437809996184,0.36590020109890325,0.3574702133419194,0.37544890388357277,18.29501005494516,0.023199504100705703,0.02244244230402441,0.024038432195308025,0.5648859495725319,0.5543074453320619,0.576320552778279,11.297718991450639,0.014170443274586098,0.013786589227130542,0.01457939841306172,0.7262362240812499,0.7165130290801144,0.7364195437714649,7.262362240812499,0.009002594033722439,0.00880685702296483,0.009208565079728389,0.8618539520400789,0.8546590113786998,0.8694638537385474,4.309269760200394,0.005276011367754487,0.005190046062293769,0.005366858513418147,0.9214152064777862,0.9165622558692113,0.9264372505894624,3.071384021592621,0.003736797934971962,0.0036861497526798318,0.003789995295194741,0.9538562537309996,0.9506248910439455,0.9572140600927269,2.384640634327499,0.0028906044364759966,0.0028568037250376703,0.0029259305441644897,0.9726067290831812,0.9704067463052103,0.9747545689377312,1.9452134581663625,0.0023524551391601563,0.002327585792541504,0.0023789691925048826,0.5071412107984784,0.498267777042651,0.5166549738489468,0.8187376199259118,0.8128986758945764,0.8248901119765106
hugo_alpha0p01,HUGO,0.01,texture_energy_stego,1000,0.0012049636840820313,0.03080036192658981,0.029268285042095575,0.032555136022982274,0.9106628074074091,0.1654397704126481,0.16061032134494832,0.1706152775507832,33.08795408252962,0.04197177726926011,0.04041493135011441,0.04374080854309687,0.254560104226451,0.24789737418798044,0.26189189722040446,25.4560104226451,0.032303319343761926,0.031173416634872192,0.033540204120564666,0.37502327015302844,0.36640383028367485,0.3844491620523839,18.751163507651423,0.023702460423421706,0.02295431050925043,0.024538632462330727,0.5750455339050669,0.564790449503676,0.5862151145975043,11.500910678101338,0.014389944304570077,0.014007722972457465,0.014802321278706036,0.7340444927035648,0.7243981557628443,0.7444640545439498,7.340444927035647,0.009085755703059433,0.008892728122377356,0.00928849565117876,0.8670896490839921,0.8604297897759203,0.8742251845071198,4.335448245419959,0.005303992065459955,0.005219661351542087,0.005390434683095234,0.9246174750766877,0.9200598894727743,0.929340203039701,3.082058250255626,0.0037480386048345054,0.003699497730249355,0.0037993346515265186,0.955828151007293,0.9527988148663562,0.9589200702030819,2.389570377518232,0.0028956398176581666,0.002862546968280913,0.0029306700490186735,0.9737131095155445,0.971642206499182,0.9757731036918605,1.947426219031089,0.0023547134399414063,0.0023297870635986327,0.002381142234802246,0.5158979871061399,0.50728550059947,0.5253438798534481,0.8234624126767334,0.8179042982989998,0.8293430980822905
hugo_alpha0p01,HUGO,0.01,uniform,1000,0.0012049636840820313,0.0012049636840820313,0.0011940752029418944,0.0012168741226196288,0.5,0.005,0.005,0.005,1.0,0.0012047063310450037,0.0011938201754385963,0.001216614225781846,0.01,0.01,0.01,1.0,0.0012051659671880961,0.0011942756581457457,0.0012170784051888594,0.02,0.02,0.02,1.0,0.0012049361052832348,0.0011940478733549495,0.0012168462712187679,0.05000000000000001,0.05000000000000001,0.05000000000000001,1.0,0.0012049820706492716,0.0011940934233615626,0.0012168926909285117,0.10000000000000002,0.10000000000000002,0.10000000000000002,1.0,0.0012049820706492716,0.0011940934233615626,0.0012168926909285117,0.20000000000000004,0.20000000000000004,0.20000000000000004,1.0,0.001204959087527895,0.0011940706479238589,0.0012168694806309486,0.2999999999999999,0.2999999999999999,0.2999999999999999,1.0,0.0012049667484709382,0.0011940782396398918,0.0012168772172984246,0.4000000000000001,0.4000000000000001,0.4000000000000001,1.0,0.001204959087527895,0.0011940706479238589,0.0012168694806309486,0.5,0.5,0.5,1.0,0.0012049636840820313,0.0011940752029418944,0.0012168741226196288,0.05000000000000002,0.05000000000000002,0.05000000000000002,0.25,0.25,0.25
hugo_alpha0p01,HUGO,0.01,wavelet_energy_cover,1000,0.0012049636840820313,0.003993225542344879,0.003710201964835654,0.0043230455712953975,0.675979991128263,0.025890702571058986,0.024241324802147888,0.027739348508123044,5.178140514211798,0.006848970251716247,0.006350076277650647,0.0074332570556826846,0.04618108422830299,0.04364573431180188,0.049025813004368604,4.618108422830299,0.006094620373903091,0.005682802365509347,0.00654561236169401,0.08161907909643804,0.07763241080381877,0.08609372295683267,4.080953954821902,0.005350753385466336,0.005022305931718482,0.00570925996566851,0.16599045736449683,0.1593384134508534,0.17301901443338566,3.319809147289936,0.004299458304722668,0.004085217822537576,0.004529499504081789,0.2744052400909354,0.26574435549011427,0.2841540712747463,2.744052400909354,0.003506942854962997,0.0033614061188677806,0.003669030861371786,0.43595848094495226,0.42536153207276667,0.4476199075342321,2.1797924047247617,0.002743977569665643,0.0026541003070819588,0.0028413297030269505,0.5580087436420077,0.5476371994892036,0.5692511579423956,1.860029145473359,0.0023170911587808195,0.0022572867260913236,0.002385306702440141,0.6561427546370605,0.646331442774367,0.6663728262967556,1.6403568865926514,0.0020274561788323256,0.001983283345095272,0.0020767943313814872,0.7382141458406544,0.7296495214908106,0.7471244388779676,1.4764282916813087,0.0018135147094726562,0.0017802087783813478,0.001850494956970215,0.15607942523349583,0.15029523214237167,0.16232471674109397,0.46249981948466234,0.45371411812639867,0.47194133396806004
hugo_alpha0p01,HUGO,0.01,wavelet_energy_stego,1000,0.0012049636840820313,0.003991160398463566,0.0037092580580818197,0.0043209208831005335,0.6760789262748848,0.02589362460413443,0.02426410965923177,0.027741109869205183,5.178724920826886,0.006848970251716247,0.00635154462242563,0.007424141876430206,0.046225289316459924,0.043679585173492144,0.04904993045742203,4.622528931645991,0.006099580312857688,0.005690938573063715,0.006550743990843188,0.08176816919517389,0.07778212270172812,0.08617595367346684,4.0884084597586945,0.005362006484836926,0.005032572000762923,0.005726330345222201,0.16609176657506028,0.15944549274169106,0.17311669780861313,3.3218353315012057,0.004301976043335623,0.0040886377508201725,0.004530998702983138,0.27467631028453177,0.2659227876174462,0.2844794442579796,2.746763102845318,0.003510490577553979,0.003365428778515297,0.003673241397726406,0.4361535262080379,0.4256585064227903,0.4477843762861082,2.1807676310401893,0.0027451601213069107,0.002656275153064144,0.002842531804917126,0.558173731096532,0.5479190729938643,0.5694436192535631,1.8605791036551071,0.002317752374655087,0.0022581520287883214,0.002386132586498481,0.6561876755911857,0.6463579743644682,0.6664707197456725,1.6404691889779641,0.0020275610826069545,0.0019834323561387784,0.002077295246905339,0.7381851259802638,0.7295398735596498,0.7471534112141821,1.4763702519605275,0.0018134613037109374,0.0017800884246826172,0.001850506591796875,0.15622099596913305,0.15042804398189194,0.1625014609540623,0.46263332939945734,0.4538219348727042,0.4720738078381406
hugo_alpha0p02,HUGO,0.02,gradient_magnitude_cover,1000,0.0026019935607910155,0.039372566791558254,0.03722401695731662,0.041698518817136064,0.853742627348267,0.11756398416424048,0.11338500463533978,0.1217215405618308,23.512796832848096,0.06487109077040426,0.0621242944317315,0.06776434019832189,0.190522811482812,0.1841997156965397,0.19699576801885313,19.052281148281196,0.052592140404425794,0.05047418924074781,0.054863325066768415,0.2925901384469926,0.2840396743677797,0.3017182251831425,14.629506922349632,0.04027274461186343,0.03878730211710853,0.041887325958420756,0.46967607693659036,0.4582919413131242,0.4814921696638651,9.393521538731806,0.0256424811169604,0.0248337891966125,0.026499694819562065,0.6196250020791613,0.6073691568750549,0.6320597869722903,6.196250020791613,0.016747310597390708,0.01629975299458305,0.017222019722285802,0.7622788201670518,0.7510265852443849,0.773166878657105,3.8113941008352588,0.010179480821682655,0.009964390413702342,0.010405846954929524,0.8363050811763487,0.8267923498671255,0.8453673388839791,2.7876836039211628,0.007392279033098941,0.007259467784799664,0.007530676283966787,0.8837951623995526,0.8760385378151592,0.8911244175440635,2.2094879059988815,0.005829960518033912,0.005738937420130081,0.005925476358503883,0.9171733087832374,0.9109799969683251,0.922963945750151,1.8343466175664749,0.004822189331054687,0.004755824470520019,0.004892221641540527,0.42146211905324793,0.41159528465529,0.4316656111851412,0.73444806764548,0.7251635636245982,0.7436338391940884
hugo_alpha0p02,HUGO,0.02,gradient_magnitude_stego,1000,0.0026019935607910155,0.03936394451741599,0.03721183315086454,0.0416939125242399,0.8537507502556116,0.11755402465087815,0.1133941997764942,0.12171820050419786,23.510804930175627,0.06486575133485889,0.06213464912280701,0.06774120900076278,0.19054734258821912,0.18420939279124698,0.19703473415081196,19.05473425882191,0.05259786341091187,0.05047783288821061,0.05488367989317055,0.29258303728634905,0.2840357346506064,0.3016878722617634,14.629151864317453,0.04027179095937441,0.03878266736601183,0.041887092313560935,0.4696578966465326,0.45832983496729524,0.4814837480108257,9.393157932930652,0.025641336690318147,0.02483301480125124,0.026497440299076833,0.6196435783614516,0.6074429863191302,0.6320590657275504,6.196435783614516,0.01674742504005493,0.01629997997253376,0.01722208171206226,0.7622793051194368,0.751018640352211,0.773209802037949,3.8113965255971833,0.010179385454614814,0.009963702817143186,0.010405974746800436,0.8363692533257318,0.826846810030223,0.845432748587916,2.787897511085773,0.007392762229314752,0.00725982922828478,0.0075312869549737415,0.8837971555586775,0.8760020069417631,0.8911229607400892,2.209492888896694,0.0058299509813271285,0.005738756699536517,0.005925333784737455,0.9171692498147151,0.9109440837688345,0.9229795211486925,1.8343384996294303,0.004822151184082031,0.004755781745910645,0.0048922134399414065,0.42145941263290604,0.4116149680184021,0.43168066699833996,0.7344623081449672,0.725202043252568,0.7436202883805639
hugo_alpha0p02,HUGO,0.02,laplacian_residual_cover,1000,0.0026019935607910155,0.03193649219487632,0.030530612377340127,0.03354821837950156,0.8056937072149772,0.11289796493346185,0.1100067694544059,0.11602581045488086,22.57959298669237,0.06141571319603357,0.059340141113653704,0.06365652173913044,0.17487912020229013,0.17066832548867558,0.17943632905625206,17.487912020229015,0.04751774132010683,0.04597244372376956,0.049236121709271274,0.26027521013052546,0.2546928265805426,0.2663822423128405,13.013760506526273,0.03522162883845127,0.0341517737936296,0.036408764066374215,0.4106310307368425,0.40352369616757927,0.418638300823627,8.212620614736847,0.022061036087586784,0.021490861753261613,0.02270690661478599,0.5447142019402063,0.5370323399512831,0.5530585996469692,5.4471420194020626,0.014528381780727856,0.01420690852216373,0.01488591592278935,0.6850961932924561,0.6781349648404289,0.692639503941359,3.42548096646228,0.009063438173529916,0.008902060882336112,0.00923773341089855,0.7660528813729133,0.7601756538711102,0.7724589883256301,2.5535096045763774,0.006724819755095814,0.006621762903246316,0.006837836488943707,0.8213985634808184,0.8165098663981003,0.8267195090265969,2.053496408702046,0.005390871464265959,0.005317714432852048,0.005471726763813921,0.8632484220564659,0.8593138563158997,0.8675702183208949,1.7264968441129318,0.004521949768066406,0.00446681957244873,0.004583337974548339,0.37124683706773853,0.365056092251819,0.3782426303386628,0.6695551574424524,0.6636894055051251,0.6758176643451558
hugo_alpha0p02,HUGO,0.02,laplacian_residual_stego,1000,0.0026019935607910155,0.03425634558310106,0.03268132489639838,0.036036598156274614,0.8123475338938069,0.11949390955843665,0.11617052843297597,0.12300660455826187,23.89878191168733,0.06455911517925247,0.06237522883295195,0.06691460717009914,0.18358032891400583,0.17900351536461598,0.18837841409073858,18.35803289140058,0.04960434948492942,0.04805415871804656,0.051309710034338034,0.27106887824077125,0.2651607072918275,0.27720631202452434,13.55344391203856,0.036520884989509825,0.03544091646004196,0.03766313179477398,0.42304585280729395,0.4159514097340723,0.4306532619917171,8.46091705614588,0.022662928206301978,0.022101762417029068,0.023282988097962923,0.5573399381904214,0.5499517676167772,0.5651824549397525,5.5733993819042125,0.014835660334172579,0.014528630693522544,0.015183343823910886,0.6968671933189011,0.6902674253273829,0.7039073962521832,3.4843359665945055,0.009207995574968052,0.009049704838925025,0.00938021800911709,0.7758369507095454,0.7703076506476688,0.7816776028269854,2.586123169031818,0.006804547130704577,0.006703872245463677,0.006915193024172526,0.8298695618001117,0.8253029197141039,0.8347868623611101,2.0746739045002793,0.005442722539052815,0.005370731131625627,0.005523006828282059,0.8697174144968682,0.8659319310961879,0.873639398455934,1.7394348289937365,0.004553352355957031,0.004499027061462402,0.0046140615463256835,0.38251032146514946,0.37621348609014393,0.38917062504514294,0.6797225407274705,0.6742131132872774,0.6855280926700594
hugo_alpha0p02,HUGO,0.02,local_entropy_cover,1000,0.0026019935607910155,0.026763324929090913,0.02531615230302287,0.028371933562903892,0.8483375018177732,0.08009097121028155,0.07690484742716035,0.08352835762298703,16.01819424205631,0.04436994660564454,0.04232780320366133,0.046633237986270025,0.1364500837002189,0.1313739960472827,0.1419158893344973,13.645008370021891,0.0378683708508203,0.036184557420831744,0.03976507058374667,0.22297926193778497,0.21556094043872964,0.23129515223444333,11.148963096889249,0.03087716955941255,0.029612163837497613,0.03230283234789243,0.3944407209600697,0.3835516048281128,0.40604853538063534,7.888814419201395,0.021690699626153966,0.02091047150377661,0.022505998702983136,0.56378711383498,0.5509204171368918,0.5767834039200005,5.6378711383498,0.015341802090485999,0.014873208972304874,0.01581965457389181,0.7402326521610655,0.7281155033407657,0.7524073661795743,3.7011632608053278,0.009929809838066721,0.009698826031394839,0.010169185469873544,0.8339300309210302,0.8233668968663953,0.8437530881773588,2.779766769736768,0.0073898376206401085,0.007252792047607542,0.007535253296542603,0.8915757312206822,0.8830366119926103,0.899330461897376,2.2289393280517054,0.005886923267657213,0.005793890547216235,0.005984557449121669,0.9295617078804626,0.9231967659319599,0.9356372664841727,1.859123415760925,0.004886863708496093,0.004820026397705078,0.004957699394226075,0.3575572240683604,0.3482130035136777,0.36733367651791443,0.7139940098457719,0.7043080225610784,0.7235266489536302
hugo_alpha0p02,HUGO,0.02,local_entropy_stego,1000,0.0026019935607910155,0.026763921475852017,0.025317470000876686,0.028366840685794554,0.8484586718388344,0.08008222985430563,0.07691638848816432,0.0835543869342484,16.016445970861128,0.044364607170099164,0.0423141876430206,0.04663800533943555,0.13646687244334407,0.13140795957769258,0.14200667825242125,13.646687244334407,0.037871804654711946,0.036196823731400235,0.03975378672262496,0.22302224687823674,0.21556654560890595,0.23124216632154626,11.151112343911839,0.030880793438870874,0.02961620255578867,0.03230312798016403,0.3944301489159961,0.3835546390673467,0.40599040708904904,7.888602978319921,0.02168993667505913,0.0209112325474937,0.02250461013199054,0.5639739025136403,0.5511372232406548,0.5769152652753381,5.639739025136402,0.01534641794460975,0.014875854505226214,0.01582269302662699,0.7404266197790125,0.7282755159137625,0.7525765339745373,3.7021330988950623,0.009932022354040703,0.009701917831734345,0.010171435655839327,0.8340675652387538,0.823517863693309,0.8438443843936381,2.7802252174625126,0.007390829444451508,0.0072536071233294756,0.00753617518405961,0.8916808733751719,0.8831794503491255,0.8994258028119632,2.2292021834379296,0.005887533616891416,0.005794531652329818,0.00598523622422705,0.9297151124822978,0.9233467120361712,0.9357949636891734,1.8594302249645955,0.004887565612792969,0.004820834732055664,0.004958377075195313,0.357609111496422,0.34827157562172717,0.36741095749684405,0.7141257354774658,0.7044571257875262,0.7236448087698787
hugo_alpha0p02,HUGO,0.02,local_variance_cover,1000,0.0026019935607910155,0.024665500873252987,0.023233808935593216,0.02624217994484383,0.8416915482033679,0.07394454591957768,0.0706003406286243,0.07742748235060928,14.788909183915537,0.04069641495041952,0.03854528985507246,0.042953165522501904,0.12333478706223609,0.11812865058736816,0.12872168178696258,12.333478706223607,0.03400457840518887,0.03233677031667303,0.03578973674170164,0.20065923187555654,0.19321969845286333,0.2086362151706654,10.032961593777829,0.027639710089643332,0.026424537478542818,0.028993329200839215,0.35981117009787283,0.34921737550719706,0.37122715075764634,7.196223401957457,0.01974219882505531,0.01900125886930648,0.020530981536583504,0.5283405052529329,0.5157661183362308,0.5415045307541171,5.283405052529328,0.014375486381322956,0.01392888342107271,0.014845213435568782,0.7197357179569523,0.7076074602083874,0.7320478610589757,3.598678589784762,0.009662591313967461,0.009428945812432052,0.009907786244254134,0.8253644685348358,0.814891640099467,0.8353060480551916,2.75121489511612,0.007316353648767214,0.007178028559439492,0.0074643076942639535,0.8895209861834902,0.8811133269198109,0.8972064856097561,2.223802465458726,0.005873543268038681,0.005781245350855442,0.005971972572431288,0.9307620230716908,0.9245846049867256,0.9364973232902852,1.8615240461433815,0.004892082214355469,0.004826791000366211,0.004962331962585449,0.3290887770531402,0.3198936367883317,0.33896712434916215,0.6986522427781461,0.6893647157123932,0.707962483545911
hugo_alpha0p02,HUGO,0.02,local_variance_stego,1000,0.0026019935607910155,0.024669553955908186,0.023242480523243094,0.026245718184285508,0.8418650174117334,0.0739498665859362,0.0706279058186728,0.07743605041314322,14.789973317187238,0.040699466056445456,0.038552212051868796,0.04295385202135774,0.12335781544972962,0.11816133605284228,0.1287097385094611,12.335781544972962,0.034009919877909196,0.03234443914536436,0.035792636398321254,0.20073600972846106,0.19330335967370993,0.2086972646083946,10.03680048642305,0.02764886515353805,0.02643465573145146,0.029001077627312605,0.3599202871477748,0.3493318284481492,0.37131772302370586,7.198405742955495,0.019747386892500187,0.019009771496147097,0.020536978332188902,0.5286156698666309,0.5160548452008354,0.5418022688001322,5.286156698666309,0.014381361104753186,0.013933093957427329,0.014850103952086673,0.7200086048806422,0.7078664619107414,0.7322291262633773,3.600043024403211,0.009665376032348509,0.00943097093211772,0.009910431726716129,0.8255462558626345,0.8150568026502454,0.8354357416572717,2.7518208528754484,0.007317688796205639,0.00717957542311458,0.007464894523352365,0.8897332333436629,0.8812645379273472,0.8974477832020139,2.224333083359157,0.0058747353563867325,0.005782362099219897,0.005973084314024682,0.9309538117618554,0.9248071464367502,0.9366433440541733,1.8619076235237109,0.004892967224121094,0.004827817726135254,0.0049630573272705075,0.32921856375948644,0.31995040902662675,0.33906766359093304,0.6988582797321338,0.6894866913639547,0.7081845380997412
hugo_alpha0p02,HUGO,0.02,oracle,1000,0.0026019935607910155,0.081395247430002,0.07828020221247944,0.08482660001403597,0.949198135605478,0.20426859959844446,0.1998655058149186,0.2091290345839694,40.85371991968889,0.11126010678871091,0.1079098588863463,0.11497034706331045,0.3230687898706427,0.31631303787416964,0.3299067375356804,32.306878987064266,0.08795536054940863,0.08532140404425792,0.09069109118657001,0.4777591317740528,0.46895765901931646,0.48691722672529464,23.88795658870264,0.06476158687774175,0.06302019835971771,0.06666851039481214,0.7049634989241598,0.6958353093486698,0.7150343135485444,14.099269978483195,0.037775692378118564,0.03696614023041123,0.03865406843671321,0.8504104830135271,0.8430474741299351,0.8580121675824307,8.50410483013527,0.0225244907301442,0.022153006981002518,0.022922543297474632,0.9454654308178383,0.9413995413311197,0.9494889959201327,4.727327154089192,0.012395563524003892,0.012244013332316088,0.012556739113849205,0.9765095545585782,0.974199784995738,0.9786410172815455,3.2550318485285943,0.008500425975611308,0.008411349389011101,0.00859601045229709,0.9894186385384771,0.9881806800420797,0.9905822491355194,2.4735465963461927,0.006447357378550039,0.006384934149039654,0.006514875832077667,0.9952895179552899,0.9946155637943256,0.9959038890528911,1.9905790359105797,0.005183670043945312,0.005135476684570313,0.005235894012451172,0.6245834358980766,0.616672948843716,0.6330216958925321,0.8917654120594757,0.8880188079595255,0.8955689090983813
hugo_alpha0p02,HUGO,0.02,srm_residual_cover,1000,0.0026019935607910155,0.041269572530037664,0.03925975118628427,0.043423244585316094,0.881140727141187,0.12018225995962842,0.11642763954048858,0.12435415588048733,24.03645199192568,0.06651334858886347,0.0639205186880244,0.06943424866514111,0.1965344161242013,0.1907542581147296,0.2028422366728157,19.65344161242013,0.05435711560473102,0.05231740747806181,0.05661141739793971,0.30649703128310807,0.2984290533309993,0.3149568320800159,15.324851564155404,0.04220579820713332,0.04074036334159833,0.04379454510776272,0.49909956766766295,0.4881516490973018,0.5107442199159121,9.98199135335326,0.02721408407721065,0.02639839398794537,0.02809283016708629,0.6611096062796823,0.6500088197192162,0.6727232108592063,6.611096062796823,0.017810559243152512,0.017375480659189747,0.018277433813992522,0.8081698990070486,0.7994550160889159,0.8171801817290093,4.040849495035244,0.01074468328596769,0.010549520780484083,0.010956548856548858,0.8801665802656803,0.8735769264723514,0.8867607655421907,2.9338886008856013,0.007744312907696807,0.007626831059344126,0.007871446600460307,0.9222488730558985,0.9173336430107856,0.927120875398884,2.305622182639747,0.006057906883594957,0.005978211724427321,0.0061438180682446735,0.949511678238315,0.9459245404884057,0.95291868355097,1.89902335647663,0.004973770141601563,0.0049161397933959955,0.005036606788635253,0.4469658291009039,0.4378664982967232,0.45689492997887254,0.7725723647377061,0.7653792676742361,0.7797605359603932
hugo_alpha0p02,HUGO,0.02,srm_residual_stego,1000,0.0026019935607910155,0.043434193845959056,0.041366184583384785,0.04574225130737517,0.8853219825659564,0.12546449618221792,0.1214648906665389,0.12984375170991816,25.092899236443582,0.0690465293668955,0.06636289092295958,0.07208949275362318,0.20419990263940757,0.19824012823228565,0.2106919600874212,20.419990263940758,0.05621938191529951,0.054160234643265935,0.058525238458603586,0.31567582405081174,0.30744462330583316,0.3244874157018373,15.783791202540586,0.04332309746328438,0.04187276845317567,0.04493916650772458,0.5103247759535032,0.4996136173022635,0.5217515038592391,10.206495519070062,0.027757610437170975,0.02694335469596399,0.028620746547646295,0.6716170984282072,0.6605448838206515,0.6829052697924228,6.716170984282071,0.01806263828488594,0.017629385061417563,0.018523918516823067,0.8166017348788237,0.8080504918154892,0.8252320802604503,4.083008674394118,0.010844360945278379,0.010647934349310495,0.011053514753285396,0.8862843102964186,0.8797802179109807,0.8925256246618624,2.954281034321395,0.007792060323232837,0.0076763841028445,0.007916489706649033,0.9266813761601822,0.9218992434626289,0.9311606215036071,2.3167034404004556,0.006083732285567148,0.0060052573480325775,0.006166941244349502,0.9527669841596856,0.9492683846226965,0.9561076135143556,1.9055339683193713,0.004988838195800782,0.00493153133392334,0.0050502717971801754,0.45675756730568184,0.44753443117451935,0.4664538850776437,0.7797034059870106,0.7726949942366502,0.7866903761424262
hugo_alpha0p02,HUGO,0.02,texture_energy_cover,1000,0.0026019935607910155,0.04182683107712828,0.03995313119367238,0.04390369648702227,0.8925301778816911,0.12406029232237577,0.12076664185276771,0.12765303731454136,24.81205846447515,0.06788634630053395,0.06553606025934401,0.07056851639969489,0.19950124285708737,0.19447159907170794,0.20513807253465502,19.950124285708736,0.05463372758489126,0.05275727775658146,0.056729187333078974,0.3084742879244067,0.3012868243190819,0.31639744938835507,15.423714396220332,0.04214609956131986,0.04076021838641999,0.04362254911310318,0.5053247096178815,0.4954591250345816,0.5159681602928714,10.106494192357628,0.027410772869459067,0.02663286221103227,0.02825539024948501,0.6763614245223583,0.6664552505564576,0.68660740570371,6.763614245223582,0.018154383154039826,0.017737655451285573,0.018603554398413064,0.8302159248023185,0.8225513151851911,0.8382081502857581,4.151079624011593,0.011003509508096665,0.010812596559156194,0.011203110873753076,0.9012716587318055,0.8958251675898482,0.9068797553627005,3.0042388624393515,0.007908968376079245,0.007798336151977925,0.008027964980990045,0.9403519474158875,0.9366175131165133,0.944205506345284,2.3508798685397188,0.006162705754448874,0.006088455578019798,0.006243091371187702,0.9639633826629384,0.9613803213803456,0.9664919448588359,1.9279267653258767,0.005039962768554687,0.0049849233627319335,0.005099328422546387,0.4540807053930238,0.4457956119290692,0.46299544931996717,0.7892165279871367,0.7831343346617975,0.7955462098856029
hugo_alpha0p02,HUGO,0.02,texture_energy_stego,1000,0.0026019935607910155,0.044026246518904535,0.04204033173441125,0.046228296982604014,0.8959771121819297,0.1293718076640518,0.12579254917027524,0.13318412966482326,25.874361532810358,0.07035621662852784,0.06789622425629291,0.07298175057208237,0.20699120611018718,0.20162404294347383,0.21269320691284918,20.699120611018717,0.056414345669591755,0.05451884776802747,0.05852623044639451,0.3180650058159813,0.3108567603884054,0.32595399845272915,15.903250290799061,0.04329029181766165,0.04191531089071143,0.04474956608811749,0.5164215262572687,0.5068606682907071,0.5270239556169338,10.32843052514537,0.027941023880369266,0.02717945181963836,0.028766023880369265,0.6869271714821785,0.6772976298735527,0.6972474390400932,6.869271714821784,0.018403753719386587,0.01798429274433509,0.01883941691462577,0.8377343568385054,0.8305160399757197,0.8453787234113752,4.188671784192527,0.011090579641038356,0.01090568435407885,0.011288937896965423,0.9057809875372604,0.9006937624330988,0.9111220599728993,3.0192699584575347,0.007943033709293897,0.007835234858792263,0.008058543354144678,0.9434878725344991,0.9399482787542971,0.9470365083725018,2.358719681336247,0.006180300978466116,0.006107772416029297,0.006258788552137177,0.9660925970426313,0.9636655669658097,0.9684787494303428,1.9321851940852626,0.005049530029296875,0.004995647430419922,0.005108150672912598,0.46390633537811493,0.45577065731394034,0.47278477184387874,0.7954838873101568,0.7897418592348402,0.8015012161430091
hugo_alpha0p02,HUGO,0.02,uniform,1000,0.0026019935607910155,0.0026019935607910155,0.00257867956161499,0.002627850818634033,0.5,0.005,0.005,0.005,1.0,0.002601437833714722,0.0025781288138825324,0.002627289569031274,0.01,0.01,0.01,1.0,0.0026024303700877527,0.002579112457077451,0.0026282919687142313,0.02,0.02,0.02,1.0,0.002601934007247759,0.002578620541674614,0.0026277906732786577,0.05000000000000001,0.05000000000000001,0.05000000000000001,1.0,0.0026020332646677345,0.0025787189097428854,0.0026278909170672164,0.10000000000000002,0.10000000000000002,0.10000000000000002,1.0,0.0026020332646677345,0.0025787189097428854,0.0026278909170672164,0.20000000000000004,0.20000000000000004,0.20000000000000004,1.0,0.0026019836350111582,0.0025786697247706424,0.002627840794216941,0.2999999999999999,0.2999999999999999,0.2999999999999999,1.0,0.0026020001780196586,0.0025786861195529164,0.0026278575016212497,0.4000000000000001,0.4000000000000001,0.4000000000000001,1.0,0.0026019836350111582,0.0025786697247706424,0.002627840794216941,0.5,0.5,0.5,1.0,0.0026019935607910155,0.00257867956161499,0.002627850818634033,0.05000000000000002,0.05000000000000002,0.05000000000000002,0.25,0.25,0.25
hugo_alpha0p02,HUGO,0.02,wavelet_energy_cover,1000,0.0026019935607910155,0.007525401671026437,0.007087545525860624,0.008036324350334946,0.6707077199898047,0.023238623804811717,0.021956871024146396,0.024671222184311455,4.647724760962343,0.013160945842868038,0.012298169336384437,0.014113062547673532,0.042188999673129834,0.04007194115186887,0.04457727536796073,4.218899967312984,0.011932850057230064,0.011196480351011062,0.012746012972148037,0.07577111307294984,0.072267718129541,0.07954424840554258,3.7885556536474914,0.010670608430288005,0.010075748617203891,0.011317075147816134,0.15749050010303856,0.1513911648827837,0.16402693965972492,3.1498100020607707,0.008790798809796293,0.008365438315403982,0.00925277523460746,0.2640424047619946,0.25556067414816486,0.2732599769835649,2.640424047619946,0.007288891432059205,0.006986492904554818,0.007624608987563897,0.4250846322419958,0.41475874823820086,0.4361413373400145,2.1254231612099783,0.005783497682580251,0.005594796295943084,0.005992073566156136,0.5487932640762255,0.5387027254507228,0.5598795703380375,1.8293108802540852,0.004926897498823799,0.00479562739213916,0.005073255407347125,0.6492721136395129,0.6399521443771392,0.6592698731492401,1.6231802840987823,0.0043368650937458285,0.004240140237273265,0.004442826489156764,0.7324845630798743,0.7243355165586857,0.7411098218357962,1.4649691261597486,0.0038895950317382813,0.0038172975540161132,0.003971382713317872,0.14848713001202934,0.1430634194875115,0.15429841031588531,0.4539801247781396,0.44548767935165945,0.46331480897872857
hugo_alpha0p02,HUGO,0.02,wavelet_energy_stego,1000,0.0026019935607910155,0.007531238349874331,0.007089974368011469,0.00804454228885947,0.670871707210674,0.023183768786192473,0.021915743641870485,0.0245796496216805,4.636753757238496,0.013129672006102211,0.01227454233409611,0.014080301296720058,0.0422461463627573,0.040105428305462223,0.04460069357119265,4.22461463627573,0.01194696680656238,0.011217798550171689,0.012754206409767262,0.07587274017527093,0.07240015603434072,0.07965581305486355,3.7936370087635467,0.010683578104138851,0.010088050734312416,0.011335337592981118,0.15756558338314364,0.15145978912452002,0.16403047323450845,3.1513116676628723,0.008794766155489433,0.008369794766155488,0.009256521324483099,0.264265590520209,0.2558199653810912,0.2733810300624505,2.6426559052020893,0.007295262073701075,0.006990115968566415,0.007629313534752422,0.42537602841935745,0.41507788808338053,0.43641884469274084,2.1268801420967876,0.00578742680577543,0.005598725419138263,0.005994755288103912,0.54892192183248,0.5388564310219045,0.5599911212004599,1.8297397394416006,0.004928181783502664,0.00479725023206134,0.005074402998359676,0.6494051779752001,0.6400334811364025,0.6594253605368657,1.6235129449380004,0.004337675713822502,0.00424067548494154,0.004443526721852409,0.7326418043422702,0.7244950567894808,0.7413119182107669,1.4652836086845404,0.0038905029296875,0.0038180841445922854,0.003972500610351562,0.1485948284348803,0.14313340218699103,0.15444777099508844,0.4541503308186315,0.44569315321665914,0.4635033782741369
hugo_alpha0p03,HUGO,0.03,gradient_magnitude_cover,1000,0.004095130920410156,0.04935093180245678,0.046911977102441216,0.051924127211659205,0.8450672412166048,0.0995915771360315,0.09626086586561518,0.10287256898180369,19.9183154272063,0.08599923722349351,0.08260575896262395,0.08958285659801678,0.1655471821060284,0.16036983484035894,0.17082189841124049,16.554718210602843,0.07161159862647844,0.06877898702785197,0.07451178939336131,0.26168812298330363,0.2541176552489773,0.26946122917118787,13.084406149165181,0.056555025748617205,0.05446514400152584,0.058735132557695975,0.437585478725037,0.42699624861663876,0.4488241151527241,8.751709574500738,0.03759441519798581,0.03638004882887007,0.03887988860914015,0.5932429886879848,0.5813245974386707,0.6053816787799502,5.932429886879847,0.02525394827191577,0.024552485313191423,0.025972664415960935,0.7451322538158357,0.73414122968399,0.7560147719550532,3.7256612690791786,0.015674607564515823,0.015327491464647429,0.016026783364168688,0.8246398092991553,0.8151489013494351,0.8337253168061196,2.7487993643305173,0.011479826557989903,0.011268448240784304,0.011700194232163065,0.8757942338532386,0.8680642304591872,0.8832142360383591,2.1894855846330965,0.00909702645482462,0.008951632207366151,0.009248175866409813,0.9116852758237662,0.9055114513141145,0.9176516475758768,1.8233705516475325,0.007546516418457031,0.00744182243347168,0.007654998588562012,0.3930781807734254,0.3839319695603403,0.4025530051693982,0.7182217219995062,0.7091678619123675,0.7272248804074395
hugo_alpha0p03,HUGO,0.03,gradient_magnitude_stego,1000,0.004095130920410156,0.0493474771162549,0.04691557047761892,0.05191898910158197,0.8450824684926297,0.09960204092593478,0.09626099417300721,0.10288337469225421,19.920408185186957,0.08601220442410373,0.08261651411136538,0.089579118993135,0.16555941214621211,0.16034435057409444,0.17079432021348778,16.55594121462121,0.07161655856543304,0.06880443533002673,0.07451189431514689,0.2616818727151293,0.2540996103785453,0.26947237511572586,13.084093635756467,0.05655445355712378,0.05446860576006103,0.058732028418844166,0.437577056747735,0.4269612363915385,0.4488508946884441,8.751541134954701,0.03759349965667201,0.036379943923094536,0.038880796520943,0.5932693722583952,0.5813227144508921,0.6053986918973817,5.932693722583951,0.02525436789501793,0.024552707522697795,0.025972810330357827,0.745151806799432,0.7341911267259055,0.75604663645517,3.7257590339971602,0.01567493181254649,0.01532687873123653,0.016026335615785158,0.8247066735235822,0.8152112739672845,0.8338095933063832,2.7490222450786073,0.011480678509212517,0.011269647012448659,0.011701005493178034,0.8758227789226617,0.8680814498136933,0.883208495193936,2.189556947306654,0.009097312556028152,0.008951677268305711,0.009248301750939367,0.9117289122923176,0.9055568357527191,0.9176497924059981,1.8234578245846351,0.007546882629394531,0.007442404365539551,0.0076554767608642575,0.39308159826398126,0.38391879224583453,0.4025484050596753,0.7182523999570029,0.7092075796281646,0.7272391688486557
hugo_alpha0p03,HUGO,0.03,laplacian_residual_cover,1000,0.004095130920410156,0.0398219639912593,0.03815685302596799,0.04171397918923689,0.7960430146792397,0.09688159970972127,0.09454141770732091,0.09944172957368497,19.376319941944253,0.0826880244088482,0.0799668954996186,0.08559929443173152,0.15391324834263886,0.15041042360342058,0.1578351920009042,15.391324834263887,0.06567073636016786,0.0635964231209462,0.06798907859595574,0.23539553866050883,0.23045938776127314,0.2407977574534327,11.769776933025442,0.050095746709898914,0.048607962998283426,0.051782200076292195,0.38395768526334345,0.37716805894439137,0.3915822995986291,7.679153705266869,0.03249317158770123,0.0316572003509575,0.0334571641107805,0.5210917747220315,0.5136101801017505,0.5291440608642615,5.210917747220313,0.021903448538948652,0.02140654707408255,0.02245521190966659,0.6673171000857541,0.6604286272229719,0.6748269445541711,3.33658550042877,0.013910660130843619,0.013658788552137178,0.014192465047969635,0.7523969470139114,0.7465388467794399,0.7588626024010683,2.507989823379704,0.010405058301438144,0.01024499891916636,0.010585386811286446,0.8108492521505622,0.8060101874172365,0.8162094396241882,2.0271231303764057,0.00838144919796296,0.00826420802418509,0.00851166267714433,0.85512144056983,0.8511572951069915,0.8594425924794385,1.71024288113966,0.0070536422729492185,0.0069661840438842776,0.007151200485229493,0.34732269912913105,0.3414861077429209,0.35379068242844225,0.6531985212050578,0.6474558808864128,0.6594592714799139
hugo_alpha0p03,HUGO,0.03,laplacian_residual_stego,1000,0.004095130920410156,0.042802484253881036,0.040924210854335036,0.044868769625283196,0.8035917213976402,0.1029533004715041,0.10014246456564184,0.1059438258607723,20.590660094300816,0.08719603356216629,0.08437593440122045,0.09018426773455378,0.16238965204685538,0.15847102957189854,0.16661398959618667,16.23896520468554,0.0688603586417398,0.06673276421213278,0.07109958031285768,0.2460104320455976,0.24068567112350234,0.2515831677416294,12.30052160227988,0.05210165935533092,0.05062067518596223,0.053700443448407395,0.3976783280930157,0.39109671222085207,0.4049397221733317,7.953566561860314,0.03354207675288014,0.032723760204470896,0.034469243533989474,0.5350661759225739,0.5280972544621659,0.5428462182122216,5.350661759225737,0.022440032043945984,0.021965080682078277,0.022980948157473105,0.6804709257427648,0.67392629867682,0.6873831126881452,3.4023546287138244,0.014166491827042285,0.013924753952964964,0.014440400827786151,0.7631118455363489,0.7575849189030661,0.7690547898025457,2.54370615178783,0.010543036252431874,0.010388137532901848,0.010718272764263827,0.820125380695074,0.8154956607132978,0.8250640170999141,2.0503134517376846,0.008471065631616093,0.008359868345762843,0.008596192708233993,0.8627021011447257,0.8589566208238684,0.8667245708417347,1.7254042022894513,0.0071124267578125,0.007026446342468262,0.007207662582397461,0.3593668505540586,0.3535356302288766,0.36571476407643655,0.6643918282123792,0.6588763238847705,0.670220466699144
hugo_alpha0p03,HUGO,0.03,local_entropy_cover,1000,0.004095130920410156,0.03566148526412604,0.03392063129967437,0.037529230299203985,0.8402356449506144,0.07002946021795081,0.06743898798884364,0.07284262506700137,14.00589204359016,0.060762776506483596,0.058128871090770404,0.06361372997711669,0.12147086120825676,0.11716522898308314,0.1260657729113579,12.147086120825676,0.05282144219763449,0.05059276993513927,0.05528029378099962,0.20279900729724223,0.19629174301351818,0.21002092712943132,10.139950364862113,0.04406484836925425,0.04229754434484074,0.045994588022124736,0.3694308241637117,0.35934365732635387,0.38023684940711194,7.388616483274233,0.03194522011139086,0.030796255817502095,0.03317235828183413,0.5396024894501686,0.5270118123499853,0.5521912267903618,5.396024894501685,0.02311806668192569,0.022406923781185625,0.023843410963607235,0.7225842654451705,0.7106339049180872,0.7348448569020004,3.6129213272258522,0.015269507333727518,0.014909590589177745,0.015650380037765362,0.8215579924639549,0.8110113608234113,0.8315268761963909,2.738526641546516,0.011466742113093346,0.011246803275561714,0.011694832979413297,0.8829087794360211,0.8743006585978438,0.8909832212618346,2.207271948590052,0.009180777813805337,0.00903269659921036,0.009333713927406588,0.9237314627715437,0.9173210713800833,0.9299612259713467,1.8474629255430874,0.007646408081054688,0.00754146556854248,0.007754419136047363,0.33584454108899203,0.32716256576455793,0.34499791065590674,0.6989125109089989,0.6893346344830991,0.7083568014904542
hugo_alpha0p03,HUGO,0.03,local_entropy_stego,1000,0.004095130920410156,0.03566865163594866,0.03392963156680129,0.03753977783301947,0.8403628807655383,0.07003767168707892,0.06743540894869689,0.0728678285246202,14.007534337415782,0.060774980930587336,0.058139683447749814,0.06360635011441647,0.12143533228743632,0.11714260287346753,0.12606667105886815,12.143533228743632,0.05280808851583365,0.05054863601678749,0.055267913010301414,0.20283257488318635,0.19630324547719788,0.21003875024450697,10.141628744159316,0.044068662979210374,0.04230121590692352,0.04599196070951746,0.3693782969836219,0.3592841938288668,0.38009765721423483,7.387565939672437,0.031940794995040815,0.030792631799801632,0.03317025444419013,0.5397385660957577,0.5271890152662942,0.5523142885771951,5.397385660957576,0.0231231021591516,0.02240983443961242,0.02384838826581216,0.7227978552093334,0.7108379298755456,0.7350323433788619,3.613989276046667,0.015273302943027716,0.014912849758721319,0.015654987220812912,0.8217024906224139,0.8111993636803141,0.8316489655041377,2.739008302074713,0.011468382437089124,0.011248110130590136,0.011696021578525742,0.8830443991248825,0.8745023657901991,0.8910855866283425,2.2076109978122065,0.009182017585687312,0.009033804526121042,0.009334999475481129,0.9238666043446138,0.9174171062879253,0.9300824845386984,1.8477332086892275,0.007647392272949219,0.007542425727844238,0.007755389022827149,0.3358620087999371,0.32716840888151116,0.3450234785393925,0.6990418677953505,0.6894859560592095,0.7084560927780895
hugo_alpha0p03,HUGO,0.03,local_variance_cover,1000,0.004095130920410156,0.03202207616413074,0.03032879705686884,0.03383918141064367,0.8323317708407401,0.06370314722041276,0.061025306074922216,0.06647968033753701,12.740629444082554,0.054831426392067124,0.05216161327231122,0.05762013729977117,0.10801946003252459,0.10376726787853359,0.11256340386506321,10.801946003252457,0.04661121709271271,0.044446709271270514,0.04888212514307516,0.17978418511978442,0.17339752669588943,0.18654731202908917,8.98920925598922,0.03880850658020218,0.03713673469387755,0.04059242323097464,0.33314804906600376,0.3236408198338371,0.3437326591864855,6.662960981320075,0.02870641641870756,0.027644029907682915,0.029824032959487295,0.5016163710817547,0.4895296469396418,0.5143398896542144,5.016163710817548,0.02147089341573205,0.020791790646219582,0.022176673723964292,0.6985974054971053,0.6869417796224191,0.7109816664946995,3.4929870274855266,0.014771424211791185,0.014412978504262909,0.015151170630757787,0.8103433292768635,0.8000159799209676,0.8204093489690719,2.701144430922878,0.011314776903220884,0.011096085792759685,0.011546268580801851,0.8791882971694757,0.8708014567131956,0.88721013179344,2.1979707429236885,0.00914318411566118,0.008996143355776384,0.009295498435980086,0.9241210595529787,0.9177766253707815,0.9301077026541671,1.8482421191059575,0.007648399353027344,0.00754278507232666,0.007757280921936035,0.30590676628425706,0.2975278696217813,0.31499532719961,0.6813809027090135,0.6722912355395532,0.6907410376254789
hugo_alpha0p03,HUGO,0.03,local_variance_stego,1000,0.004095130920410156,0.03202979637918885,0.030333230998680193,0.03384655971036408,0.8325119751275947,0.06367540698790441,0.06099040840485881,0.06643606330630347,12.735081397580881,0.054806254767353166,0.052147025171624714,0.057583676582761256,0.10804029704604477,0.1037799206654932,0.11259733797127001,10.804029704604476,0.04661884776802747,0.04445271842808088,0.04889736741701641,0.17983600968265762,0.1734771639220624,0.18661619958930242,8.991800484132881,0.038817852374594695,0.03714984264733931,0.04060369540339501,0.3332589739896325,0.3237172916384249,0.34384847163413923,6.66517947979265,0.028714351110093843,0.027650926985580228,0.029832532234683757,0.5018917953892432,0.48992632953111753,0.514613689128404,5.018917953892432,0.021480277714198522,0.020800973716334784,0.02218259613183795,0.6988992551690593,0.6872248568611543,0.711189363453856,3.4944962758452967,0.014776516813214062,0.014416088901180646,0.015155227068988539,0.8105926402878159,0.8002605116377555,0.8206556849471187,2.701975467626053,0.011317803237414645,0.011098423890238164,0.01154991353330875,0.8794400022628638,0.8710815000392601,0.8874224983884451,2.198600005657159,0.009145434778462302,0.008998386627629747,0.009298026378530968,0.9243339978465408,0.9180382823713747,0.930312704424738,1.8486679956930816,0.00764996337890625,0.0075443714141845706,0.007758919334411621,0.3060305330075439,0.29762268643439016,0.31512281387837904,0.681615065469035,0.672571140099898,0.6909598254978526
hugo_alpha0p03,HUGO,0.03,oracle,1000,0.004095130920410156,0.09624856025520705,0.09274589661266748,0.0999868385952652,0.9403514754095706,0.1670164946940333,0.16363932737543657,0.17067003485433505,33.40329893880666,0.14255453852021355,0.13851281464530893,0.1469461289092296,0.2728213548489401,0.26738946147114645,0.27836620110752874,27.282135484894003,0.11658832506676842,0.11321004387638306,0.12012555322396032,0.4192409830496043,0.4114077526918107,0.42731204763747466,20.962049152480212,0.08939958039290483,0.08695317089452605,0.09199438298683961,0.6528563048002822,0.6436843223903432,0.6627901920899607,13.057126096005646,0.05517586022735942,0.05392918287937744,0.0565178873884184,0.8159344413330678,0.8082862892352086,0.8241961693756642,8.159344413330677,0.03409445334554055,0.03349456969558252,0.034735296978713665,0.9291089504342153,0.9244226706207954,0.9336946090155994,4.645544752171076,0.019202140037002425,0.01895344561216121,0.019469336149840734,0.9682824606200686,0.9655754814906199,0.970830867669037,3.2276082020668957,0.013278384598756406,0.013134375596047965,0.013433785270144832,0.9851585130525148,0.9836377499242043,0.9866190080438362,2.4628962826312875,0.010109052242079766,0.01001107521600641,0.010214870825306605,0.9931445888100259,0.9922890786426345,0.9939509963601483,1.9862891776200517,0.0081431884765625,0.008068211174011231,0.008224331855773925,0.5777867552116728,0.5701397201462783,0.5860550965500652,0.8729752388780037,0.8690186534118506,0.8770546196282321
hugo_alpha0p03,HUGO,0.03,srm_residual_cover,1000,0.004095130920410156,0.051748179459494184,0.04940281532712423,0.05425918967677243,0.8706000892317768,0.10163446242096959,0.09854160397242206,0.10495447292347392,20.32689248419392,0.08803966437833713,0.08473310450038139,0.09158091151792525,0.17031905799158562,0.16554761333915738,0.17556025518477228,17.031905799158558,0.07384204502098436,0.071213630293781,0.07669699542159482,0.2729400797723153,0.2658213686307261,0.2805267169436163,13.647003988615765,0.059031089071142476,0.05699539862674042,0.06119682433721152,0.4619085820974552,0.45184553942274125,0.47301096970462403,9.238171641949107,0.03965529869535363,0.038451089112687874,0.040969495307850774,0.6286159521219435,0.6176716450749764,0.6400888867211947,6.286159521219435,0.026692530708781564,0.026019155794613565,0.027421911001754787,0.786311489378704,0.7774202193623023,0.7954798156317271,3.9315574468935197,0.016477083293597053,0.01615757643670488,0.016818377233973565,0.8654129579506036,0.8585323721131836,0.8723818394422377,2.884709859835345,0.01199741871495238,0.011808952163574634,0.012198148595552053,0.9123431941379329,0.9071057721741317,0.9174049361653516,2.280857985344832,0.009439337008144347,0.00931221318354346,0.009575916000686644,0.9427099514094258,0.938909683504989,0.9463210223001848,1.8854199028188516,0.007776344299316406,0.007683834266662597,0.007875162315368653,0.4143610892943484,0.40579473969286173,0.42364043855411965,0.7528183365054548,0.7455321306621323,0.760170681263949
hugo_alpha0p03,HUGO,0.03,srm_residual_stego,1000,0.004095130920410156,0.05446256549089496,0.052051112370519764,0.05707752320753174,0.8754081924003689,0.10644929360821413,0.10318619710812194,0.10990701762504354,21.289858721642826,0.09162471395881008,0.0883146834477498,0.09530837147215865,0.17754799487433318,0.17253526090579543,0.18287668522682346,17.754799487433317,0.07658450972911102,0.07388512972148036,0.07955923311713087,0.2820317873234641,0.2748385616161987,0.2897146870221605,14.101589366173206,0.06077093267213428,0.05875496852946786,0.06300823002098035,0.473605865672734,0.46359992474290934,0.484233555513109,9.472117313454678,0.04055222400244144,0.03933186655985351,0.04181816586556802,0.6402394435282607,0.6295939543130353,0.6514013652778788,6.4023944352826065,0.027134126802471962,0.026459746700236514,0.027852158197909514,0.7964351761606294,0.7878746683134796,0.8054243522590735,3.9821758808031467,0.016667130786396842,0.016351807205935646,0.016994798680119785,0.8726232906526554,0.8659456030384204,0.8791817544242786,2.908744302175518,0.012086517554009892,0.011900617346744148,0.012281242450059127,0.9175338889603428,0.9124321452788984,0.9223768827209629,2.293834722400857,0.009486848881344295,0.009361277632607908,0.009618957304163728,0.9465499813670147,0.9427669626973496,0.9499686965684255,1.8930999627340295,0.007804435729980469,0.007712919616699219,0.007901328086853027,0.4245471289118373,0.4160231233527114,0.4336659236287092,0.7609068394266205,0.7538056591089133,0.7680836090427262
hugo_alpha0p03,HUGO,0.03,texture_energy_cover,1000,0.004095130920410156,0.05207165663169906,0.04986448449192377,0.054509754833622234,0.8815928894020676,0.10484007779121211,0.10214807960298444,0.10776591304829089,20.968015558242424,0.08987185354691075,0.08692492372234935,0.09314664378337145,0.17249566609310663,0.16833415679056926,0.17722091394832232,17.249566609310662,0.07404959938954597,0.07159486837085081,0.07671557611598626,0.27417520462857453,0.26786721634782285,0.28107640133902534,13.708760231428725,0.058816707991607854,0.05692233454129315,0.060886172038909024,0.46652696130759413,0.4571171365376957,0.4764984992111325,9.330539226151883,0.039838406958113984,0.03867926489662012,0.04108643091477836,0.6421770359671186,0.6322782194713383,0.6524477491547739,6.421770359671186,0.027165980010681316,0.02650914778362707,0.027869645037003128,0.8072676940321069,0.7993375170451169,0.8154664917352072,4.036338470160534,0.016865379847031223,0.016562772034561024,0.017185001144404813,0.8857667234520527,0.8800128923342433,0.8917566239144699,2.952555744840176,0.012248528158895261,0.012069415904784915,0.012437636534720192,0.9300876968953603,0.9260287295530968,0.9343362354867641,2.3252192422384015,0.009601928322111809,0.009483607831543612,0.00972851761429743,0.9571116196834268,0.9542462830549804,0.9599603200704888,1.9142232393668537,0.007881095886230469,0.0077938159942626956,0.007974767112731934,0.4201692632870759,0.41235513958709374,0.42848257981821875,0.7685871410983737,0.7623677719631903,0.7750283863701952
hugo_alpha0p03,HUGO,0.03,texture_energy_stego,1000,0.004095130920410156,0.054878941460543916,0.05252364606013709,0.057411448334549225,0.8856513168819724,0.10991779802221235,0.10699153182129088,0.11311431739902873,21.98355960444247,0.09354080854309688,0.09049557589626239,0.09683941647597254,0.17975547280000187,0.1752422947870402,0.18453484231316608,17.975547280000185,0.07674666157954979,0.07425454025181229,0.07947314002289203,0.2837268020819424,0.27743177279901016,0.2905239563710471,14.186340104097118,0.06060156399008202,0.058709498378790775,0.06266542056074766,0.4783900918949593,0.4693303869410817,0.4882823190393127,9.567801837899188,0.04073678187228198,0.03960666628519112,0.04196513504234379,0.6537626121659523,0.6441654970287979,0.6640830860284954,6.537626121659521,0.027600442511635,0.026962645914396885,0.028299501220721755,0.8160042953154368,0.8083517675978554,0.8240286472181518,4.080021476577183,0.0170273512750577,0.016726944057678002,0.017342936638120122,0.8912960212010255,0.8857637760718728,0.8970488635028464,2.970986737336752,0.012315247383746805,0.01213775542642066,0.012499300637056064,0.9338845956599362,0.929858274556929,0.9378398064181198,2.334711489149841,0.009636031585572871,0.00951827614488165,0.009760968404890423,0.959822720924771,0.9571365450276431,0.9624388965150117,1.919645441849542,0.00790045166015625,0.007813820838928223,0.00799246883392334,0.43051960057697103,0.42288228845345244,0.43878575673637327,0.7756994358597462,0.7697643452353093,0.7818422291157184
hugo_alpha0p03,HUGO,0.03,uniform,1000,0.004095130920410156,0.004095130920410156,0.004059339141845703,0.0041336742401123045,0.5,0.005,0.005,0.005,1.0,0.004094256292906179,0.004058472158657513,0.004132791380625477,0.01,0.01,0.01,1.0,0.004095818389927509,0.00406002060282335,0.004134368180083937,0.02,0.02,0.02,1.0,0.004095037192447072,0.004059246233072668,0.004133579629982835,0.05000000000000001,0.05000000000000001,0.05000000000000001,1.0,0.00409519340810254,0.004059401083390554,0.0041337373159380485,0.10000000000000002,0.10000000000000002,0.10000000000000002,1.0,0.00409519340810254,0.004059401083390554,0.0041337373159380485,0.20000000000000004,0.20000000000000004,0.20000000000000004,1.0,0.0040951152987850235,0.004059323656754849,0.004133658471456637,0.2999999999999999,0.2999999999999999,0.2999999999999999,1.0,0.004095141334893125,0.004059349465305239,0.004133684752616253,0.4000000000000001,0.4000000000000001,0.4000000000000001,1.0,0.0040951152987850235,0.004059323656754849,0.004133658471456637,0.5,0.5,0.5,1.0,0.004095130920410156,0.004059339141845703,0.0041336742401123045,0.05000000000000002,0.05000000000000002,0.05000000000000002,0.25,0.25,0.25
hugo_alpha0p03,HUGO,0.03,wavelet_energy_cover,1000,0.004095130920410156,0.011041373390542631,0.01044060430063196,0.01171942392308647,0.6668310486684247,0.021714114433192613,0.02061121442310221,0.022931580596659958,4.342822886638522,0.01925019069412662,0.018076983218916855,0.020546281464530892,0.03983512532882411,0.03792136591047723,0.041943169887564094,3.9835125328824113,0.01765433040824113,0.01664468714231209,0.018780026707363603,0.07193628019815662,0.06876977128979066,0.07534825752991858,3.5968140099078307,0.015888804119778756,0.015032390806790006,0.01681128170894526,0.15152306298558524,0.14589430850195964,0.15753877964849122,3.0304612597117044,0.01328137636377508,0.012649965667200731,0.013968965056839856,0.256844912694649,0.24874297408865842,0.2655272847639525,2.5684491269464904,0.01114724956130312,0.01068820000762951,0.011654515716792555,0.417575070357031,0.40754800627035187,0.4282642140377101,2.087875351785155,0.008940452802838124,0.008647282992237122,0.009249462606572698,0.5421747922520587,0.5321637290356608,0.553128369562408,1.807249307506862,0.007662233129458439,0.0074565612959831135,0.00788667936116374,0.6436067381607636,0.6343108470699789,0.6533282091533714,1.609016845401909,0.00676784794674703,0.006618143584657347,0.0069371552480497435,0.7281442759849335,0.71993669774675,0.7367293419549228,1.456288551969867,0.006086616516113281,0.005971114540100098,0.006214128494262695,0.1432810495288491,0.13823312537664154,0.14864736536130993,0.44782644892769874,0.4394400697083368,0.45682031382203964
hugo_alpha0p03,HUGO,0.03,wavelet_energy_stego,1000,0.004095130920410156,0.011055126029426625,0.010455323101004967,0.011733966175208593,0.6670886688460835,0.021656843839573517,0.02055296800152225,0.022888377480438368,4.331368767914704,0.019199084668192222,0.018041723874904655,0.0204883295194508,0.0398149238654669,0.03791755024276532,0.041912278153677145,3.9814923865466905,0.017644028996566197,0.0166252861503243,0.01876549980923312,0.07198069250532475,0.06883062055458532,0.07539823137116498,3.5990346252662375,0.015896814800686627,0.01503583826053786,0.016811863436963573,0.1516531204821518,0.1459614783648528,0.15768269751351044,3.0330624096430356,0.013292973220416572,0.012661480506599527,0.013980947203784238,0.25710122731523394,0.248971376187358,0.26571217214630977,2.5710122731523386,0.011158693827725642,0.010698018234531167,0.011665872243839168,0.4180130604599993,0.4079718775655026,0.4286461587176334,2.090065302299996,0.00894976062865971,0.0086570976940243,0.00926037689065212,0.5424801890179602,0.5324375755059391,0.5535169455536577,1.8082672967265343,0.0076666963366097424,0.007461654883460703,0.007892169042381394,0.6439947718812467,0.6347184846704312,0.6537702850265008,1.6099869297031164,0.00677197734078468,0.006621291413149212,0.0069417991474184145,0.7284261599499455,0.7201983580490298,0.7369702984404377,1.456852319899891,0.006088897705078125,0.005973386192321778,0.006216136741638184,0.14340165500462282,0.1383288434792941,0.1487864450932711,0.4481306739992837,0.43979289580131403,0.4571761632271595
hugo_alpha0p05,HUGO,0.05,gradient_magnitude_cover,1000,0.007281459808349609,0.06591490812798835,0.06300387921666152,0.06897012998430506,0.8323069567000106,0.07886077608116573,0.07647035833859482,0.08124467788761557,15.772155216233147,0.12010983981693364,0.11576723874904653,0.12458585049580473,0.13515360833213794,0.13112315416124162,0.13912068408174044,13.515360833213794,0.10324952308279282,0.09950932850057231,0.10706733117130866,0.2219202823384282,0.2157271341256731,0.22816012185381068,11.096014116921408,0.08486210185008582,0.0818601993133702,0.08796636944497425,0.39232019381933236,0.38271074474084527,0.4023999199619422,7.846403876386646,0.0598383306630045,0.05792134737163347,0.06188304341191729,0.553946377848394,0.5425329972652271,0.5653675944237616,5.539463778483938,0.041935072861829556,0.04077591077286946,0.04314734683756771,0.7184373160280814,0.7078022751739241,0.7294064282436535,3.592186580140407,0.02689162486410193,0.026288091991073643,0.027507357092448836,0.8063442077044961,0.7969735428584365,0.815461547356104,2.6878140256816536,0.019973907404346226,0.01960052388642346,0.020352752946861136,0.8630039726359057,0.8551580473063902,0.8704006129544062,2.157509931589764,0.01594875927444735,0.01569115780388716,0.016213618894123483,0.9028974578593285,0.8966529814280686,0.908901586903003,1.805794915718657,0.013295387268066406,0.013109952926635741,0.013491064453125,0.3538782878864856,0.3456581313091078,0.3624239591517909,0.6940171404217661,0.6853512338879253,0.7026947457604911
hugo_alpha0p05,HUGO,0.05,gradient_magnitude_stego,1000,0.007281459808349609,0.06591263270926594,0.06300245320710089,0.06896814047764516,0.8323178287639181,0.07886372447739463,0.0764759678479523,0.08126972666084463,15.772744895478926,0.12012509534706331,0.11576521739130435,0.1245938024408848,0.13512900939134073,0.1311185752633554,0.13909341274402476,13.512900939134074,0.10323120946203738,0.09948932659290347,0.10705420640976726,0.22195169547558305,0.2157304199016278,0.2282266560862783,11.097584773779152,0.08487316421895862,0.08186279324814039,0.0879802450886897,0.392306688071223,0.3826528028512525,0.4023289405483206,7.84613376142446,0.05983642328526741,0.057912296864271,0.06187864690623331,0.5539606287976846,0.5425551900324712,0.565350528511264,5.539606287976847,0.041935797665369645,0.040775569352254515,0.0431504758907454,0.7184569304247854,0.7078540201963992,0.7294367069937583,3.592284652123927,0.026892254286749698,0.026288318011024436,0.027508167235690172,0.8063549765586804,0.7969641390277934,0.8154768112466945,2.6878499218622682,0.01997417443383391,0.019600615121498417,0.020352484327912212,0.8630297369549219,0.8551976412782465,0.8704028811221333,2.1575743423873046,0.015949312403440847,0.015691668494535467,0.016213780302885807,0.9029335282984999,0.8966663384120274,0.9089050091034842,1.8058670565969999,0.013295867919921874,0.013110585021972657,0.013491530799865722,0.3538810334512473,0.3456666868014383,0.3624285566516486,0.6940339511875454,0.6853546841738907,0.7027030763592993
hugo_alpha0p05,HUGO,0.05,laplacian_residual_cover,1000,0.007281459808349609,0.05338571093369416,0.05136647786471737,0.055713273939678454,0.7819279864337231,0.07784070570827101,0.07612634526173119,0.07974283051219624,15.5681411416542,0.11758276125095347,0.11406781083142639,0.12147602974828374,0.12776586478517704,0.12501372613688985,0.13079347459558913,12.776586478517704,0.09660167874856924,0.09377268218237315,0.09976797977871041,0.20262165480509214,0.19854435178717647,0.2071126990102062,10.131082740254607,0.07652813274842649,0.07435738603852758,0.07900216002288765,0.34680904750676156,0.3407727200841301,0.3535487070908171,6.93618095013523,0.05221133745326925,0.05083489356832227,0.0537595349813077,0.4866508921414592,0.4797217171676963,0.49445815274672866,4.866508921414592,0.03642961776150149,0.03559053559166858,0.03737158960860608,0.6405680432264371,0.633754907755678,0.6481699738243873,3.2028402161321856,0.023782181617044002,0.023332061931373858,0.02426760952907742,0.7309732386109342,0.725083554632269,0.737605398519717,2.436577462036447,0.01799996185293033,0.017712125046094374,0.018316861322686062,0.794423027607048,0.789607411093012,0.799890593700855,1.9860575690176199,0.014617587594651817,0.01441083012264205,0.014843052747525226,0.8424214186640282,0.838390575531641,0.8469497735876447,1.6848428373280564,0.012366508483886719,0.012208698272705078,0.012536311340332031,0.31438514814338964,0.3091531577069874,0.3202036641288569,0.6289771225981106,0.6234013778279981,0.6351854440040061
hugo_alpha0p05,HUGO,0.05,laplacian_residual_stego,1000,0.007281459808349609,0.05742702390735491,0.0551668926348284,0.05991611851878172,0.7906518471826826,0.08317950201742329,0.080999857215014,0.08563414319295473,16.635900403484655,0.1245865751334859,0.12076577040427154,0.12855507246376813,0.13572624403697606,0.13249783301683585,0.13911793400117275,13.572624403697604,0.1019301793208699,0.09889347577260588,0.1050825734452499,0.21366680270954305,0.20912373978727183,0.2184462374799549,10.683340135477152,0.08025596032805646,0.07806105283234789,0.0825952269692924,0.3610676936254005,0.3550183590018606,0.3677444759016299,7.221353872508009,0.05415320057984284,0.05281837949187457,0.05563111886778058,0.5023994712117453,0.4957348040729218,0.5098855957667409,5.023994712117453,0.03750907911802854,0.03669915026321812,0.03842193865873198,0.6553566686680861,0.6489402411059982,0.6624226293074486,3.2767833433404303,0.024294417211848406,0.023869047664460512,0.024771686948063094,0.7440802867982624,0.7385805929269859,0.7502148946725782,2.480267622660875,0.018302455399717713,0.018028257441857508,0.018613046933611387,0.8051835130628731,0.8004864733705626,0.8102440761796196,2.0129587826571824,0.014804363997024549,0.014611059242022545,0.015025169514963093,0.8515004788771412,0.8476835652471213,0.8556249321536139,1.7030009577542824,0.01249266815185547,0.012343090438842774,0.012660990333557129,0.32709874919864956,0.32186886797805875,0.33279783915559863,0.6417338385544629,0.6365318849633077,0.6475475870554116
hugo_alpha0p05,HUGO,0.05,local_entropy_cover,1000,0.007281459808349609,0.0511836911531761,0.04889553585271515,0.053661585975918476,0.8282693307565514,0.058010209876928585,0.05604058647045739,0.060073577305089366,11.602041975385717,0.08892906178489701,0.08536390160183067,0.09264157131960336,0.10272164371752397,0.09937469243882358,0.10632665463756708,10.272164371752396,0.07892903471957269,0.0758264021365891,0.08231449828309806,0.17600106179068228,0.17070434240964702,0.18177951768752434,8.800053089534114,0.06766698455082969,0.0650731117680717,0.07040956036620255,0.33351660748369216,0.32452399269699467,0.3430005375857495,6.670332149673843,0.05117212176699473,0.049347138933394374,0.05308472762645914,0.5032917259440286,0.4915261159788667,0.5150797971430596,5.0329172594402865,0.03833306630045014,0.037149557488365,0.03956864747844663,0.6950104035344996,0.6832688914036527,0.7069256893969166,3.4750520176724975,0.02613584085143718,0.02550323818878865,0.026792421655953764,0.8021519942244847,0.7917678492772923,0.8123424118811037,2.673839980748282,0.019925511488625817,0.019529463207151303,0.020334013834670605,0.8695363342021003,0.8607711913695906,0.8778212805676037,2.1738408355052505,0.016089978828510938,0.01582222148047836,0.016368854069312783,0.9147301606672162,0.9081556305537848,0.9210937106259665,1.8294603213344325,0.013472030639648438,0.013280974769592285,0.013666920852661132,0.30503442061028124,0.2972407569044839,0.3130568133069107,0.6761488191753976,0.666893897464863,0.6852309205225736
hugo_alpha0p05,HUGO,0.05,local_entropy_stego,1000,0.007281459808349609,0.051195438740645256,0.04890568337834309,0.05368188973096353,0.8284208574567486,0.05807677771608543,0.056113493611923505,0.06013936394582266,11.615355543217087,0.08903813882532419,0.08549309687261633,0.09278266590389016,0.10271254659091425,0.0994125726823719,0.10631864891043216,10.271254659091424,0.07891720717283479,0.07579690003815338,0.08229768218237314,0.17604884870299195,0.17075054019305855,0.1818514714893419,8.802442435149597,0.06768262445164981,0.06510845889757771,0.07041222105664696,0.3334958267613637,0.32452877141457365,0.3429389767496744,6.669916535227273,0.05117013809414816,0.04936188105592432,0.05306791409170672,0.5034438813314295,0.4916577771526305,0.5152260523558887,5.034438813314293,0.038343785763332576,0.03715702868696116,0.039573796444647896,0.6951539657798553,0.6834494914731728,0.7071354437120922,3.475769828899276,0.02614045661752084,0.02550867506532644,0.02679530746342673,0.8023408553624081,0.7919517031924647,0.8125031249399602,2.6744695178746936,0.019929529646630976,0.019533268377350813,0.020336553157941587,0.869699895800034,0.860946872554175,0.8779819532271421,2.174249739500085,0.01609255373934273,0.015824707938354728,0.016371372475156878,0.9148986612598439,0.9082954367338082,0.9212603283728111,1.8297973225196877,0.01347418975830078,0.013283684539794923,0.013668426513671875,0.30507635065812405,0.2973090716542063,0.3130882801370367,0.6762884677792116,0.667012557516699,0.6853547940430901
hugo_alpha0p05,HUGO,0.05,local_variance_cover,1000,0.007281459808349609,0.044950015351548786,0.04289455664473286,0.04719512797872211,0.8188835096605901,0.051845861729277645,0.049870315728640716,0.05387633996561712,10.369172345855526,0.07875057208237987,0.07533379099923722,0.0822663043478261,0.08996844407752232,0.08669529748082928,0.09340747131194714,8.996844407752233,0.06853834414345669,0.06566370660053415,0.07159174933231591,0.1538927648110367,0.14881995996920247,0.1592603295644944,7.694638240551836,0.05869845508296777,0.05633301544917032,0.061208559031089065,0.29703038586432473,0.28869097813918887,0.3061080633457844,5.940607717286493,0.0453427176317998,0.043698109788662544,0.04706373121232929,0.46291397219813357,0.4518691003019893,0.4745370020259541,4.6291397219813355,0.035184061951628896,0.03407482833600366,0.03631675154497597,0.6670447889879372,0.6555217809148624,0.6789901514607615,3.3352239449396857,0.02508825268458296,0.024462324286177495,0.025731548856548856,0.7875209674747771,0.7772859089979478,0.7978010663536687,2.6250698915825907,0.019568938112737307,0.019172280749717076,0.019979788093027986,0.8635709030916446,0.855050656974844,0.8717539875168187,2.1589272577291108,0.01598234755574205,0.01571467198497015,0.016258136718228462,0.9137179656682668,0.9071901424951132,0.9199061176017006,1.8274359313365336,0.013456184387207032,0.013265469551086425,0.013652765083312987,0.2746591267497487,0.26743068476068066,0.28249806016904844,0.6562223510474615,0.6476198614109673,0.6652284150031473
hugo_alpha0p05,HUGO,0.05,local_variance_stego,1000,0.007281459808349609,0.04496215905170787,0.0429073817737504,0.04720396288584684,0.819067706071332,0.05185517847496783,0.049879665666589725,0.05389244081797425,10.371035694993564,0.07876048817696416,0.0753246948893974,0.08227496186117467,0.0899720179147401,0.08670605961290073,0.0934256847342333,8.99720179147401,0.06853910721098817,0.0656624475391072,0.07161665394887447,0.15393462490596413,0.14885711591945655,0.1592857652036123,7.696731245298208,0.05871028037383178,0.05634385370970818,0.06121156780469197,0.2971032095155019,0.2888282839289839,0.3061591966874581,5.942064190310037,0.04535172045471885,0.04370541313801785,0.04707061684596018,0.4631348898702656,0.45212339187541667,0.4747168510131075,4.6313488987026545,0.035197833218890674,0.03408610761425193,0.036327754253452346,0.6673103901935405,0.6557781242231749,0.6791555355455764,3.3365519509677033,0.025096263518281866,0.024472575292300063,0.025739799538423393,0.7877483778381082,0.7774931366939879,0.7979820855723456,2.625827926127027,0.019573706496445964,0.019177242729804308,0.019985226911486083,0.8638180247932649,0.8553420109438636,0.872012233853487,2.159545061983162,0.015986295752350797,0.015718499542238074,0.016262325001430506,0.9139289443012694,0.9074115825515494,0.9201037414379915,1.8278578886025387,0.013458946228027343,0.013268264389038085,0.013655733489990234,0.2747525915223139,0.26756809623085503,0.2825921255349961,0.656432260286599,0.647796351049529,0.6653977685780306
hugo_alpha0p05,HUGO,0.05,oracle,1000,0.007281459808349609,0.1188307249989216,0.1149464011493493,0.12299785734677127,0.9266268326607361,0.12547122470769895,0.12319835503587892,0.12796139019553854,25.09424494153979,0.18916933638443936,0.18424406941266208,0.1944112128146453,0.21317016059430405,0.2091509576471862,0.217354915666487,21.317016059430404,0.1611674933231591,0.15684056657764212,0.16563853491033959,0.3434290448293874,0.3372204967944635,0.34989635889768717,17.17145224146937,0.12988060270837307,0.12643561415220295,0.13354744421132939,0.5759587875549471,0.5674893679551649,0.585278563264789,11.519175751098944,0.08668085755703059,0.08466851300831617,0.08895303082322424,0.7597102184614455,0.7514385525436539,0.7685194670171154,7.597102184614454,0.05661749446860456,0.05554084554055085,0.057750885023270006,0.901035118342663,0.8955965938829239,0.9065742122336663,4.505175591713316,0.03319231722901448,0.03273585467966202,0.03367470531576037,0.9534460414266741,0.9500555079225587,0.9567182676372095,3.178153471422247,0.02328464071818217,0.02302351798634335,0.023564612870821303,0.9773426873365879,0.9753513168995329,0.9792783595587494,2.44335671834147,0.01784853802284995,0.0176677563943619,0.018037961815026034,0.9891147508641638,0.9879492641988823,0.9901805872240109,1.9782295017283276,0.01442797088623047,0.014292098808288575,0.014573259162902832,0.5112582018831755,0.5042347631720046,0.5187844485438738,0.8434989067303809,0.8390757586741031,0.8479476136619423
hugo_alpha0p05,HUGO,0.05,srm_residual_cover,1000,0.007281459808349609,0.06897341850162017,0.06605112357594853,0.07204782704993279,0.8550785134898774,0.08050502371353929,0.07832062270504682,0.08284109545180467,16.10100474270786,0.12299618611746757,0.11876540808543097,0.12751451182303583,0.13889436794886703,0.13519702752977455,0.14277347913934477,13.889436794886702,0.106349866463182,0.10271839946585272,0.11020705837466616,0.22986266272198794,0.22410941243912164,0.23603396913537955,11.493133136099397,0.08800972725538814,0.08500894526034712,0.09111829582300209,0.41006749043275553,0.4007857581427539,0.41985710717966046,8.20134980865511,0.06254558632791639,0.06059146639200427,0.06458702029449911,0.5815097749060446,0.5711286523133305,0.5924351046881485,5.815097749060445,0.04395986877241169,0.0428093528267338,0.045192555504692145,0.7531704897709567,0.7438730335845941,0.7624885607895254,3.765852448854783,0.028113410517080245,0.02754600745770471,0.02870669905968071,0.842203611525764,0.8348649718430692,0.8494146078689212,2.8073453717525463,0.020792645244967767,0.020455126012486804,0.021152740866955736,0.8962413516135919,0.8906175884255627,0.9018150923123536,2.24060337903398,0.016507963150164985,0.01627897418413474,0.016749716044555493,0.9319339184732087,0.9277156259004273,0.9359557848446629,1.8638678369464174,0.013680908203125,0.013515847778320312,0.013855181884765625,0.36981930122585294,0.36198446765717013,0.3780684163300733,0.7236313201651584,0.7163319894602037,0.7309090546944789
hugo_alpha0p05,HUGO,0.05,srm_residual_stego,1000,0.007281459808349609,0.07252491044342027,0.06955470405552024,0.07565337469219717,0.860849683133996,0.08442431179990502,0.08198591451682097,0.08689480683466731,16.884862359981003,0.12815636918382917,0.12386414950419526,0.13278346681922196,0.14513905248037706,0.14128222036037416,0.149175831887311,14.513905248037707,0.11052880579931323,0.10692155665776422,0.11444540251812285,0.2385076772457418,0.23273692379531627,0.244767224801556,11.92538386228709,0.09093515163074575,0.08796405206942591,0.09408075052450889,0.422451620897149,0.41351669258991564,0.432051246112878,8.449032417942979,0.06423575188830395,0.062312420843823914,0.06624848935683222,0.5945078790509173,0.5842170005732528,0.6051835393768191,5.945078790509173,0.04484596017395285,0.0436814850843061,0.04606059643701838,0.7646346013958203,0.7558064269294708,0.7737847352101791,3.823173006979101,0.028500104903774626,0.02793303181445383,0.029079645329874688,0.8512689680743315,0.8441218294419096,0.8581269095542722,2.8375632269144386,0.020994354233688953,0.02065295957682184,0.021337349478020934,0.9031064149715956,0.8975271396231603,0.9082391675089372,2.257766037428989,0.016621345057124877,0.01639169114421408,0.01685323008258788,0.9369263488348417,0.9328185018631021,0.9406580543334222,1.8738526976696834,0.013746688842773438,0.01358001537322998,0.013916403579711915,0.3804157980967608,0.37281510573295557,0.38855024873697097,0.7330285792962775,0.7257876008332762,0.7402179555020968
hugo_alpha0p05,HUGO,0.05,texture_energy_cover,1000,0.007281459808349609,0.06915391883236341,0.0665150044535797,0.07208434692663213,0.8656315785600195,0.08297585136980729,0.08107507931398301,0.085071747378317,16.595170273961454,0.12558886346300535,0.12185728451563692,0.12979834096109838,0.14054372055331635,0.13741693222318205,0.14400495941893754,14.054372055331639,0.10663449065242274,0.10337486646318199,0.11022999809233118,0.23086444022539274,0.22589006098126066,0.2364069110075266,11.543222011269638,0.08769769216097655,0.08502055121113866,0.09060779610909785,0.41330653936915906,0.4051734679000353,0.42221520304378746,8.26613078738318,0.06269298847943847,0.060891384374761576,0.06465826848249027,0.5920630809949332,0.5823943569432763,0.6020002480654303,5.920630809949331,0.04458846417944609,0.04348217364766918,0.04578978885328451,0.7719615037115826,0.7637212553442186,0.780669942204788,3.8598075185579117,0.02873379236681989,0.02818301226420493,0.029301552099029165,0.8616884723576214,0.855443400987345,0.8682619487105171,2.872294907858738,0.02122323665170454,0.020900343005734776,0.021561518507686634,0.9136679975444192,0.909006095327513,0.918382182277306,2.2841699938610476,0.01679470331305194,0.016580460003051748,0.017025332354231437,0.9462363921935962,0.9429426640845884,0.9495428653504664,1.8924727843871925,0.013867446899414063,0.013708564567565917,0.014036112213134767,0.37420084565146455,0.3673476852475354,0.38151588042040324,0.7381337111718703,0.7317427124877215,0.7447976111366753
hugo_alpha0p05,HUGO,0.05,texture_energy_stego,1000,0.007281459808349609,0.07290923695341141,0.07007900319980706,0.0759821502733578,0.8705257473490883,0.08737257113912968,0.08516816580847526,0.08976386873366986,17.47451422782594,0.13125247902364606,0.12730795194508007,0.13551826849733029,0.14723236542385393,0.14378412296829488,0.15089131911499423,14.723236542385392,0.11103433803891645,0.10770578977489509,0.11459637542922549,0.24013339803382133,0.2350056967427063,0.24568722299727996,12.006669901691065,0.0907747472820904,0.08808950982262063,0.09366605473965287,0.4258987844867374,0.4177717959850561,0.4346031988509985,8.51797568973475,0.06438910505836576,0.06260439841306172,0.06629572365911345,0.6054284110824776,0.5961212876137111,0.6152969676598153,6.054284110824775,0.045491569390402074,0.04438883516441596,0.04667385557335774,0.782435772057665,0.7745093626310696,0.7906772558339689,3.9121788602883254,0.02908193938469168,0.02854218943714357,0.02964387695740907,0.8692217531060087,0.8631341125956359,0.8753200872303953,2.897405843686695,0.021388248159403888,0.0210687308469921,0.02171997539514006,0.9186687278922855,0.9141740911313667,0.9230398702396827,2.2966718197307134,0.016875355242327722,0.01665646517194682,0.017100457285090312,0.949650988266732,0.9464619159203526,0.9527084600003396,1.899301976533464,0.013911338806152343,0.013751426696777345,0.014075721740722656,0.38515435213582416,0.37839000152625374,0.39250025510422415,0.7466040609732777,0.7404477018543374,0.752901879474794
hugo_alpha0p05,HUGO,0.05,uniform,1000,0.007281459808349609,0.007281459808349609,0.007219565963745117,0.007349637985229493,0.5,0.005,0.005,0.005,1.0,0.007279904652936689,0.007218024027459954,0.00734806826849733,0.01,0.01,0.01,1.0,0.00728268218237314,0.007220777947348341,0.007350871804654712,0.02,0.02,0.02,1.0,0.007281293152775129,0.007219400724775892,0.007349469769216098,0.05000000000000001,0.05000000000000001,0.05000000000000001,1.0,0.007281570916304265,0.0072196761272602435,0.007349750133516441,0.10000000000000002,0.10000000000000002,0.10000000000000002,1.0,0.007281570916304265,0.0072196761272602435,0.007349750133516441,0.20000000000000004,0.20000000000000004,0.20000000000000004,1.0,0.007281432031890749,0.007219538423391634,0.007349609948692518,0.2999999999999999,0.2999999999999999,0.2999999999999999,1.0,0.007281478326106583,0.007219584324097503,0.007349656676372977,0.4000000000000001,0.4000000000000001,0.4000000000000001,1.0,0.007281432031890749,0.007219538423391634,0.007349609948692518,0.5,0.5,0.5,1.0,0.007281459808349609,0.007219565963745117,0.007349637985229493,0.05000000000000002,0.05000000000000002,0.05000000000000002,0.25,0.25,0.25
hugo_alpha0p05,HUGO,0.05,wavelet_energy_cover,1000,0.007281459808349609,0.017951449719687127,0.01706225090124609,0.018920877929424575,0.6610664802987355,0.01959952871982611,0.018668993252108804,0.020574834920720337,3.9199057439652223,0.030653699466056446,0.028949504195270783,0.032504500381388246,0.03634922707562255,0.0347307915606604,0.0381051070907196,3.6349227075622554,0.02842312094620374,0.026898082792827165,0.030042426554750097,0.06665068495293475,0.06391942093808294,0.06953235794613634,3.3325342476467377,0.026007057028418844,0.02469260442494755,0.02744314323860385,0.1430279361260303,0.13788274526938876,0.1485024099152811,2.8605587225206053,0.022204547188525214,0.021199828336003666,0.02330889028763256,0.24607508719722626,0.23844188699787347,0.2539522959563821,2.4607508719722624,0.018952773327229725,0.018189246204318305,0.019776130121309222,0.40635584586978063,0.3967890222046789,0.4164707996362305,2.0317792293489028,0.015460947185717827,0.01495589988365218,0.015988537355280476,0.5316571544176497,0.5219824416722212,0.5421524015132256,1.7721905147254988,0.01336074412217235,0.01300695262133947,0.01374969228030467,0.6345529084271161,0.6254843902115246,0.6440864461310636,1.58638227106779,0.01186805012493086,0.011604421932518264,0.012157976501554485,0.7211864092555966,0.7129929874593143,0.7296532982314988,1.4423728185111933,0.010722511291503907,0.010522245597839356,0.010945349884033203,0.1357662517069686,0.13115974160529612,0.14065084926046972,0.43839258172958523,0.43038356243388226,0.4470217945525684
hugo_alpha0p05,HUGO,0.05,wavelet_energy_stego,1000,0.007281459808349609,0.017976626607153472,0.017080585090652075,0.01894401746938816,0.661397171403317,0.019607026901856492,0.018668955680921587,0.020585609634393095,3.9214053803712985,0.03066666666666667,0.028954118993135013,0.03251424485125858,0.0364105062978186,0.03477723797953645,0.03816014273438698,3.64105062978186,0.02846776039679512,0.02694236932468523,0.030083670354826404,0.06671681171275626,0.06399037300305332,0.06959839118216758,3.335840585637812,0.026030516879649055,0.024724976158687777,0.02747037478542819,0.14317629564189174,0.13802199525408496,0.14866260046111815,2.8635259128378348,0.022226749065384906,0.02121336118104829,0.023328723201342796,0.24640256617182402,0.2387488507560641,0.2542810524296135,2.4640256617182406,0.018980163271534296,0.018213994430457008,0.019799114023041117,0.4068496695237702,0.3973184940631302,0.41697250440138717,2.034248347618851,0.015479791718323827,0.014975829216654905,0.01600682160636289,0.5321600443681244,0.5224509781075473,0.5426670863893486,1.7738668145604142,0.013373612400340783,0.013018776623475706,0.013766706191269407,0.6349847656503329,0.6259101398361366,0.6445241613601421,1.587461914125832,0.011876432890194358,0.011610691601976005,0.012167893961357265,0.7216480065312995,0.7135435595586033,0.730104066129175,1.443296013062599,0.010729331970214844,0.010529630661010743,0.010951808738708496,0.13592566145969318,0.1313018902755995,0.14081556605035214,0.4387890854706964,0.4307198502898232,0.44744616151122474
hugo_alpha0p1,HUGO,0.1,gradient_magnitude_cover,1000,0.01601203155517578,0.09790747273482171,0.09419399317280289,0.10181104855995417,0.8107486699307555,0.05484563205602346,0.053419671672926404,0.05624924400729111,10.969126411204693,0.18155530129672007,0.1759608695652174,0.1871075896262395,0.0977697552608519,0.0952753860619492,0.10021206747299173,9.776975526085188,0.16242350247996948,0.1572774322777566,0.1676169210225105,0.16851658816463277,0.1643782658691469,0.17278781067337654,8.425829408231637,0.14035533091741367,0.1359007486172039,0.14501512492847607,0.32282321765567323,0.31532880596979806,0.3305853169810319,6.456464353113464,0.10767772945754177,0.10438788052185854,0.11110629053177691,0.4869134015909074,0.4769464963304629,0.497131646560365,4.869134015909074,0.08092336156252383,0.07867816243228809,0.0832270218204013,0.669691907913528,0.6596409580002216,0.6799048122400624,3.3484595395676395,0.055157451029010665,0.05389948835568102,0.05645354431707643,0.7721828591858108,0.7630734386062042,0.7812518790460723,2.5739428639527033,0.0421035184313925,0.04131679170428392,0.04293654171382069,0.8389134693557438,0.8312552317567485,0.8463846435016174,2.0972836733893594,0.034123490816151375,0.03357148000152588,0.03470300596997845,0.8860796499488681,0.8797955586048382,0.8920164158002754,1.7721592998977362,0.02871332550048828,0.028308963394165037,0.02914216899871826,0.2946359683402877,0.2881170202107069,0.30131011555780585,0.6523841461130516,0.6442148826032449,0.660413193349695
hugo_alpha0p1,HUGO,0.1,gradient_magnitude_stego,1000,0.01601203155517578,0.09790281916849336,0.09418835085943585,0.10180701157276378,0.810754290843219,0.05483847374289577,0.05342143598433009,0.056244963320424744,10.967694748579154,0.18153241800152553,0.17591680015255529,0.18706203279938977,0.09776322617906161,0.0952683000200674,0.10021839878410227,9.77632261790616,0.16241014879816862,0.15724562190003816,0.16761236169400992,0.16847819485920631,0.16433998084950302,0.17273363578584144,8.423909742960316,0.1403271028037383,0.13587371733740225,0.1449982166698455,0.3227746718103728,0.31528383817112343,0.33053593289418975,6.4554934362074565,0.10766132600900283,0.10436237506675822,0.11107930685893035,0.48692507352358483,0.4769727199937983,0.49712431774903076,4.869250735235848,0.08092511635004196,0.07867864690623332,0.0832295901045243,0.6696859634447566,0.6596222062203521,0.679889632150737,3.3484298172237823,0.05515672623929505,0.053899777794731915,0.05645352238265082,0.7722157098407224,0.7631063273473684,0.7812966712131546,2.5740523661357417,0.042105298627977066,0.04132130545630253,0.04293680810752387,0.8389089811636496,0.831254761866097,0.8463772489489669,2.097272452909124,0.03412331915542925,0.033572954137977076,0.03470315688836331,0.8860784621837947,0.8797455192509793,0.8920145787149304,1.7721569243675894,0.02871337890625,0.02830852966308594,0.0291427225112915,0.294610941727461,0.2881056009394656,0.3012898014745191,0.6523846728060559,0.6442128160228635,0.6604274654750011
hugo_alpha0p1,HUGO,0.1,laplacian_residual_cover,1000,0.01601203155517578,0.08081904464786199,0.07822669658546488,0.08381594184421089,0.760050737525856,0.05505995162170615,0.05401207636218316,0.056155965521669814,11.01199032434123,0.18142639206712435,0.17684336384439361,0.18653556445461478,0.09471432867318992,0.09296636935864432,0.0966543409861617,9.47143286731899,0.15638801983975584,0.15242006867607785,0.16091532811903855,0.15811497087518178,0.15529888365302252,0.16125900589196204,7.9057485437590875,0.1306732786572573,0.12731805740987984,0.13445729544154106,0.29127557195982795,0.2864162591489745,0.2967346830077617,5.825511439196559,0.09629381246662089,0.0938895952544442,0.09902405584802013,0.4319613987274122,0.42569215058565857,0.4389153494694871,4.319613987274121,0.0711792172121767,0.06951817730983444,0.07299559872587168,0.5960981471748646,0.5895841741248569,0.6034137584311893,2.980490735874323,0.04876476759045567,0.04784347593888879,0.0497808660283431,0.6962709634712791,0.6904278348702125,0.7028615549699748,2.3209032115709305,0.03777241458235316,0.03716114879900309,0.03844233275688873,0.767162851801203,0.7620859847313344,0.7729666950026451,1.9179071295030077,0.031089206355261405,0.03064505021076122,0.03157837003375995,0.8213935669076508,0.8171250759441742,0.8260664133132815,1.6427871338153015,0.02654716491699219,0.026209558868408204,0.026916741943359374,0.2659801448723951,0.2618178190932626,0.27069722867244567,0.5904379180274548,0.585183082185198,0.5963206164354224
hugo_alpha0p1,HUGO,0.1,laplacian_residual_stego,1000,0.01601203155517578,0.0870070882103449,0.08415793424843535,0.09018455056041684,0.7709577084829788,0.058931739583268083,0.05761875839899376,0.06035377970385935,11.786347916653616,0.19265446224256294,0.18775183066361556,0.1977939740655988,0.10132360844871931,0.09916578591707041,0.10369661953850579,10.132360844871931,0.16601449828309806,0.1617557897748951,0.170668285005723,0.16805946197952712,0.16472084001605852,0.17163936011858708,8.402973098976357,0.138,0.13466066660308984,0.14175046252145718,0.30654137086812544,0.3014935583890837,0.31204598828634517,6.130827417362509,0.10085603112840466,0.09853347829404135,0.10352053292133973,0.45033585483552846,0.4441754547167003,0.45725161895108424,4.503358548355284,0.0739535744258793,0.07240736629282062,0.07574822518501566,0.6146648632033817,0.6083647012131279,0.6215329188604756,3.0733243160169077,0.05017949989509623,0.049296678365027,0.05119838257452936,0.7128947622527597,0.7073335789615678,0.7191976420279518,2.376315874175866,0.03861781722467352,0.038024254542680214,0.039289239347430796,0.7811044279036666,0.7762249001246643,0.7863353608710311,1.9527610697591664,0.03162128783688417,0.031194422218619473,0.032105312422514264,0.8331520074988327,0.8290285169464404,0.8373977723606659,1.6663040149976653,0.02690746307373047,0.02657658863067627,0.027271659660339356,0.2793582620648551,0.2749929370038213,0.28416999696943157,0.6059532493183688,0.6008271054446265,0.6115645795624561
hugo_alpha0p1,HUGO,0.1,local_entropy_cover,1000,0.01601203155517578,0.08311856789315379,0.07987993846833202,0.08660208430608544,0.808445119162968,0.04337033546218312,0.042153238268797244,0.044642375391979655,8.674067092436625,0.1445537757437071,0.139644355453852,0.14978617467581998,0.07892624979004977,0.07673040869590189,0.08129718867801616,7.892624979004976,0.13187523845860358,0.12740237504769172,0.13664961846623425,0.13964760866885112,0.1358580608725254,0.14366278781047576,6.9823804334425565,0.11691359908449361,0.11297747949647148,0.12115329963761205,0.2800657332856222,0.2728389237278078,0.28760343272728034,5.601314665712444,0.09389898527504387,0.09072306782635232,0.09722045662623024,0.44416800932713335,0.4340345008891713,0.45432166130999985,4.441680093271333,0.07420122835126267,0.07190039387350271,0.07650707255664912,0.6466492592074783,0.6354902985078354,0.6581674122248056,3.2332462960373913,0.05348951915924393,0.05217288285109386,0.05484217656258941,0.766673052187168,0.756587598471621,0.7768242105115798,2.5555768406238935,0.04192347697824346,0.041098326615210505,0.04280334518011775,0.8444851352560154,0.8359021830116427,0.8529189949378295,2.111212838140038,0.034402573003490436,0.03382243414903966,0.03500268386770681,0.8977825555980993,0.8909373544177923,0.9045006543428367,1.7955651111961985,0.02910454559326172,0.02868867301940918,0.02953094596862793,0.2590858028871653,0.2526979912365838,0.2655541806516443,0.6375737064000886,0.6289063773320879,0.6463134581177389
hugo_alpha0p1,HUGO,0.1,local_entropy_stego,1000,0.01601203155517578,0.0831444568322837,0.07991176808135667,0.08662941422494187,0.8086098132164088,0.043433528028799816,0.04223748772312845,0.04471605003057278,8.686705605759961,0.14477726926010678,0.13997366514111365,0.14998573607932877,0.07893442862532103,0.07675470177804532,0.08131608205254477,7.893442862532101,0.13188668447157573,0.1274061236169401,0.1366481114078596,0.13968126525210112,0.1358960491498107,0.14369803632849804,6.984063262605058,0.11693477016975015,0.1129901392332634,0.1211925996566851,0.2801346475552971,0.27291289308736055,0.28764649385179925,5.602692951105941,0.0939228656443122,0.09076051728084229,0.0972406042572671,0.4443144606170369,0.4341700862426418,0.45443926361353915,4.443144606170368,0.07422384985122454,0.0719252908751049,0.07652487029831387,0.6467855674431594,0.6355945454084183,0.6582778677607467,3.2339278372157967,0.053499475481126865,0.052181334757481546,0.054853378378378385,0.7668517288233276,0.7567491903239302,0.7769719085128758,2.556172429411092,0.041931945627710035,0.04110575130653714,0.04281518253372837,0.844709222547247,0.8362161583951104,0.8531660764226555,2.1117730563681176,0.03441060291060291,0.03383014839115757,0.03501159806595587,0.897969735471452,0.891141416044199,0.904650602250064,1.795939470942904,0.029109962463378908,0.028694158363342284,0.029536655807495118,0.25916048577513734,0.2527454277776209,0.26564196914300303,0.6377298205266232,0.6290438857606382,0.6464434646129429
hugo_alpha0p1,HUGO,0.1,local_variance_cover,1000,0.01601203155517578,0.07220487108254607,0.06948202987025867,0.07504659265813708,0.797250176292909,0.03805533541062337,0.036787222624306185,0.03934259731966298,7.611067082124675,0.12565217391304348,0.12098281845919147,0.13039485125858125,0.06815510718713534,0.06601576841320991,0.07037945157972954,6.815510718713535,0.1128683708508203,0.10876644410530333,0.11708013162914917,0.12049633790281788,0.11693553321237317,0.12425430614620844,6.024816895140894,0.10000095365248902,0.09651948788861338,0.10371398531375167,0.24609342750537577,0.23965516647596227,0.25290140995639826,4.921868550107515,0.08193949797817959,0.07924155413138018,0.08480832188906691,0.4034088953055062,0.3940414747411703,0.4130554716931212,4.034088953055062,0.06711787594415197,0.06506210612649728,0.06926134603646905,0.6138373049311442,0.6028623276145996,0.6248183798490111,3.069186524655721,0.050727135745484375,0.049454661065440886,0.05204003461824563,0.7469387488509136,0.736988501875425,0.7570628847422713,2.489795829503046,0.04084252889640528,0.040008603753671663,0.04170961560469463,0.8346956657788651,0.8262628812407934,0.8431151546091883,2.0867391644471627,0.03400772473249537,0.033439415209139976,0.03461038165900551,0.8945428152286061,0.8879239047959356,0.9009711557997738,1.7890856304572123,0.02899922180175781,0.02859281005859375,0.02942558879852295,0.23040326221865678,0.22471234717763788,0.23644126684782865,0.6149701674093271,0.60684279227207,0.6231921406716685
hugo_alpha0p1,HUGO,0.1,local_variance_stego,1000,0.01601203155517578,0.07222819288421028,0.06950843388816225,0.07507024782973608,0.7974381128088444,0.038052595614541516,0.03678085114373281,0.03933698378329103,7.610519122908305,0.12563615560640734,0.12095335621662853,0.1303742944317315,0.06815783089184047,0.06601915858255605,0.07038339358483175,6.8157830891840465,0.11286760778328883,0.10876828500572301,0.11707187142312095,0.12052734271133435,0.11697614376463261,0.12427391567761055,6.026367135566717,0.10002326912073241,0.09654299542246805,0.10374416841502956,0.2461568334525192,0.23971420591873693,0.2529753888743863,4.9231366690503835,0.08195735103379873,0.07925403410391395,0.0848298294804303,0.4035485878750652,0.39418173244006754,0.41318866027672907,4.035485878750652,0.06713656824597544,0.0650688391699092,0.06927075608453498,0.6140976571631244,0.603121959066817,0.6251305598905896,3.0704882858156215,0.050745274561788324,0.04947215472353088,0.052058214442388756,0.7471372357260075,0.737196381043707,0.7572191163699746,2.490457452420025,0.040851747771575346,0.040018557277825106,0.041718042928169066,0.8349516304316141,0.8265020841273204,0.8433134931158923,2.0873790760790354,0.03401689904442198,0.033447154008277864,0.034620177764214465,0.8947749129437693,0.8881180296524015,0.9011881651807471,1.7895498258875386,0.029005889892578126,0.02860115451812744,0.029432179641723632,0.23046981598965596,0.22477350263743642,0.23650606620533712,0.6151636179439638,0.6070496568489828,0.6233414723629706
hugo_alpha0p1,HUGO,0.1,oracle,1000,0.01601203155517578,0.15817650731716412,0.15371334534779382,0.16319039949434383,0.9025593878210805,0.08056810281474683,0.07934757105874782,0.08185268434200622,16.113620562949368,0.2644530892448512,0.2587260297482838,0.27068827231121273,0.14320241572288184,0.14095837349111068,0.1455788335549655,14.32024157228818,0.23587676459366655,0.2305386779855017,0.2417685234643266,0.2452373910608589,0.24130925600214528,0.24942378838985407,12.261869553042946,0.2024512683578104,0.19774432099942782,0.2076433292008392,0.45676324324045514,0.4501229570049219,0.4638861347015957,9.135264864809102,0.1508913557640955,0.1474762588693065,0.15466654077973604,0.6590331628009749,0.6510226073588623,0.6675489825808365,6.590331628009749,0.1082846952010376,0.10607063019760433,0.11060622377355611,0.8434447979263384,0.8369459763328535,0.8499841088122391,4.217223989631692,0.06857666558583989,0.06751387400102996,0.06966683228747449,0.9211993605907204,0.9166651486637424,0.9256234789906314,3.0706645353024014,0.04960822959449665,0.04899062885444349,0.05024612107879913,0.9592614167324709,0.9564004969793095,0.9619878834006391,2.3981535418311775,0.03859327852905835,0.038184818278052216,0.0390196682656545,0.9793428353074117,0.9776087354918012,0.980998059172409,1.9586856706148235,0.03144841003417969,0.031145412254333496,0.03176184902191162,0.4112796525285511,0.4057132679511586,0.41723965507643423,0.7908746453664548,0.7861335726026248,0.795678324281739
hugo_alpha0p1,HUGO,0.1,srm_residual_cover,1000,0.01601203155517578,0.10187029212133893,0.0980972589954992,0.10588139501910797,0.8297121701882589,0.05593217567301694,0.054619161778507716,0.05727193652570836,11.18643513460339,0.18564607170099162,0.18011805873379097,0.1913966819221968,0.10000196201848985,0.0976982181154124,0.10243804493386154,10.000196201848983,0.16652613506295308,0.16153784814956124,0.17191373521556658,0.17318496349408763,0.16929177697744474,0.17746424153625062,8.659248174704382,0.14448769788289148,0.14004451172992563,0.14926802880030515,0.33342367693551683,0.32628421163527843,0.34094303042821344,6.6684735387103355,0.11131830319676508,0.10802241931792171,0.11489717708094911,0.5049410958712645,0.49578939433542923,0.5146346684852557,5.049410958712644,0.08390272373540855,0.08166093499656672,0.0862866025787747,0.6955093855954974,0.686488894724913,0.7049926902828697,3.477546927977487,0.05719496843350055,0.05598479515153828,0.05847452078048408,0.8006956112577461,0.7930201974440738,0.8084715628281368,2.6689853708591538,0.04355891814910418,0.042807587452157216,0.04434760817873174,0.8668437432205348,0.8606107522576701,0.8731176475719871,2.167109358051337,0.03517159396517195,0.034651591437944655,0.03571243753457057,0.9115828038560526,0.9068585056230187,0.9163164649418475,1.8231656077121052,0.0294676513671875,0.029088227462768554,0.029861733055114748,0.3045384933758779,0.29835127638094694,0.3110314832629277,0.6751698366626628,0.6681829545259168,0.6824977499560132
hugo_alpha0p1,HUGO,0.1,srm_residual_stego,1000,0.01601203155517578,0.10706137685563061,0.1032577735671128,0.11111838676801072,0.8371604345395499,0.058726815102084814,0.05728745326966329,0.06023440790992795,11.745363020416962,0.19371700991609458,0.18821352021357743,0.1996560259344012,0.10465020895522248,0.10223340508217005,0.10720368222787875,10.465020895522247,0.1732651659671881,0.16829525944296073,0.1786654998092331,0.18040218831311025,0.17639483934370076,0.1846791837683458,9.020109415655511,0.14979019645241273,0.14537641140568378,0.15436825290864012,0.34553312453531926,0.33844619082496846,0.3530663376761867,6.910662490706384,0.11493911650263218,0.1116394102388037,0.11843579575799192,0.5199544919808368,0.5107147783108231,0.5293866090502174,5.199544919808368,0.08617078660257878,0.08396795128557259,0.0885256361104753,0.7101988843961115,0.7013151537759698,0.7194581307804351,3.550994421980558,0.05829783135287722,0.0570917254763585,0.05958443847870454,0.8128565769316667,0.805269570660934,0.8202938065439798,2.7095219231055556,0.044162468369721396,0.043413091120633754,0.044960127729104946,0.8764452352382369,0.8702590254655809,0.882209745316877,2.1911130880955922,0.03552600659940109,0.03501889603082264,0.03606578515706956,0.918832007441236,0.9141956209785338,0.9231504305164804,1.837664014882472,0.029679794311523438,0.029312242507934568,0.030066814231872557,0.3150674168987049,0.308980329119564,0.32152339481543124,0.6867922726351512,0.6798359808168877,0.6937882911767651
hugo_alpha0p1,HUGO,0.1,texture_energy_cover,1000,0.01601203155517578,0.10206858963694167,0.0986711749224854,0.10583483996490087,0.8396270228281595,0.05761183263893943,0.05649731916832235,0.058823506722616145,11.522366527787888,0.18989397406559874,0.18504113272311215,0.1951206712433257,0.10143207775856684,0.09946350662413353,0.10358125350546428,10.143207775856684,0.1676779855017169,0.16328277375047692,0.17253998473864937,0.17443323512778805,0.17104471909472233,0.17813250525157057,8.7216617563894,0.14454033950028608,0.14064730593171848,0.14884957562464238,0.335559159862785,0.3292636390546922,0.3425742485123055,6.7111831972557,0.11145067521171893,0.10837063973449304,0.11476021972991529,0.5124497832980703,0.5039683232218191,0.5212308154604276,5.124497832980704,0.08483752956435492,0.08275968375677119,0.08708005455100327,0.7108133447652838,0.7026197941941975,0.7195374212140756,3.5540667238264185,0.058302122870930215,0.05716847069370005,0.05951239295046635,0.8182391788658622,0.8113801224669269,0.8252200421746878,2.727463929552874,0.04442024083516651,0.043696032386862156,0.045177663619139656,0.8837082185639256,0.8783237565676604,0.8891423749420099,2.2092705464098135,0.035790469015239655,0.03529661136966183,0.036300872370253104,0.9260308657421082,0.9220638636400968,0.9300093653244459,1.8520617314842165,0.02988890838623047,0.02953330783843994,0.03026079616546631,0.30771075425902866,0.30229019569370763,0.3136831473796698,0.6879423641948379,0.6817632527661809,0.6945559051390396
hugo_alpha0p1,HUGO,0.1,texture_energy_stego,1000,0.01601203155517578,0.10764516106559657,0.10418990359321731,0.11153590294035366,0.8462360327540784,0.06070474990567681,0.059385100137301486,0.062147888336420855,12.140949981135362,0.19867124332570557,0.1936093630816171,0.2041343630816171,0.10674527612721693,0.10441870586669515,0.10920420207754322,10.674527612721693,0.17526936283861125,0.17061794162533386,0.18021926745516978,0.18258752445683735,0.17895505475621917,0.186573119523552,9.129376222841868,0.15043391188251,0.14654835971771885,0.15465888327293534,0.3484760599522127,0.34227440601388914,0.3553896298275951,6.969521199044255,0.11525474937056535,0.11224526970321204,0.11852348172732127,0.5278551443755982,0.5196428876404574,0.5367164290056763,5.278551443755982,0.08713492790112153,0.08504037060349433,0.08937604905775538,0.7249061708860407,0.7167142832674425,0.733349121796899,3.6245308544302035,0.05935056934139503,0.05822159825669,0.06058115356005264,0.8290258312505483,0.8223608115791953,0.8358385397598678,2.763419437501828,0.044948030975420564,0.044243407868468906,0.045707766743384656,0.8915115688847476,0.8863171620682123,0.8965479763684755,2.2287789222118692,0.03607401438135383,0.0355930961395411,0.03659194625112057,0.9315219306836396,0.9276906291166503,0.9351643158100081,1.8630438613672793,0.0300472412109375,0.02969617977142334,0.030419383430480958,0.3189128481709772,0.31356034341785055,0.3248876777540552,0.6988089913443866,0.6927620745208601,0.7051979702171023
hugo_alpha0p1,HUGO,0.1,uniform,1000,0.01601203155517578,0.01601203155517578,0.015879354286193848,0.016153814029693604,0.5,0.005,0.005,0.005,1.0,0.0160086117467582,0.01587596281464531,0.016150363939740658,0.01,0.01,0.01,1.0,0.016014719572682183,0.015882020030522703,0.016156525848912633,0.02,0.02,0.02,1.0,0.01601166507724585,0.015878990844936106,0.016153444306694638,0.05000000000000001,0.05000000000000001,0.05000000000000001,1.0,0.01601227588311589,0.015879596589608608,0.016154060521095595,0.10000000000000002,0.10000000000000002,0.10000000000000002,1.0,0.01601227588311589,0.015879596589608608,0.016154060521095595,0.20000000000000004,0.20000000000000004,0.20000000000000004,1.0,0.016011970474355795,0.01587929371149555,0.016153752408018467,0.2999999999999999,0.2999999999999999,0.2999999999999999,1.0,0.01601207227598133,0.015879394669582797,0.01615385511107155,0.4000000000000001,0.4000000000000001,0.4000000000000001,1.0,0.016011970474355795,0.01587929371149555,0.016153752408018467,0.5,0.5,0.5,1.0,0.01601203155517578,0.015879354286193848,0.016153814029693604,0.05000000000000002,0.05000000000000002,0.05000000000000002,0.25,0.25,0.25
hugo_alpha0p1,HUGO,0.1,wavelet_energy_cover,1000,0.01601203155517578,0.03476732637460882,0.03327217511432642,0.03638502599759542,0.6518296668489324,0.016703118102523454,0.01600845305367619,0.0174257738987501,3.3406236205046906,0.05674828375286041,0.05401565598779557,0.05970022883295195,0.03149131832835453,0.03025465426094292,0.03275941444779389,3.1491318328354527,0.05350553223960321,0.0510416157954979,0.056153405188859216,0.05860793033873552,0.05648166951987997,0.060819082787468726,2.930396516936776,0.049745184054930384,0.04753893286286478,0.052183964333396914,0.12953234681613623,0.12527021107305739,0.13395224207330614,2.5906469363227242,0.043871442740520336,0.042035103379873345,0.045809988937209126,0.2285842787732627,0.22199413633880172,0.23547670897293793,2.285842787732627,0.03852388036926833,0.03706794365606165,0.04003941977569238,0.3876027708118134,0.3789544997437949,0.39664489397625025,1.9380138540590668,0.03236039214938297,0.031360975795838186,0.03340325297068416,0.5143274656562554,0.5051994176405215,0.523868285609273,1.7144248855208517,0.028396843965769365,0.027666871177345728,0.0291744408275371,0.6196539093716488,0.6109342368154551,0.6285926414187617,1.5491347734291219,0.025478017890861928,0.024927073756890274,0.0260695137710046,0.7092540368821719,0.7014341756897763,0.7172742308956125,1.4185080737643438,0.02318848419189453,0.02275584144592285,0.023651322746276855,0.12387759926727003,0.11999958709858957,0.12792323329901384,0.422876180586941,0.415548908429474,0.430658684013137
hugo_alpha0p1,HUGO,0.1,wavelet_energy_stego,1000,0.01601203155517578,0.03483217174597655,0.033335048524598045,0.036459904009578194,0.65233151209239,0.016721467040161312,0.016026376648656852,0.017442312453006238,3.344293408032262,0.0568047292143402,0.054061632341723884,0.05975162090007628,0.03154129101264248,0.030300809617422687,0.03280630429226208,3.1541291012642487,0.05358183899275086,0.05109413391835177,0.056223721861884776,0.058718344066571365,0.05658355160901409,0.060927750582100884,2.935917203328568,0.049832920083921414,0.047624413503719244,0.05227922944878886,0.12971243245174155,0.12542465888175508,0.13417156779282213,2.594248649034831,0.043931410696574344,0.04207153810940719,0.04588239490348669,0.22900050648952117,0.22239043418798404,0.23594513730360675,2.290005064895212,0.03859361409933624,0.03713071450370031,0.040119973105973906,0.3882540787675176,0.3796051591337408,0.39730641350748863,1.941270393837588,0.03241396936809781,0.03141140304030213,0.03345989910164222,0.5150344064518161,0.5058449774411632,0.5246096673081655,1.7167813548393867,0.028435690398382563,0.027701312259196625,0.029210529227013213,0.6204059378346815,0.6117000490269383,0.6293896637907319,1.5510148445867036,0.02550926967899445,0.0249552618779683,0.02610226139159625,0.7100647358392588,0.7022595468007358,0.7180682046670999,1.4201294716785176,0.023214767456054688,0.022780487442016602,0.023676601791381837,0.12408043859434745,0.12019725921433046,0.12812848529166776,0.4234614965625505,0.41608908095479236,0.4312628139751166
hugo_alpha0p2,HUGO,0.2,gradient_magnitude_cover,1000,0.03564527130126953,0.14585801001621668,0.14138096275976722,0.15038973865381747,0.7824117136937367,0.03601021991332888,0.035282727124340316,0.03673427059185668,7.202043982665778,0.2623897787948131,0.25585758962623956,0.26884832189168567,0.06646434049427477,0.06507753571204142,0.06780939436887036,6.646434049427477,0.2429523082792827,0.236719944677604,0.24934533574971385,0.11963865295626973,0.11715920765559522,0.12219958486335479,5.981932647813486,0.21927655922181954,0.2134567137135228,0.2252377932481404,0.24766222864943346,0.24258581477861213,0.25284031135234525,4.95324457298867,0.1821746395056077,0.17725457198443578,0.18714652094300754,0.4026747229163647,0.3950967932729612,0.41033158515286045,4.026747229163647,0.14813668268863966,0.1443990358205539,0.1520093137254902,0.5995014973814276,0.5906022293195402,0.608425379632326,2.997507486907138,0.10973835091266283,0.10735463293215587,0.11223780493619943,0.7197808181233714,0.7112497744403438,0.728467141040817,2.399269393744571,0.08735264422771258,0.08571618357641494,0.0890708584998029,0.80087178321272,0.7933858505499148,0.8083640860387216,2.0021794580318004,0.0725434492361098,0.07135046801388545,0.07376072235785539,0.859034143748924,0.8527129535889889,0.8651692203465312,1.718068287497848,0.06199700164794922,0.06110972385406494,0.06288820705413818,0.23044663931285558,0.22590927846933262,0.23506548029860347,0.5962910342726039,0.5891666909298394,0.6034411062918523
hugo_alpha0p2,HUGO,0.2,gradient_magnitude_stego,1000,0.03564527130126953,0.145845631809373,0.14136875131360854,0.15037834919303625,0.7824050238427616,0.0360133353761747,0.035289348285676,0.03673841698451391,7.202667075234939,0.26241876430205946,0.2559074370709382,0.2688745232646835,0.06645806586127005,0.0650687753013624,0.0677955323983378,6.645806586127007,0.2429370469286532,0.23665725867989318,0.24934373330789775,0.11959672033051176,0.11711426147730734,0.12216059736803904,5.979836016525588,0.2192069425901202,0.21336770932672133,0.22515816326530608,0.24764619721512748,0.24254934843310771,0.2528361398988787,4.952923944302549,0.1821644159609369,0.17725600823987184,0.18714124513618677,0.4026434866375587,0.39506569424825394,0.4103228311792741,4.026434866375587,0.14812497138933395,0.14438661211566342,0.15200562962539102,0.5994861702836909,0.5905957652605153,0.6084197860569344,2.997430851418454,0.10973613839668886,0.10735331400560759,0.11223550229834635,0.7197612935233938,0.7112525050947034,0.7284486625557173,2.3992043117446458,0.08735132179596403,0.08571813320956728,0.08906921722213039,0.8008479653580178,0.7933647839908826,0.8083417829060648,2.0021199133950445,0.0725419710465582,0.0713483611169391,0.0737598199469759,0.8590074409343981,0.8526900694727746,0.8651908736189371,1.7180148818687961,0.06199597930908203,0.06110816745758057,0.06288684024810791,0.23042371631994701,0.22588535170395183,0.2350456049857187,0.5962689218542055,0.5891652481299348,0.6034107660792218
hugo_alpha0p2,HUGO,0.2,laplacian_residual_cover,1000,0.03564527130126953,0.1241514515684013,0.12091645913810496,0.12776100628007567,0.7330404984723116,0.03661421523852127,0.036058388383831415,0.037207160451056716,7.322843047704253,0.26614340198321895,0.2607909610983981,0.2721700991609458,0.06580943847277043,0.0648318602435366,0.06687150531788986,6.580943847277044,0.23978786722624953,0.23483092331171307,0.24538732354063333,0.11551217555855833,0.11382630040000837,0.11737645798519386,5.775608777927917,0.2108405493038337,0.20638044058744995,0.21581061892046538,0.2301465057894748,0.2267808901165979,0.23389860689638908,4.602930115789495,0.16845883878843368,0.16471949721522852,0.17252375257495994,0.3650569622351102,0.360022929291393,0.3706483552620042,3.650569622351102,0.13359704737926298,0.1306906595712215,0.13670666342412452,0.5375199589808675,0.5315124900962103,0.544127230133722,2.6875997949043375,0.097897327814759,0.09608165185298213,0.099874918461157,0.6489328069801725,0.6431193667035138,0.6553947991127304,2.163109356600575,0.07842642066045294,0.07715599958038223,0.0798251246137609,0.7295488395839701,0.7244214846247703,0.7352714568609828,1.823872098959925,0.06586937572717388,0.06493228127562992,0.06689287608003204,0.7920605639068372,0.7876559664249391,0.7968461543538041,1.5841211278136744,0.05702996826171875,0.05630811996459961,0.057823547554016114,0.213191696633663,0.210208235851892,0.21649486018803368,0.5415504130499293,0.5367738257858132,0.5470386203999253
hugo_alpha0p2,HUGO,0.2,laplacian_residual_stego,1000,0.03564527130126953,0.13401605882304854,0.13050297414366058,0.13790446953531735,0.7472158331910295,0.039134692421601454,0.038477012813562625,0.039836811106856704,7.8269384843202925,0.28258047292143396,0.27707435163996946,0.2885478070175439,0.07053859145924568,0.06926360220517197,0.07188330646899557,7.0538591459245685,0.25518313620755434,0.24994406714994277,0.2609084605112552,0.12366869711318211,0.12146261754334842,0.1260209389912074,6.183434855659105,0.22414800686629793,0.21946554930383366,0.22927009822620636,0.2451028939581173,0.24123798181816716,0.2492481476355216,4.902057879162347,0.17835828183413444,0.17467009040970474,0.18247784199282827,0.3856075174270019,0.3803638596192538,0.39135206283054724,3.8560751742700186,0.14051476310368505,0.137730317769131,0.14362595559624627,0.5608842398690898,0.5550195127057739,0.5672319726888598,2.804421199345448,0.10189448587613725,0.10010773236186081,0.1038653784165252,0.6708423597036497,0.6653298186549833,0.6768795235811804,2.236141199012166,0.0809358366288163,0.07969742634436632,0.08228368036570324,0.7487011168473262,0.7437296109867856,0.7538699701864621,1.8717527921183155,0.06751613610787924,0.06659115589654581,0.06851759427034657,0.808198956058985,0.8039737294443435,0.8126389898067771,1.61639791211797,0.05814130401611328,0.0574292739868164,0.058905078125,0.22642390534315734,0.22308562025971967,0.2300113835704256,0.5607509717012433,0.5561033804889196,0.5659312954761693
hugo_alpha0p2,HUGO,0.2,local_entropy_cover,1000,0.03564527130126953,0.13250961931926242,0.1282962243232936,0.13693075076364394,0.7820562942419795,0.030376668533931023,0.02968146938449882,0.031105422448494457,6.075333706786205,0.22270861937452327,0.2164123188405797,0.22927633485888635,0.05672847127906561,0.05542715319219663,0.05810011673565458,5.672847127906561,0.20846585272796642,0.20249340900419685,0.21460979587943535,0.10375888996822448,0.10136770700451611,0.10626173895821299,5.187944498411223,0.1911090978447454,0.18549825958420751,0.19697756055693308,0.2206250403554514,0.2156350202921107,0.22572206089424376,4.412500807109027,0.16302899214160374,0.15815616464484628,0.1680297932402533,0.37074493530016644,0.36295134982266675,0.37868456214595636,3.7074493530016643,0.1369784466315709,0.13311975661860076,0.14093902113374532,0.5779388779346664,0.5683425931866266,0.5881204529562732,2.8896943896733314,0.1061860039291232,0.10370286101203532,0.10885259589158673,0.7130652697609223,0.703758309388619,0.7226987094535346,2.3768842325364075,0.08677972610403978,0.08504964555014431,0.08862754472743918,0.805320085853301,0.7970432766523101,0.81374148250228,2.0133002146332526,0.0730739094775792,0.07182233615937744,0.07435274704838925,0.8703925484184295,0.8635014762290896,0.8772143621555955,1.740785096836859,0.06286273193359375,0.061945747184753416,0.06377776699066162,0.20746149673349357,0.2029750646540022,0.2120721692023285,0.5848708944283362,0.577311557691411,0.592820579958212
hugo_alpha0p2,HUGO,0.2,local_entropy_stego,1000,0.03564527130126953,0.1325634380442741,0.12835442611694714,0.13698149375946128,0.7822494266738049,0.03038932149525677,0.02969236544933982,0.031123968426951094,6.077864299051353,0.22279328756674294,0.2164752097635393,0.229391590389016,0.05673162543103142,0.05543294028711468,0.05810378559496578,5.673162543103142,0.20847844334223578,0.20250629530713465,0.21464260778328884,0.103755255104539,0.10136148554107954,0.10624483833539869,5.18776275522695,0.1910951745184055,0.18551776654587065,0.19693895193591457,0.22068946722693447,0.21568719066387063,0.22577242324725136,4.413789344538689,0.16307598992904557,0.15821103799496453,0.1680764152742809,0.37094305687485857,0.3631534465806132,0.37886443005549203,3.709430568748586,0.13704867627985046,0.133199521248188,0.1410086366063935,0.578180990686755,0.568575663116826,0.5883466670840035,2.8909049534337745,0.1062284041274867,0.10374530794026209,0.10889128154265769,0.7133209487590895,0.7040525692102027,0.7229264290417813,2.3777364958636316,0.08680813295525348,0.0850774614396704,0.08865137615553831,0.8055386129277705,0.7972502231463658,0.8139676092659635,2.013846532319426,0.07309222949131207,0.07184116948635297,0.0743714375631807,0.8706169412890764,0.8637264612599337,0.8774145386274139,1.7412338825781528,0.06287757110595703,0.06195865516662598,0.06379283485412597,0.20753694011248644,0.20304825612452196,0.21214393949329174,0.5850714983136138,0.5774941431795382,0.5929839609495138
hugo_alpha0p2,HUGO,0.2,local_variance_cover,1000,0.03564527130126953,0.11669118874521599,0.11310961270164657,0.12043190756407793,0.7696053244147318,0.026581589104944958,0.02586944322509853,0.02731540290527173,5.316317820988992,0.19344851258581236,0.18756733409610984,0.19929635774218155,0.04902471517723407,0.04773716512931168,0.05033209697465863,4.902471517723407,0.1788782907287295,0.17343949828309804,0.18443483403281188,0.08963728949292687,0.08743509689220368,0.09194010889786065,4.481864474646343,0.16389433530421513,0.15905338069807362,0.1688553547587259,0.1936477041854245,0.18916824125420464,0.1981919184624672,3.87295408370849,0.14211657892729074,0.1380265793087663,0.14630827992675668,0.33452043725374936,0.32755756643410405,0.34181446313110525,3.3452043725374936,0.12296295872434576,0.1195537441824979,0.12651113050278476,0.5431336795014027,0.533914093538638,0.5526417720777786,2.715668397507013,0.09956468748211868,0.09720265358866277,0.10203603253924354,0.6887689270279151,0.6794612838990737,0.6980065782453511,2.2958964234263837,0.08375467619495695,0.08209354933051892,0.08553150375748637,0.7912768953761982,0.7831933593522639,0.799508067019356,1.9781922384404953,0.07178396498121269,0.07056455492189438,0.07307333655991913,0.8640389021253699,0.8574484958880793,0.8707258579371272,1.7280778042507399,0.06240065002441406,0.06149658756256104,0.06331917819976807,0.18402258197973234,0.17995049779993452,0.18822780000456374,0.5612963507149616,0.5540817868062176,0.5685835489334004
hugo_alpha0p2,HUGO,0.2,local_variance_stego,1000,0.03564527130126953,0.11673355501848877,0.11314905175367482,0.12047201131037946,0.7698141198121219,0.026588385927425597,0.02587697930858541,0.027322655610420188,5.3176771854851195,0.1934881769641495,0.18761249046529369,0.19932341723874905,0.04902726799060568,0.0477372642734708,0.05033439715293058,4.902726799060568,0.17888439526898134,0.17344497329263642,0.18442717474246467,0.08965370607752314,0.08745096308316726,0.09194531403182056,4.482685303876156,0.16391817661644098,0.15907606332252527,0.16889594220865917,0.19369901317129243,0.189214778396195,0.1982418973463941,3.8739802634258487,0.14214770733196003,0.1380580224307622,0.1463415522240024,0.3346361322786562,0.3276970859580695,0.34194152803451666,3.346361322786562,0.1229990844586862,0.11957888914320593,0.12655475223163196,0.543326490823249,0.534047203056518,0.5527909563102161,2.7166324541162448,0.09959480440214387,0.09724287417269069,0.10207713908333173,0.6890089325424477,0.6796891182024316,0.6982737569079769,2.296696441808159,0.08378009485904658,0.08212335617918949,0.08554906380733188,0.7915612503335995,0.7834505974181214,0.7997290172156069,1.9789031258339986,0.07180681493066814,0.07058660903316867,0.07310043964218277,0.8643274424629717,0.8576948596222377,0.870982240126856,1.7286548849259433,0.062419189453125,0.061520363426208494,0.06333581504821777,0.18407584394935236,0.1800143263026986,0.1882723975606395,0.5614908610038924,0.5542789720997312,0.5687739354772996
hugo_alpha0p2,HUGO,0.2,oracle,1000,0.03564527130126953,0.21024023465209513,0.20540183389620964,0.21546626785662637,0.8689916059634404,0.04838316077654598,0.04779985624364633,0.0489586505143473,9.676632155309196,0.3500724637681159,0.34426132723112124,0.3563690694126621,0.08942555488314746,0.08832967960655869,0.090587297095805,8.942555488314746,0.3245600915681038,0.3187033574971385,0.3308111121709271,0.16109290780403784,0.15904478646271156,0.16327758981724244,8.054645390201891,0.2931132939156971,0.2875983215716193,0.2991789052069426,0.3300307261847198,0.32584638478589084,0.3344986804750709,6.600614523694396,0.24097619592584113,0.2361470321202411,0.24607572671091785,0.5255691408805188,0.519220451609619,0.5321725942574302,5.255691408805188,0.19183237964446476,0.18806570630197605,0.195767781528954,0.7489265355712249,0.7421016083488923,0.7560071394137486,3.7446326778561243,0.13588178298270043,0.1336113019512102,0.1382448291975815,0.8620466778810705,0.856565176867652,0.8676424208202238,2.873488926270235,0.10365305240135804,0.10222221558180639,0.10511084362244573,0.9236374222780462,0.9196815325436107,0.9275428656899259,2.3090935556951155,0.08292472677335062,0.0819916391691621,0.08390839659348832,0.9586356631278654,0.955993159531185,0.9611526485696295,1.9172713262557308,0.06864452362060547,0.06797623424530029,0.06934737701416016,0.3047492319098885,0.3010158096180671,0.30868783606337213,0.7162924539288844,0.7115381520448923,0.721252265331177
hugo_alpha0p2,HUGO,0.2,srm_residual_cover,1000,0.03564527130126953,0.15039994190596245,0.14595181630174536,0.15510389166296146,0.7971131026400652,0.03663659423049488,0.0359515863465755,0.037331846356402625,7.327318846098976,0.26746224256292905,0.26125022883295196,0.27422286422578185,0.06765519640967511,0.06638751263505267,0.0689842703189651,6.765519640967512,0.24775238458603588,0.24171952499046165,0.2543512972148035,0.12207528957859103,0.11978407776584225,0.12453168208876753,6.103764478929552,0.22411768071714666,0.21843752622544343,0.2301484074003433,0.25312753010042455,0.24837193180291578,0.2581635203208181,5.06255060200849,0.1864328221560998,0.1816395914396887,0.19155966468299382,0.4124139918115466,0.4053115164346185,0.4199155460632702,4.124139918115465,0.1518247119859617,0.14812037842374304,0.15573508430609598,0.6156443877927901,0.607199127715377,0.6244733189837252,3.0782219389639502,0.11264979305346279,0.11030033569207881,0.11515735518510749,0.7396167351971217,0.7319687609448005,0.7476781735277056,2.4653891173237388,0.08965924494233435,0.08805054772834202,0.09133948793916814,0.8220796201335362,0.8156237515575792,0.8288106317877623,2.05519905033384,0.07435134181464458,0.07320394724293808,0.07553404055961396,0.8797895288407835,0.8747347198030573,0.8850185957425993,1.759579057681567,0.06338903045654297,0.0625462013244629,0.06425002670288087,0.23567553735102503,0.23141324110900063,0.24011927396707358,0.6118236081601276,0.6054062709424427,0.6184466355521431
hugo_alpha0p2,HUGO,0.2,srm_residual_stego,1000,0.03564527130126953,0.1581603158359549,0.1535362894719197,0.16292334586163462,0.8071211094525006,0.03838175037238922,0.037645613222307486,0.03917183193306137,7.676350074477843,0.27871395881006866,0.2722482074752097,0.2855099923722349,0.07076124176675765,0.06942032238921217,0.07219831868898122,7.076124176675764,0.2577649752003052,0.25177409385730637,0.2640880293781,0.12754636400699365,0.12522245243904812,0.13008530346057084,6.3773182003496816,0.23301335113484645,0.2274280707610147,0.23901666507724587,0.26361059515959234,0.258981032522431,0.26864014903042915,5.272211903191845,0.1933588921950103,0.18855158693827728,0.1984077725642786,0.42785108029754787,0.42061027101468673,0.43521521421875375,4.278510802975478,0.1570127794308385,0.15326644159609368,0.16090405794613563,0.6339588592094153,0.6258240455925161,0.6426710657741088,3.169794296047076,0.1157677430429724,0.11340495288866849,0.11824240353621088,0.7564621332738827,0.7487683729026053,0.7641575896337411,2.521540444246276,0.09156619152372113,0.09000158278549905,0.09321193685388401,0.8361495612019744,0.8296720538605313,0.8424430300562589,2.0903739030049353,0.07553612504529936,0.07442710141333995,0.07669923754029259,0.8909000656307876,0.8857183543982398,0.8958627705055724,1.7818001312615752,0.06413300323486328,0.0633140869140625,0.06497337589263916,0.24514246159074887,0.24097859216312978,0.24958175943261826,0.6262177176480378,0.6197746398301656,0.6327394467636149
hugo_alpha0p2,HUGO,0.2,texture_energy_cover,1000,0.03564527130126953,0.15096447002422939,0.1467672288024476,0.15544732875084963,0.8062058893694625,0.037705216610120273,0.03713732967910192,0.03832018528433895,7.541043322024054,0.27388329519450805,0.26834900839054154,0.27987259725400454,0.06881560810290586,0.0677509435011981,0.06996759680219529,6.881560810290586,0.25065165967188097,0.2452594143456696,0.25650040061045404,0.12347430811113018,0.12150243157896766,0.1255883038238536,6.17371540555651,0.2254735838260538,0.22030482071333207,0.23094434484074003,0.25516131672692693,0.25107119865691896,0.25965995660482766,5.1032263345385385,0.18708255130846113,0.18276065842679481,0.19186614595254442,0.4173810593377925,0.4110290921598305,0.4240193882782851,4.173810593377924,0.15312394140535593,0.14963807698176548,0.15677513828488596,0.6268123879767542,0.6191403573335399,0.6350965146878351,3.134061939883771,0.1144256041503748,0.11221091809876213,0.11681819699021534,0.7541587685479131,0.7469523216986572,0.7617495601117918,2.513862561826377,0.09125711124957084,0.08971983584044352,0.09290583681955164,0.8373776808486249,0.8314187727837969,0.8434689574719135,2.0934442021215625,0.07561823609071315,0.07450628850445364,0.07675585005435924,0.8936775396507515,0.889086178626633,0.8983750181000245,1.787355079301503,0.06430660247802734,0.0634926866531372,0.06512910709381103,0.2381510845856689,0.23444249837787656,0.24212046705629672,0.6224058442906465,0.6166132491140901,0.6285772917878456
hugo_alpha0p2,HUGO,0.2,texture_energy_stego,1000,0.03564527130126953,0.15946096741226595,0.15519935186222922,0.16415511600910832,0.8155117403726717,0.039634048340846134,0.03896987585818853,0.040342614192817164,7.926809668169226,0.2862387490465294,0.28057179633867274,0.29225061022120513,0.07245494570874735,0.07115483944509389,0.07380855322536015,7.245494570874735,0.2623094238840138,0.25683617893933613,0.2682371423120946,0.12977688711497956,0.1274787042233049,0.13225514635486624,6.488844355748979,0.23558687774175094,0.23044902250619873,0.2410945641808125,0.2670975749614673,0.26278862895061444,0.27181617158887195,5.341951499229344,0.19486396581979096,0.19051478789959564,0.19958973067826352,0.4339544535803287,0.4274035327599657,0.4408934046293468,4.339544535803286,0.15862752727550164,0.15511644350347145,0.16236864461738004,0.645372511514131,0.6377729336107256,0.6532809586108329,3.2268625575706555,0.11755902267828874,0.1153047221003643,0.11994932718533638,0.7702311732507438,0.7633467638912969,0.7773553943043038,2.5674372441691458,0.09306203985097213,0.09156491137164148,0.09465637596480296,0.8498705825790079,0.8439958554446835,0.8555242904484142,2.1246764564475202,0.0766620763318011,0.07559674226096244,0.07778103101337047,0.9029931453963388,0.898533731995649,0.9073203701115566,1.8059862907926776,0.06492369842529297,0.06413688144683838,0.06573703231811524,0.24869884414786333,0.24486562973273612,0.25288617738464586,0.6365293821960161,0.6308294980840695,0.6424746217982469
hugo_alpha0p2,HUGO,0.2,uniform,1000,0.03564527130126953,0.03564527130126953,0.03537489576339722,0.03592427606582642,0.5,0.005,0.005,0.005,1.0,0.0356376582761251,0.03536734048436308,0.035916603451563694,0.01,0.01,0.01,1.0,0.03565125524608928,0.03538083431896223,0.035930306848531095,0.02,0.02,0.02,1.0,0.03564445546442876,0.035374086114819764,0.03592345384321954,0.05000000000000001,0.05000000000000001,0.05000000000000001,1.0,0.03564581521324483,0.03537543554970626,0.035924824235141525,0.10000000000000002,0.10000000000000002,0.10000000000000002,1.0,0.03564581521324483,0.03537543554970626,0.035924824235141525,0.20000000000000004,0.20000000000000004,0.20000000000000004,1.0,0.03564513532586927,0.03537476081939385,0.03592413902611151,0.2999999999999999,0.2999999999999999,0.2999999999999999,1.0,0.03564536195211271,0.0353749857266381,0.035924367426217206,0.4000000000000001,0.4000000000000001,0.4000000000000001,1.0,0.03564513532586927,0.03537476081939385,0.03592413902611151,0.5,0.5,0.5,1.0,0.03564527130126953,0.03537489576339722,0.03592427606582642,0.05000000000000002,0.05000000000000002,0.05000000000000002,0.25,0.25,0.25
hugo_alpha0p2,HUGO,0.2,wavelet_energy_cover,1000,0.03564527130126953,0.0672381652071728,0.06492718759821309,0.06961841711414996,0.6397300684807022,0.013860256390194106,0.013400605990194478,0.014329359471398713,2.7720512780388207,0.1033020594965675,0.09913623188405797,0.10756033562166285,0.02644653774621077,0.025586233178440977,0.027325372633339635,2.644653774621077,0.09864059519267455,0.09482321632964519,0.10265923311713085,0.050058327999143996,0.04851038198761868,0.05164044257557736,2.5029163999571997,0.09333854663360672,0.08974542246805264,0.09704044440205987,0.1139098305651541,0.11063965127930561,0.11725878556415659,2.2781966113030823,0.08491355764095522,0.08182190241855496,0.08810667391470206,0.20675111131390417,0.20154647455772062,0.21221059702490824,2.067511113139042,0.07689509422446021,0.07434513904783704,0.07955759231708247,0.36214812517074924,0.3546910560778812,0.3697981692107106,1.8107406258537457,0.06695126742833164,0.06505385950523566,0.06895420950237463,0.48999763896925397,0.4817695042618928,0.4983570727129948,1.6333254632308467,0.060021794692471035,0.0585684151799906,0.061543855460753014,0.5981703083852508,0.5901472993873061,0.6063699832542296,1.495425770963127,0.05463752884853802,0.053507090064658876,0.05582662958477178,0.6914770920557621,0.6842467936909626,0.6991879738939532,1.3829541841115243,0.0502641372680664,0.04939254035949707,0.05119226093292236,0.10993987880484198,0.10691829229904945,0.1130374817126381,0.40187401060298583,0.3953768083981965,0.4086024253534768
hugo_alpha0p2,HUGO,0.2,wavelet_energy_stego,1000,0.03564527130126953,0.06737318437418173,0.06504895858868628,0.06975151221308945,0.6404387961604792,0.013853846596737098,0.013396220780959204,0.01431744794839858,2.7707693193474197,0.10324637681159421,0.0991101067887109,0.10746220442410373,0.02648517118775579,0.025616040695607818,0.0273597367415765,2.6485171187755787,0.09877336894315147,0.09496867607783291,0.10282878672262495,0.05013346519651458,0.048578175612797855,0.05170428176045963,2.506673259825729,0.09346671752813275,0.08986055216479115,0.09717059889376312,0.1141066047222026,0.11082277378825349,0.11746639089339264,2.2821320944440524,0.08504730296787977,0.08195088883802548,0.0882081731136034,0.20717841352432678,0.20196098759755546,0.2126182733286651,2.0717841352432678,0.07704436560616464,0.07449436560616465,0.0797003519111925,0.3628412217598562,0.35537873850944934,0.37050729028794005,1.814206108799281,0.06707444353315913,0.06518672251997941,0.06908029668694805,0.49088921794050366,0.48269043541179707,0.49927301819674275,1.6362973931350122,0.06012910239945068,0.058677864527039915,0.06165192261231134,0.5992653824623364,0.5911869225999326,0.6074217850500264,1.4981634561558412,0.0547373972419844,0.053599357225962735,0.05593289901581185,0.6925186840722395,0.6853098738460257,0.7001632380246796,1.385037368144479,0.0503405990600586,0.04946109600067139,0.05127219467163086,0.11014301847818418,0.10711346679405535,0.11323823926479537,0.40259747788783273,0.3960884995674307,0.40933243244798884
hugo_alpha0p5,HUGO,0.5,gradient_magnitude_cover,1000,0.10618817901611328,0.24920900914442312,0.2443206857180592,0.2543072394164037,0.728714793151569,0.018513323514566138,0.018256158086579443,0.018757987788137212,3.7026647029132276,0.3964485125858124,0.38990055301296717,0.402809820747521,0.035488455641047634,0.035007957180946146,0.03596784439606602,3.548845564104764,0.38068866844715765,0.37425764975200304,0.38704739603204885,0.06715529809341775,0.0662261619202577,0.06809740117878593,3.357764904670887,0.3607407972534808,0.354485089643334,0.36697327388899487,0.15215484745955177,0.15001840791085683,0.15428894199599225,3.043096949191035,0.32778980697337307,0.32192398336766614,0.333876741435874,0.27259596817882936,0.2689064967538138,0.2762885964558732,2.725959681788293,0.29415465018692305,0.28883752193484397,0.299702532043946,0.461167222754549,0.4554419026989299,0.46704165352099675,2.305836113772745,0.2489359514772359,0.24457163163516377,0.25350078439413304,0.6014280939400869,0.5949772154744731,0.6080079823721809,2.0047603131336236,0.2161535292397289,0.21262999027249727,0.2198196848416261,0.7079068548687478,0.7015003928355058,0.7144830950078258,1.7697671371718693,0.19040847622499002,0.18762689875832075,0.19332237311411624,0.7897935715629872,0.7839714770494561,0.795678253744108,1.5795871431259745,0.1695276107788086,0.16734230060577393,0.17180462837219238,0.14602929099601847,0.1440159656030532,0.148022046604841,0.48954524648606207,0.48459658488649987,0.49455146286887297
hugo_alpha0p5,HUGO,0.5,gradient_magnitude_stego,1000,0.10618817901611328,0.2491429071858854,0.24425620857646801,0.25424988312360447,0.7286051162101073,0.018517094886458543,0.018262504913745148,0.018758962563490997,3.703418977291709,0.39652021357742184,0.39004235316552244,0.40286294813119755,0.03548290293974825,0.03499927744168137,0.03596065882636723,3.548290293974825,0.3806360167874857,0.3741911484166349,0.38698667493323163,0.06714617789684464,0.06621654431397778,0.06808701529493719,3.357308894842233,0.3606967385084875,0.3544545107762731,0.3669290816326531,0.15209126160473843,0.14994147377128147,0.15422963903853515,3.0418252320947685,0.32766781109330895,0.3218048733501182,0.3337694838635843,0.27249393238359587,0.26878886679077163,0.27619526270306555,2.7249393238359585,0.29405470359349967,0.2887299744411383,0.2996066271839475,0.46103960401795124,0.4553239278714776,0.46692669298079603,2.305198020089756,0.24887314272635375,0.24450777956855937,0.25344070934025065,0.6012269288534062,0.5947785107061512,0.6078315185870565,2.0040897628446874,0.21608607250486375,0.21256555987182585,0.2197551536691123,0.7077141441778635,0.7013002080339293,0.7142660215438297,1.7692853604446586,0.19036119323275286,0.1875918771099964,0.19327243104960998,0.7896117948936049,0.7837895057927677,0.7955414949389621,1.5792235897872098,0.16949268341064452,0.1673038906097412,0.17176759605407715,0.14597629578196727,0.14395715479165727,0.14797775560852372,0.4894019672939577,0.4844527651776221,0.4944224860464114
hugo_alpha0p5,HUGO,0.5,laplacian_residual_cover,1000,0.10618817901611328,0.22328987934348038,0.2196115094667425,0.22743925368005125,0.6850577412614329,0.018917523648641313,0.018735776102840117,0.019105789999713813,3.783504729728263,0.40477192982456145,0.39953318077803207,0.41036744851258583,0.03575835270529737,0.0354199531341741,0.03611708980573043,3.5758352705297365,0.3832422739412438,0.37803224914154904,0.38874926554750106,0.06668985118030663,0.06603419998490002,0.0673870645928911,3.3344925590153314,0.35787640663742126,0.35286482452794204,0.36325245088689684,0.14721916103556515,0.14571484130983878,0.148880419681231,2.9443832207113028,0.3168018616006714,0.31207018577859164,0.321896786068513,0.2580170233335886,0.2553645426057769,0.26097334557240853,2.580170233335886,0.2780827420462348,0.2737832246128023,0.2827633859769589,0.42710676100888084,0.4230345026592908,0.431617280854962,2.135533805044404,0.230192603330218,0.22669471523393542,0.2341046467603807,0.5523695498730595,0.5477076503876376,0.5575464777482333,1.8412318329101984,0.19816569815495338,0.19531608534771053,0.20129861398980203,0.6498038621828154,0.6450995533362038,0.6549071717257727,1.6245096554570382,0.17445855347231493,0.17216770489614527,0.17691472801312252,0.7286863625014464,0.7243717298309567,0.7333020498218324,1.4573727250028927,0.1561534652709961,0.15433771934509277,0.15811272735595702,0.1403576431190139,0.13893714397943543,0.14188913638218953,0.45259790182025744,0.4490571798677596,0.45651670256841276
hugo_alpha0p5,HUGO,0.5,laplacian_residual_stego,1000,0.10618817901611328,0.24228056347171326,0.2381439737571056,0.2468098034883752,0.7072640444392353,0.020081449269959598,0.019867814866972262,0.02030676368050842,4.016289853991919,0.4277284515636918,0.4225392829900839,0.4331720251716248,0.03805456600231615,0.037628240605468065,0.03850229711273767,3.805456600231615,0.40582487600152617,0.400650467378863,0.4113037676459367,0.07124237319481176,0.07037879838416314,0.07213020782204548,3.562118659740588,0.38026053786000386,0.37523868968148005,0.38583654873164225,0.1580349471657588,0.1560050553985265,0.1601334607766083,3.1606989433151758,0.3381906614785992,0.33316476882581825,0.34356663233386736,0.2774215059705903,0.2739187071498151,0.2809654308253394,2.7742150597059023,0.29750194552529186,0.2928887893873503,0.3023465724422064,0.45687834000965816,0.45191191050315244,0.4619744579469209,2.2843917000482907,0.2454909496652616,0.24181410097465145,0.2495013699479296,0.5853728639864405,0.5801316348531917,0.5908482857107443,1.9512428799548016,0.20961088717368365,0.20667408892081943,0.21275360585176048,0.6811673477574771,0.6761003028423371,0.6863671023823986,1.702918369393693,0.1826516145644586,0.18032033297411737,0.18510229667741135,0.7562181988359662,0.751636493881409,0.760685004262303,1.5124363976719324,0.1619103240966797,0.16005764255523683,0.16382913455963136,0.15067599491158512,0.1487933954858432,0.15260702649287883,0.4781828798136878,0.4741671285154063,0.48243155607415666
hugo_alpha0p5,HUGO,0.5,local_entropy_cover,1000,0.10618817901611328,0.24054364435793033,0.2357523788340126,0.24573284285574137,0.7304152471676708,0.01689332207942718,0.0166326146152734,0.017156334460419517,3.378664415885435,0.363047292143402,0.35622116704805484,0.36981889778794813,0.0325071411028928,0.03199858121014255,0.033015112925173465,3.25071411028928,0.3498664631819916,0.3433026516596719,0.3565824876001526,0.06189313821193521,0.060931728419498926,0.06289002959932503,3.0946569105967607,0.33352088498950977,0.3271404253290101,0.34008350658020225,0.14153532883413092,0.13927194063531181,0.14384006481850375,2.8307065766826183,0.3057930113679713,0.2997825112535286,0.31211278896772726,0.2571496973681083,0.2532176526332055,0.2612779111527306,2.5714969736810827,0.2781987487602045,0.2727848821240559,0.2839682431143664,0.4460039292522019,0.44001323683571414,0.45239906277403985,2.230019646261009,0.24127498140342177,0.236836661485056,0.24601986400656128,0.5930933984979493,0.5860540199810818,0.6004201116236642,1.9769779949931643,0.213559286904111,0.2098987411467009,0.2173468887885762,0.7080478050138089,0.7008641036881226,0.7151946158167671,1.7701195125345222,0.1907323141772683,0.18784094847317326,0.19376071472849,0.7972478748558993,0.7906733171679291,0.8037196652561561,1.5944957497117986,0.17129605865478514,0.16903210105895994,0.17367373390197755,0.1365628852047548,0.134442649915161,0.13872254644398818,0.48218136081614377,0.47688976686177453,0.48766620501858166
hugo_alpha0p5,HUGO,0.5,local_entropy_stego,1000,0.10618817901611328,0.24064931481740626,0.23587143518868406,0.24583718363334398,0.7306534929371605,0.016894799418261705,0.01663470876868193,0.017160948719658172,3.378959883652341,0.36308390541571317,0.3563087909992373,0.3698086003051106,0.03251918927709076,0.03200679134340633,0.033027805107982235,3.2519189277090765,0.3499790156428844,0.3434610740175506,0.35665589469668063,0.06191753533742244,0.060944421219503664,0.06290344693041666,3.0958767668711227,0.3336404730116345,0.32730227446118637,0.3402017070379554,0.14157092632985666,0.13930747294108803,0.14386376094198317,2.831418526597133,0.30586625467307543,0.29983282978561077,0.3121831177996491,0.25728312400757486,0.2533422481351352,0.26140904439063145,2.572831240075748,0.27833710994125277,0.2729427128633555,0.2841260032806897,0.44617176912741807,0.44017278452113917,0.45258829822017693,2.23085884563709,0.24136052566327798,0.23691847975357153,0.24610965973030194,0.5933499729663065,0.5863370301065641,0.6006719243394997,1.9778332432210217,0.21364841117454828,0.20998337646071488,0.21743552986279768,0.7083184445528975,0.7011416747345527,0.7154305221928872,1.770796111382244,0.1908018176963131,0.18791879661065444,0.19382787960861356,0.7975664302966416,0.7910066009433062,0.8040325894104773,1.5951328605932833,0.17136202239990234,0.16909857807159423,0.17373732471466066,0.13661633776801574,0.13448650921346525,0.1387707265959312,0.48237626031334924,0.47707993148910693,0.4878676609931891
hugo_alpha0p5,HUGO,0.5,local_variance_cover,1000,0.10618817901611328,0.22179838658422515,0.21756723979617137,0.22630999712794245,0.7184544825830625,0.01519030255377777,0.014914226110825874,0.015470553559181373,3.038060510755554,0.32517772692601066,0.3185037185354691,0.3317395118230359,0.029037417580023785,0.028515475532646144,0.029556160086221517,2.9037417580023783,0.3112483784814956,0.3049386875238458,0.31748157191911486,0.05529127232487416,0.05432562161591963,0.0562331302857722,2.764563616243708,0.2967119969483121,0.2908342456608812,0.3025799923707801,0.12757820219780008,0.1254914363193898,0.12969968432873322,2.551564043956001,0.27446974898908977,0.2690946307316701,0.28005509842069126,0.23541608698820182,0.2317952482344916,0.23916625166708344,2.3541608698820182,0.2537096589608606,0.2488090171282521,0.258783081559472,0.4189281707795048,0.4132207494311877,0.42478602586140773,2.094640853897524,0.22598394018577506,0.22185162267065936,0.230287552690305,0.5691542823353598,0.5624746554378186,0.5759988156518645,1.897180941117866,0.20455323423572347,0.20117760035858245,0.20810853953943767,0.6904642994910827,0.6837409777989717,0.6973766062859855,1.7261607487277064,0.1857920425718591,0.18307612080146485,0.18864590660703046,0.7867360789143264,0.7804859772120143,0.7930542560153218,1.5734721578286528,0.1689477767944336,0.16673943157196044,0.17124339599609373,0.12388087853733601,0.12190804458332821,0.12589832325862446,0.4627007428189095,0.45765279344008325,0.4678454033012068
hugo_alpha0p5,HUGO,0.5,local_variance_stego,1000,0.10618817901611328,0.2218859605045451,0.21766028186542688,0.22639858665695142,0.7187056062177648,0.015194030319019981,0.014917607010106616,0.015472910638589276,3.0388060638039964,0.3252501906941267,0.31854460335621665,0.33178592677345536,0.029043654994330426,0.028521160655950468,0.029561272850640665,2.904365499433043,0.31130713468141924,0.30500074399084315,0.31751285768790544,0.05531103490814454,0.05434698758718288,0.0562458457554638,2.765551745407227,0.2968081251192065,0.2909079773030708,0.30266411882510014,0.12760771398556525,0.12551646536572497,0.1297206691897415,2.5521542797113046,0.2745233844510567,0.2691347924773023,0.2801164110780499,0.23549852061782553,0.2318704548514302,0.23922183975109543,2.3549852061782555,0.2537880521858549,0.2488945420386053,0.25885624380102235,0.4190720245910462,0.41336408774479055,0.42494063148012945,2.0953601229552308,0.22605283335558568,0.22192588977474298,0.23032745141047894,0.569361979865431,0.5626327323611094,0.5761902605265761,1.897873266218104,0.20462071640196838,0.20124577330468066,0.20818762572638377,0.6907271764658096,0.6840469072655928,0.6976790294420029,1.7268179411645241,0.18585681588433883,0.1831340949188426,0.18872694834919607,0.7870532744895643,0.7808407430567349,0.7933190227781284,1.5741065489791286,0.16901107788085937,0.1668106355667114,0.17131002712249757,0.12391789837083718,0.12194242064282043,0.1259217209452375,0.4628709953693638,0.4578508542705681,0.46801989441246983
hugo_alpha0p5,HUGO,0.5,oracle,1000,0.10618817901611328,0.30839458929557145,0.3036164999704966,0.3133583238399202,0.8006064218305892,0.022047448225611752,0.02188710844770713,0.022208012529749164,4.40948964512235,0.4703257055682685,0.46533482074752097,0.4755631960335622,0.042373715415117925,0.04204138661915666,0.04269735054125206,4.237371541511793,0.4527905379626097,0.44775455932850056,0.4580954502098436,0.08039705802382772,0.07975467464520924,0.08104222032774855,4.019852901191387,0.43016116727064657,0.42494217051306504,0.4356623402632081,0.18207964163011742,0.18053507925247614,0.18370576609531294,3.6415928326023477,0.39068848706797893,0.3854096684977492,0.3962013389791714,0.3252820781038466,0.32241462988024533,0.32829979424211087,3.2528207810384657,0.3495952925917449,0.3445988765545129,0.35479650759136344,0.5451951447375869,0.5406865032477134,0.5499070858840021,2.725975723687935,0.2931393122127067,0.28906841013561196,0.29736945583551083,0.7009669877205227,0.6958881023616804,0.7061740024857264,2.3365566257350756,0.25093656142314,0.24765170580979873,0.2543197086835446,0.8098313091411237,0.8050326506146648,0.8147003197919808,2.0245782728528092,0.21694771977340788,0.21446490325010967,0.2195866667302447,0.8842397187755484,0.8803117024979469,0.8882368651846076,1.7684794375510968,0.18903101348876952,0.187142271232605,0.19100177402496335,0.17451218885018857,0.17304526991926764,0.1760550059505679,0.5670533057778239,0.5632748395683523,0.5709136754308323
hugo_alpha0p5,HUGO,0.5,srm_residual_cover,1000,0.10618817901611328,0.2530010935124086,0.2482302775817192,0.25812990643765654,0.7369558312258264,0.018755818840073345,0.018531874193109806,0.018986419423764254,3.7511637680146688,0.401977879481312,0.3959569221967963,0.4085134820747521,0.035961146406519644,0.03552380722454981,0.03641118163077599,3.5961146406519644,0.38613010301411677,0.38006695917588706,0.3925342140404426,0.0680631857074001,0.06722336158966864,0.06896092709509481,3.403159285370005,0.3660038146099561,0.3599293248140378,0.3723406637421323,0.15391509685113677,0.15191488752312232,0.15602553898443566,3.078301937022735,0.33192881666285196,0.326094312199588,0.338100072480354,0.2752694261573658,0.2717646826921364,0.2789317889887729,2.752694261573658,0.29732173647669186,0.29200281528954003,0.3029729171435111,0.4658024943323178,0.4603583572980611,0.47135499791283336,2.3290124716615885,0.2515893494058632,0.247343113544031,0.25604169925041487,0.6083846900361869,0.6024315972922182,0.6146246254819119,2.0279489667872896,0.21869641290388214,0.21527288474498685,0.22222158329412664,0.7171049719073876,0.7112398420871807,0.7233353312905031,1.7927624297684688,0.1928543363405749,0.19015684473287686,0.1956979522306357,0.8005743702698979,0.7952797897946555,0.806127637824078,1.6011487405397957,0.1717659912109375,0.16965210685729978,0.17400944538116456,0.14763090934376885,0.14577542270688235,0.14959524037380068,0.4953689927666586,0.4907560733727647,0.5001339544278143
hugo_alpha0p5,HUGO,0.5,srm_residual_stego,1000,0.10618817901611328,0.26613625561281107,0.26121703177996675,0.27125757260075245,0.7525116265671902,0.019519948521040775,0.019274288692990298,0.019770595782817174,3.9039897042081546,0.4168810068649885,0.4108867658276125,0.42330381388253246,0.03741544314492694,0.03694650836832983,0.03789618610442151,3.741544314492694,0.4002743227775658,0.3943217378863029,0.4065879816863792,0.07090326151840574,0.07001089491047445,0.07183569416595982,3.545163075920287,0.3798516116727064,0.3739844983787908,0.38613463189013925,0.16042491739666456,0.1583996400771469,0.16256083209008293,3.2084983479332916,0.3447306019684138,0.33908438239108873,0.3506509594110017,0.2870612194322448,0.28345436115178674,0.2907771077151686,2.8706121943224483,0.30907011520561534,0.30395110627908756,0.31455938906691083,0.4854433007863404,0.4797589642897862,0.4911426450984505,2.4272165039317013,0.2615995727555361,0.2573381310915715,0.26620457571191514,0.6316456834453551,0.6253364700194455,0.6380573260123537,2.105485611484517,0.2267115572905408,0.22333760093078853,0.23044855994811997,0.7403419639525283,0.7339583520658571,0.7465897439293872,1.8508549098813205,0.19889376108642165,0.19621581209826625,0.20177289548723035,0.8211566431956168,0.8155994107096068,0.8264702874082702,1.6423132863912335,0.17604582977294922,0.17394967899322508,0.17826453456878663,0.15389807978232978,0.15199171326738575,0.15592111191074992,0.5130875918560969,0.5081629997280699,0.5179543540443523
hugo_alpha0p5,HUGO,0.5,texture_energy_cover,1000,0.10618817901611328,0.25440593665799816,0.24993483291872576,0.2592325377078894,0.7444862000326694,0.019190145697787812,0.01901045498829308,0.019383505026786606,3.838029139557562,0.4103676582761251,0.4049441647597254,0.4159148550724638,0.03652451980693834,0.036164558494222426,0.03690389797710019,3.6524519806938343,0.39117588706600537,0.38581724532621137,0.39679518313620754,0.06886443364128914,0.06815483389339692,0.0696211049907638,3.4432216820644572,0.3693316803356857,0.3639242799923708,0.3749173230974633,0.15539937561714728,0.15370309936229135,0.15716219782450586,3.1079875123429455,0.33428709849698635,0.32893311017013804,0.3399401007095445,0.27840153470592377,0.2753004703174899,0.2817082871315903,2.7840153470592375,0.30005111772335397,0.2951185912108034,0.305378706988632,0.47228360757626514,0.46730373287818544,0.47754834421128983,2.361418037881325,0.25467001087184576,0.25064016145644585,0.2589385750252723,0.6176166555216248,0.6120485772526396,0.6234995877289394,2.058722185072083,0.22174423661355747,0.218440371043831,0.22514889977493227,0.7279558128224103,0.7224817696562404,0.7338081670970896,1.8198895320560258,0.19558545842949512,0.1930005993820214,0.1983869955082111,0.8116832730263528,0.8066706653060711,0.8169440647218906,1.6233665460527056,0.1740174331665039,0.17194478511810302,0.17621297302246094,0.14923186692200743,0.1475776793187234,0.1509410413092835,0.5024260693416892,0.49819386023290685,0.5068822748171894
hugo_alpha0p5,HUGO,0.5,texture_energy_stego,1000,0.10618817901611328,0.26972127302694604,0.26495971599050033,0.2748099266948239,0.7607075205163051,0.020049212309792976,0.01983497010226951,0.02027820777871885,4.009842461958596,0.42710373760488174,0.4217856216628528,0.43252995804729216,0.03821458972733991,0.03777667444967529,0.038666450405853786,3.821458972733992,0.4076100724914155,0.40225750667684096,0.4132083365127814,0.07218738677790981,0.07131653840569124,0.07308685959427116,3.609369338895491,0.38546633606713715,0.3800962473774557,0.39102260156399005,0.16329822612532602,0.16127084016777132,0.16537853020449284,3.26596452250652,0.3496989394979782,0.34445269512474247,0.35523923094529636,0.29265930161700804,0.2890157513732199,0.29635968843398924,2.9265930161700804,0.3141093690394446,0.30911547932402533,0.3192849526970321,0.4949097792552402,0.4892438733631088,0.5004355353938205,2.474548896276201,0.266140628278243,0.2620582363768144,0.2706013394304679,0.6434855140215674,0.6372703554031927,0.6498005543938763,2.1449517134052245,0.23063424589601106,0.2272953667204964,0.23422393855778648,0.7526278366125603,0.7465633402184824,0.7585235664993231,1.8815695915314004,0.2019825096797574,0.19937490630185584,0.20477712716244828,0.832515939008843,0.8272610596780965,0.8375015687749562,1.665031878017686,0.17833467102050782,0.17630324172973635,0.18052443599700926,0.15679014805500452,0.1548679518244936,0.15876866343146576,0.5220801796514595,0.5173373263132196,0.5267789335385488
hugo_alpha0p5,HUGO,0.5,uniform,1000,0.10618817901611328,0.10618817901611328,0.10556627550125122,0.10685431489944458,0.5,0.005,0.005,0.005,1.0,0.10616549961861176,0.10554372892829901,0.1068314932303585,0.01,0.01,0.01,1.0,0.10620600534147272,0.10558399742464708,0.10687225305227013,0.02,0.02,0.02,1.0,0.1061857486172039,0.10556385933625786,0.10685186925424374,0.05000000000000001,0.05000000000000001,0.05000000000000001,1.0,0.10618979934386209,0.10556788633936066,0.10685594539177541,0.10000000000000002,0.10000000000000002,0.10000000000000002,1.0,0.10618979934386209,0.10556788633936066,0.10685594539177541,0.20000000000000004,0.20000000000000004,0.20000000000000004,1.0,0.10618777394190237,0.10556587279940491,0.10685390728413664,0.2999999999999999,0.2999999999999999,0.2999999999999999,1.0,0.10618844906730414,0.10556654397085563,0.10685458664471091,0.4000000000000001,0.4000000000000001,0.4000000000000001,1.0,0.10618777394190237,0.10556587279940491,0.10685390728413664,0.5,0.5,0.5,1.0,0.10618817901611328,0.10556627550125122,0.10685431489944458,0.05000000000000002,0.05000000000000002,0.05000000000000002,0.25,0.25,0.25
hugo_alpha0p5,HUGO,0.5,wavelet_energy_cover,1000,0.10618817901611328,0.16028656701008986,0.1569410331002145,0.1637590983577221,0.6162534775523795,0.010052579602719347,0.009836242825984526,0.010269576312053833,2.0105159205438694,0.21812814645308926,0.21247448512585812,0.22378070175438597,0.01955653757176467,0.019135747157316172,0.019965626733207526,1.9556537571764665,0.21233765738267837,0.2068514021365891,0.2179055227012591,0.03792905830547545,0.03715373710397101,0.0386952180280849,1.8964529152737726,0.20592103757390806,0.2006526273126073,0.2112648102231547,0.08989257720498951,0.08810431593022795,0.09168207013158818,1.7978515440997902,0.19529961089494163,0.1904451342793927,0.20019111924925614,0.1698021431718517,0.1666975030760426,0.17291358765505915,1.698021431718517,0.18443095292591744,0.1801674687190051,0.18875131036850537,0.31299756969648784,0.308158103098251,0.3179084508910712,1.5649878484824389,0.1697516641553339,0.16625967260485608,0.17337625884529553,0.43885437074966605,0.4329238088117135,0.44480128365523497,1.4628479024988867,0.1583534707475554,0.1553915326221024,0.16145589086123366,0.5507197966125614,0.5444951091828935,0.5569707369888985,1.376799491531404,0.14867096454252418,0.14615404165633522,0.15132880395391862,0.650511242459181,0.6443803281187107,0.6568287218746255,1.301022484918362,0.1401042175292969,0.13800684623718262,0.142363302230835,0.08796274763407214,0.08629391213617801,0.08966145369869506,0.3601382355016608,0.35556315436013936,0.36475309847340337
hugo_alpha0p5,HUGO,0.5,wavelet_energy_stego,1000,0.10618817901611328,0.16050268091952072,0.15715758096042767,0.1639762112508194,0.617050050333243,0.01004283789654999,0.00982575862949433,0.010257501240446297,2.008567579309998,0.2179168573607933,0.21226910755148742,0.22366460717009914,0.019570326934771533,0.019153564620221997,0.019980123226462754,1.9570326934771534,0.21246890499809234,0.20701372567722243,0.21805117321632964,0.03795644387195646,0.037179033595524144,0.03873205793671963,1.8978221935978226,0.20605626549685294,0.20081600228876598,0.21132961090978447,0.08992988328564559,0.08813706094013436,0.09170922268191838,1.7985976657129117,0.19536667429617763,0.19049438658731976,0.20020681696803233,0.1699389716526833,0.16683695730449796,0.17304394278916754,1.6993897165268326,0.1845628671702144,0.18027610246433204,0.1888883039597162,0.3133128186044265,0.3084589363575306,0.3182421811310406,1.5665640930221327,0.1699103549562265,0.16639565936790707,0.1735213226458639,0.4394829856416988,0.4335339620646573,0.445436303302345,1.4649432854723292,0.15857050214259374,0.1556257429141818,0.1616711061378635,0.5516451065974934,0.5454598800763991,0.5579501837940388,1.3791127664937335,0.1489135116061722,0.1464014889183467,0.15157899707223105,0.6516585779607292,0.6455040882748977,0.6579853010939813,1.3033171559214585,0.1403506774902344,0.1382507158279419,0.14259429302215576,0.08801790141675572,0.08634481503987719,0.0897119792509353,0.3606515174134161,0.35605450975960873,0.36524587099345734
mipod_alpha0p001,MIPOD,0.001,gradient_magnitude_cover,1000,6.380081176757813e-05,0.0001457132298551846,0.0001361603705517307,0.00015749358800544328,0.6053636914651042,0.00734229644294424,0.0059995124501818695,0.008749698041417122,1.4684592885888483,9.763539282990085e-05,7.932875667429444e-05,0.00011670480549199084,0.016542931798624694,0.014365181419621467,0.01878536528615147,1.6542931798624692,0.00010759252193819153,9.309423884013734e-05,0.00012170927127050742,0.030790268614503707,0.02772796684227135,0.03400111730513501,1.5395134307251854,0.00010070570284188443,9.04014876978829e-05,0.00011100991798588591,0.07797495344280712,0.07270970154986321,0.08331254748981487,1.5594990688561425,0.00010215915159838254,9.483482108796825e-05,0.00010917830167086288,0.15707043960800404,0.14937433059982153,0.16491202355129816,1.5707043960800406,0.00010303654535744259,9.758049134050508e-05,0.00010864518959334706,0.30989706791523813,0.29955992057906533,0.32001998932041803,1.549485339576191,0.00010055503633485285,9.653054607183048e-05,0.00010463722367392092,0.44060224522597824,0.42947697422691034,0.45220960398214083,1.4686741507532608,9.51896545147057e-05,9.203584552979921e-05,9.835617918950193e-05,0.558655601332802,0.5473838461641543,0.5702295372204924,1.396639003332005,9.015048923305805e-05,8.762278509984932e-05,9.279239543001012e-05,0.6577354611353221,0.6469948756134051,0.6685598644098543,1.3154709222706442,8.484649658203125e-05,8.27861785888672e-05,8.700580596923827e-05,0.07822347970906866,0.07377036105554743,0.08283217845840474,0.35895626891095,0.3505282411978343,0.367647446382474
mipod_alpha0p001,MIPOD,0.001,gradient_magnitude_stego,1000,6.380081176757813e-05,0.00014571391454024684,0.00013615910201889172,0.00015749475570519807,0.6053641369278357,0.00734229644294424,0.0059995124501818695,0.008749698041417122,1.4684592885888483,9.763539282990085e-05,7.932875667429444e-05,0.00011670480549199084,0.01659848735418025,0.01442518560170766,0.018841095053907495,1.6598487354180247,0.0001079740557039298,9.347577260587562e-05,0.0001220908050362457,0.030790268614503707,0.02772796684227135,0.03400111730513501,1.5395134307251854,0.00010070570284188443,9.04014876978829e-05,0.00011100991798588591,0.07803377697221889,0.07277855272039067,0.08337136214715447,1.5606755394443776,0.00010223544670786602,9.491111619745174e-05,0.00010925459678034638,0.15721460627467077,0.14931283059982153,0.16507694089031383,1.5721460627467072,0.00010307469291218432,9.758144502937364e-05,0.00010872148470283054,0.30986598737297344,0.2994942251898681,0.3199172744010379,1.5493299368648672,0.00010055503633485285,9.653054607183048e-05,0.0001046367468385817,0.44057898694830816,0.4294781557327002,0.4522271363694318,1.4685966231610272,9.51896545147057e-05,9.204856121968896e-05,9.836889487939169e-05,0.5585305167166957,0.5472193169939,0.5702413812794684,1.3963262917917394,9.013141581948921e-05,8.761300997539531e-05,9.279239543001012e-05,0.6569261467079195,0.6459453669382151,0.667812145602654,1.313852293415839,8.475494384765625e-05,8.26873779296875e-05,8.692970275878906e-05,0.07828721745416672,0.07380401378275347,0.08289346742292433,0.35886661699668787,0.3504263455613589,0.3675423729691161
mipod_alpha0p001,MIPOD,0.001,laplacian_residual_cover,1000,6.380081176757813e-05,0.0002621015076349598,0.00020359938212963216,0.0003473933378297089,0.6174547843410507,0.014112546859632941,0.012262241744350557,0.016097524947515256,2.822509371926588,0.0001830663615560641,0.00015942028985507247,0.00020671243325705568,0.027581782715908103,0.02483267754662647,0.03028527540331136,2.7581782715908103,0.00018084700495993894,0.00016329645173597862,0.00019839755818389925,0.054275578705058204,0.05027915378060072,0.05818505673769542,2.71377893525291,0.00017776082395575056,0.00016421895861148202,0.00019092122830440588,0.11978734593682025,0.11335023854906413,0.12638030102501427,2.3957469187364047,0.00015655756466010528,0.0001474784466315709,0.00016586556801709014,0.21237383010637179,0.2034090860209029,0.22151243888715938,2.1237383010637183,0.0001392004272526131,0.00013259994659342334,0.0001460307469291218,0.3574711317977175,0.34693047517679165,0.36843473413783984,1.7873556589885875,0.00011667207080051118,0.00011253170955005818,0.00012098313910240516,0.4769042975971985,0.466259562057951,0.48802851011096365,1.5896809919906614,0.00010304795086657426,9.998346960314331e-05,0.00010617601057945397,0.5744255057000435,0.5643457157490629,0.585134057882809,1.4360637642501084,9.270632665128079e-05,9.03502832401915e-05,9.514772358809057e-05,0.6625922067628867,0.6528746627693749,0.6724824231809743,1.3251844135257733,8.526611328125e-05,8.33587646484375e-05,8.721923828125e-05,0.11463777268900743,0.10924849798013807,0.12019245791644612,0.3921843452437192,0.3838406654220872,0.4010702956870107
mipod_alpha0p001,MIPOD,0.001,laplacian_residual_stego,1000,6.380081176757813e-05,0.00030500822171950984,0.00024005929964657094,0.0003990253434934113,0.6420868613195396,0.01701407390156246,0.014743025699779198,0.01958414279492443,3.402814780312492,0.0002227307398932113,0.0001937261632341724,0.0002555301296720061,0.030697968364786575,0.027565421785873172,0.03403203990880569,3.0697968364786576,0.00019954215948111406,0.00017893933613124762,0.0002209080503624571,0.05894978951057965,0.0542046058725656,0.06340394600205343,2.9474894755289824,0.00019301926378027847,0.0001773745946976922,0.00020770551211138664,0.13295030221340573,0.1256261586451857,0.14026548219092988,2.6590060442681143,0.0001730373083085374,0.0001629663538567178,0.0001832627603570611,0.23157972493599419,0.2218330279982911,0.24184432554883556,2.315797249359942,0.00015064469367513544,0.00014381437399862667,0.00015770294499122605,0.3908789151674623,0.3801419917355184,0.4027688826202087,1.9543945758373116,0.00012704800778195276,0.0001228327833832421,0.00013164470045203992,0.5132894766074146,0.5017141627227295,0.5254113459686579,1.7109649220247152,0.0001104611980723014,0.00010745965947382475,0.0001136789033989039,0.611558616952583,0.6007790229670438,0.6229199648563325,1.5288965423814573,9.839020389479105e-05,9.604369719048619e-05,0.00010086164145797172,0.6947339082620206,0.6849852178501183,0.7045459694310101,1.3894678165240413,8.921051025390625e-05,8.734092712402344e-05,9.120960235595702e-05,0.1260180613439139,0.11997145686563389,0.1323095443933989,0.4209803773340762,0.4121102044263481,0.43067322011241227
mipod_alpha0p001,MIPOD,0.001,local_entropy_cover,1000,6.380081176757813e-05,0.00021124910713599088,0.0001500694512912023,0.0003155114557645033,0.6275635360483196,0.007742404204281981,0.006255820139459559,0.009298600823809011,1.548480840856396,9.992372234935165e-05,8.161708619374523e-05,0.00011823035850495806,0.015265456080527758,0.013125974289644115,0.01735963354756231,1.5265456080527762,9.996184662342618e-05,8.58355589469668e-05,0.00011370660053414723,0.034638041263911505,0.03126564974382891,0.038073043550955435,1.731902063195575,0.00011405683768834638,0.00010260823955750525,0.0001258868968148007,0.08830368768554897,0.08237375766117479,0.0943502034110861,1.7660737537109794,0.00011551079575799191,0.00010719462882429235,0.00012382887006942854,0.17625396496286463,0.16767628315377583,0.18540003071086578,1.7625396496286467,0.0001147478446631571,0.00010849164568551156,0.00012130922407873655,0.3322669827613754,0.3204794129083941,0.34497742478672816,1.661334913806877,0.00010770756642316276,0.00010320624082091973,0.00011240010299643328,0.4727150177141041,0.45968997129468236,0.4871997380654679,1.5757167257136802,0.0001021324211945119,9.863560647482931e-05,0.00010587083402209986,0.5877684823827308,0.5749014930225272,0.6011942722809304,1.469421205956827,9.510957676095291e-05,9.22960098418814e-05,9.806619428179063e-05,0.6880647766115652,0.6766872744217283,0.7006415039005494,1.3761295532231304,8.884429931640625e-05,8.659343719482421e-05,9.121723175048827e-05,0.08784460398397173,0.0829194082734638,0.0928603442909107,0.38255089152587934,0.3731309602809882,0.39315737368809806
mipod_alpha0p001,MIPOD,0.001,local_entropy_stego,1000,6.380081176757813e-05,0.0002114519688020287,0.00015026941766937608,0.00031597922794218675,0.6277466334364121,0.00770569785507563,0.006209202913056081,0.00925676454169251,1.541139571015126,9.992372234935164e-05,8.159801678108313e-05,0.00011823035850495806,0.015124546989618669,0.012993953869628002,0.017199994427817587,1.512454698961867,9.919877909194964e-05,8.507249141549026e-05,0.00011331552842426555,0.03497021644167492,0.03155016812618465,0.038391308988344926,1.7485108220837455,0.00011481975967957277,0.00010299446881556362,0.00012683578104138855,0.088332991714853,0.0824188629583821,0.09433215308649201,1.76665983429706,0.00011551079575799191,0.00010719462882429235,0.00012382696269169148,0.1764585006847917,0.16793912473049621,0.18564570409891656,1.764585006847917,0.00011486228732738232,0.00010864232852674144,0.00012150091554131378,0.3322478270772426,0.32045625408386863,0.3449769363716196,1.661239135386213,0.00010772663983673159,0.0001031871674073509,0.0001124191764100021,0.47300366790231535,0.4599267667964213,0.4875635659048038,1.5766788930077178,0.00010219599964396067,9.872429841181033e-05,0.00010587242348333609,0.5874972703360393,0.5746742317202596,0.6009596520750019,1.468743175840098,9.506189322703085e-05,9.225738617940454e-05,9.798990062751531e-05,0.6880304563022448,0.6766267549064716,0.7007149396522431,1.3760609126044896,8.882904052734376e-05,8.657817840576172e-05,9.12322998046875e-05,0.08796149106244928,0.08304569722036127,0.09299074615054004,0.3825909469743129,0.37318186739174297,0.39310135588812106
mipod_alpha0p001,MIPOD,0.001,local_variance_cover,1000,6.380081176757813e-05,0.00013602661184346286,0.00012458453770458608,0.0001492324626996223,0.6100499617464941,0.005732643081481418,0.004559812313500688,0.006979689861191551,1.1465286162962833,7.322654462242563e-05,5.873379099923722e-05,8.848207475209763e-05,0.011054726924810382,0.009412482909700216,0.012696183593900328,1.1054726924810379,7.134681419305608e-05,6.104540251812286e-05,8.202975963372761e-05,0.02333272354372469,0.0208236112521448,0.025831503405531787,1.1666361771862344,7.610146862483311e-05,6.790005721914935e-05,8.449361052832347e-05,0.06360612694701737,0.05906998743175412,0.06828708263590953,1.2721225389403474,8.255130846112764e-05,7.652399481193255e-05,8.86549172198062e-05,0.13864936077225462,0.13141171098042634,0.14610479903636905,1.386493607722546,9.002822919050888e-05,8.495365072098878e-05,9.506370641641872e-05,0.29234342858372797,0.2812311754366691,0.3034831437713447,1.46171714291864,9.468042495565432e-05,9.057964103835663e-05,9.889612618970416e-05,0.4363353518921849,0.42384776006394653,0.4495071875421099,1.4544511729739498,9.412153656396627e-05,9.082817288251973e-05,9.758083999847411e-05,0.56179849334548,0.5493107038015783,0.5748068423846933,1.4044962333637,9.085620553510463e-05,8.811917068797804e-05,9.366047416506132e-05,0.6690495363485212,0.657181948258853,0.6812896022631547,1.3380990726970423,8.637237548828125e-05,8.409099578857421e-05,8.873748779296875e-05,0.06588707235405039,0.06203012119693177,0.06983234302166304,0.35204275894716625,0.34322987294177143,0.36118017938563
mipod_alpha0p001,MIPOD,0.001,local_variance_stego,1000,6.380081176757813e-05,0.00013617874443743434,0.00012464736034161213,0.000149419839113148,0.6102233717402461,0.005732643081481418,0.004559812313500688,0.006979689861191551,1.1465286162962833,7.322654462242563e-05,5.873379099923722e-05,8.848207475209763e-05,0.011054726924810382,0.009412482909700216,0.012696183593900328,1.1054726924810379,7.134681419305608e-05,6.104540251812286e-05,8.202975963372761e-05,0.02333272354372469,0.0208236112521448,0.025831503405531787,1.1666361771862344,7.610146862483311e-05,6.790005721914935e-05,8.449361052832347e-05,0.06349968436998656,0.05893865213120692,0.0681378803353254,1.2699936873997313,8.239871824216067e-05,7.629510948348211e-05,8.850232700083924e-05,0.1387849816872873,0.13139832445457192,0.14636604484703236,1.3878498168728732,9.010452429999237e-05,8.495460440985733e-05,9.510280766002897e-05,0.2921865891813003,0.28130447819032783,0.30341885684077036,1.4609329459065015,9.464227812851667e-05,9.050334738408134e-05,9.8915199603273e-05,0.43662766519745183,0.42430223424104735,0.44972414916148445,1.455425550658173,9.418511501341505e-05,9.087871774983151e-05,9.764410055567566e-05,0.5620826044671923,0.5496052288797232,0.575052216538937,1.4052065111679803,9.090388906902669e-05,8.820476263136814e-05,9.373629098399741e-05,0.66941585056126,0.6576626005576064,0.6817736152065748,1.33883170112252,8.641815185546875e-05,8.414459228515625e-05,8.879108428955077e-05,0.06587840055199623,0.061997897637233304,0.06983128959905333,0.35217513510444287,0.3432883915854703,0.361369318196165
mipod_alpha0p001,MIPOD,0.001,oracle,1000,6.380081176757813e-05,0.0008088463039923707,0.0006638535907541948,0.00097414133974585,0.7622064378823105,0.04841707960538287,0.04460334573246584,0.052757320721837225,9.683415921076573,0.0006384439359267735,0.000585812356979405,0.0006964149504195271,0.08124543338742533,0.07586757150365767,0.08707045733351863,8.124543338742534,0.0005349103395650514,0.000497138496756963,0.0005749713849675695,0.13617820243516915,0.12897084443843657,0.14401107896677343,6.808910121758457,0.0004485981308411215,0.00042170036238794583,0.00047549589929429717,0.25097729271625974,0.24041839563103146,0.2614837713910955,5.0195458543251945,0.00033127336537727936,0.00031532768749523155,0.0003474479285877775,0.38730055486461645,0.3747351218940824,0.4001249244574525,3.873005548646164,0.0002534905012588693,0.00024330319676508738,0.0002636768520637827,0.5703750296238295,0.5567427527356072,0.5833016440490941,2.8518751481191473,0.00018533635964828625,0.00017951849167445499,0.0001912495946899617,0.6900432733842922,0.6780596565751278,0.7021041067251791,2.3001442446143074,0.0001489134442989204,0.00014508538585760968,0.00015285594394923898,0.7779131249540071,0.7675407197900093,0.7884844088138934,1.9447828123850175,0.00012533140056075837,0.00012252689351313205,0.00012819288943142156,0.8482328722922656,0.8398204628526704,0.8565126750927913,1.6964657445845313,0.00010906219482421875,0.0001068572998046875,0.00011124439239501952,0.23296595777401788,0.22399937623949076,0.2420121505203021,0.5778128198629174,0.5675862969889829,0.5880945820925938
mipod_alpha0p001,MIPOD,0.001,srm_residual_cover,1000,6.380081176757813e-05,0.0002852151224982403,0.00020883347407957053,0.00041590844571406325,0.6458729068144258,0.01464166147341339,0.012722702504387833,0.016692732426519214,2.9283322946826784,0.00018840579710144927,0.0001639969488939741,0.00021359649122807008,0.027685823361751145,0.02489036677393091,0.03056910872655392,2.7685823361751143,0.00018122853872567723,0.00016328691339183516,0.0002003052270125906,0.050024087601325457,0.04580605214004006,0.054083789237397775,2.501204380066272,0.0001636467671180622,0.00015010490177379366,0.00017699790196452415,0.11814474654075804,0.1116391419636838,0.12477459532817423,2.3628949308151608,0.0001552605477988861,0.00014617952239261462,0.00016472114137483783,0.21816356468482,0.20886680591635415,0.22797238185007793,2.1816356468482,0.00014293888761730372,0.00013618486305027846,0.0001502250705729763,0.37449437794592183,0.3630021450367402,0.3863552232904785,1.872471889729609,0.00012206984684048905,0.00011756852123824602,0.00012683867706803488,0.5045566271539174,0.49296563218618017,0.5174815378018909,1.6818554238463912,0.00010910061925409761,0.00010587051612985262,0.00011257200259400073,0.6158536700820401,0.604424249275834,0.6275597089142266,1.5396341752051,9.953460870892064e-05,9.704528982051918e-05,0.00010222443685746438,0.7093754057113195,0.6990511977789118,0.720058965136644,1.418750811422639,9.149932861328125e-05,8.9508056640625e-05,9.365863800048827e-05,0.11461212713357533,0.10909448556037796,0.12039064357918863,0.4146572575027049,0.405574941436495,0.4244182696031447
mipod_alpha0p001,MIPOD,0.001,srm_residual_stego,1000,6.380081176757813e-05,0.0003273899216939545,0.00023824363655263684,0.00046479773735755455,0.6629805915924248,0.016339752930459958,0.014079615561573328,0.018864938952867786,3.2679505860919917,0.00020823798627002288,0.00018001525553012967,0.0002395118230358505,0.028864173959381925,0.025703870717065796,0.03223379053012952,2.8864173959381927,0.00018885921404044256,0.00016824685234643263,0.0002109881724532621,0.055927074454737664,0.05148055330709763,0.060494393493394145,2.7963537227368835,0.00018291054739652874,0.00016841026130078203,0.00019835971771886324,0.12883087566275406,0.12185263334426383,0.13599935463806823,2.5766175132550813,0.00016777294575417718,0.00015838864728770884,0.00017799649042496378,0.23221244393718984,0.22275869290556854,0.24232042152257247,2.3221244393718985,0.00015140764476997027,0.00014454108491645688,0.00015880922407873657,0.3956932558839901,0.38391865343011705,0.40806006063083644,1.9784662794199503,0.00012870739476244063,0.00012422514257376643,0.00013359066547139942,0.5316131173543271,0.5198368646789934,0.5446395567968372,1.772043724514424,0.00011477181694492836,0.00011154171382068333,0.00011835795938608649,0.6414856352727638,0.630256725553768,0.6534105361584014,1.6037140881819099,0.00010352095214480537,0.00010101279826050468,0.0001062293768715787,0.7313258565778247,0.7210248182725073,0.7418709491307078,1.4626517131556493,9.412384033203125e-05,9.211711883544921e-05,9.632911682128906e-05,0.12375267683382325,0.11773930809991645,0.12997127994928087,0.43486276712048233,0.42539517984495745,0.4447405645317744
mipod_alpha0p001,MIPOD,0.001,texture_energy_cover,1000,6.380081176757813e-05,0.0003075868590624218,0.0002035067785465289,0.0004774236958110813,0.6361794925258741,0.013898325272278361,0.011943739048012082,0.015873864483781024,2.7796650544556725,0.00018154080854309687,0.00015636918382913806,0.00020671243325705568,0.026075259575492782,0.02332892167855738,0.02885060870262236,2.6075259575492784,0.00017130866081648224,0.00015337657382678366,0.00018885921404044259,0.04784092475735472,0.044113450657338585,0.05172809014179182,2.3920462378677363,0.00015716193019263782,0.0001447596795727637,0.00016975014304787336,0.11428342787050852,0.10752916661037694,0.12073589165313857,2.2856685574101703,0.00014984359502555886,0.0001403067063401236,0.00015915159838254366,0.2067542442337559,0.19749967936176224,0.2164156612660969,2.067542442337559,0.0001354619668879225,0.0001287842374303807,0.00014259651331349662,0.3661488529831443,0.3550239268472707,0.37802292297506773,1.8307442649157213,0.0001192851284594404,0.00011485818917011579,0.00012374973774056342,0.48904572042439576,0.477333771701687,0.5015885761105437,1.6301524014146525,0.00010595984385132815,0.00010260226593593837,0.00010938100021616671,0.5997367480694834,0.5883562461300175,0.6112910401174206,1.4993418701737087,9.695016117034466e-05,9.443247057925958e-05,9.95732323713975e-05,0.6931922575254786,0.6827728236462692,0.7033720085693882,1.3863845150509573,8.94775390625e-05,8.737945556640625e-05,9.159088134765626e-05,0.1096206778898892,0.10412119184339938,0.11517841525602854,0.402905050049306,0.3939833040860942,0.4121320657891585
mipod_alpha0p001,MIPOD,0.001,texture_energy_stego,1000,6.380081176757813e-05,0.0003401993277630936,0.00022832646208087405,0.0005082964522824118,0.6563374488790532,0.015426239227374978,0.013231063567202541,0.01776889550626569,3.0852478454749956,0.00020289855072463768,0.00017391304347826085,0.0002334096109839817,0.028287376521727373,0.025275623252490345,0.03147374808575516,2.828737652172738,0.00018428080885158336,0.00016520412056467,0.00020413010301411673,0.05153373526831125,0.04722381382320829,0.05594573652389573,2.5766867634155624,0.00016841502956322718,0.00015468243372115205,0.00018271981689872214,0.12261854011742258,0.11575488669641351,0.12960044790734804,2.4523708023484514,0.00015907530327306018,0.0001499160753795682,0.0001683871213855192,0.2219543441018197,0.21208204195484326,0.23217990937788538,2.219543441018197,0.00014488441290913252,0.00013782711528191044,0.00015220969710841536,0.39060983117128756,0.3788669202151701,0.40319510620239113,1.953049155856438,0.00012712430143622805,0.00012256575559327853,0.0001319308016555723,0.519694120100615,0.5077102608409243,0.532400986507644,1.7323137336687169,0.00011227954172653636,0.0001090621542921811,0.00011576395864857647,0.6333004771830586,0.6219583094380621,0.6454992934751915,1.5832511929576463,0.00010219534990177192,9.961066394552633e-05,0.000104837256098724,0.7225146089402251,0.7121238433748169,0.7330554899438787,1.4450292178804502,9.307861328125e-05,9.094982147216796e-05,9.526081085205078e-05,0.11773561432658451,0.1117938749534592,0.12384613059946618,0.4267149038605136,0.4172877192960518,0.43679131296168827
mipod_alpha0p001,MIPOD,0.001,uniform,1000,6.380081176757813e-05,6.380081176757813e-05,6.281261444091797e-05,6.481199264526366e-05,0.5,0.005,0.005,0.005,1.0,6.378718535469107e-05,6.279919908466818e-05,6.479815026697178e-05,0.01,0.01,0.01,1.0,6.38115223197253e-05,6.282315909958032e-05,6.482287294925601e-05,0.02,0.02,0.02,1.0,6.379935151630745e-05,6.281117680717148e-05,6.481050925042914e-05,0.05000000000000001,0.05000000000000001,0.05000000000000001,1.0,6.380178530556192e-05,6.281357289997712e-05,6.481298161287863e-05,0.10000000000000002,0.10000000000000002,0.10000000000000002,1.0,6.380178530556192e-05,6.281357289997712e-05,6.481298161287863e-05,0.20000000000000004,0.20000000000000004,0.20000000000000004,1.0,6.380056838772436e-05,6.281237483072345e-05,6.481174540807569e-05,0.2999999999999999,0.2999999999999999,0.2999999999999999,1.0,6.380097402184557e-05,6.281277418206325e-05,6.481215747110358e-05,0.4000000000000001,0.4000000000000001,0.4000000000000001,1.0,6.380056838772436e-05,6.281237483072345e-05,6.481174540807569e-05,0.5,0.5,0.5,1.0,6.380081176757813e-05,6.281261444091797e-05,6.481199264526366e-05,0.05000000000000002,0.05000000000000002,0.05000000000000002,0.25,0.25,0.25
mipod_alpha0p001,MIPOD,0.001,wavelet_energy_cover,1000,6.380081176757813e-05,0.00029154018221961875,0.00021367370647050815,0.00039161843887245215,0.6337856936156508,0.011498824843102336,0.009869324056978863,0.013363777576887038,2.299764968620467,0.0001495041952707857,0.00012812738367658273,0.00017315026697177727,0.023299978430258415,0.020801380506796405,0.02596878166929676,2.3299978430258417,0.00015146890499809232,0.0001350629530713468,0.00016901945822205263,0.045336066005432614,0.0416917421860379,0.0491311805313956,2.266803300271631,0.00014991417127598706,0.00013713522792294488,0.000163265306122449,0.11040516212999063,0.10427087347091459,0.11717917441817445,2.2081032425998126,0.00014557106889448383,0.00013641565575646603,0.0001551098649576562,0.20699361077128262,0.19861477744900688,0.21613772230717226,2.069936107712826,0.0001352712291142138,0.00012886148622873273,0.00014210059510185396,0.36645237542721987,0.3548277253512085,0.378151846302766,1.8322618771360994,0.00011917068797802744,0.00011457351847260104,0.00012392044479200444,0.4931785201208708,0.4818045152506625,0.5053335903366696,1.6439284004029027,0.0001064557557570286,0.00010325108401256308,0.00010982541357781367,0.6002174481722765,0.5883849436414698,0.61188159577952,1.5005436204306912,9.674989032787198e-05,9.430753972038376e-05,9.939179652482406e-05,0.6903809844032899,0.6794560924196216,0.7015594237927162,1.3807619688065798,8.88671875e-05,8.678359985351563e-05,9.108753204345702e-05,0.10730012037032793,0.10218384300853574,0.1128271666444335,0.40316715233559625,0.3942647920765951,0.4127848504887261
mipod_alpha0p001,MIPOD,0.001,wavelet_energy_stego,1000,6.380081176757813e-05,0.0002915232104495068,0.00021362300283541495,0.0003916192229553524,0.6337737616838315,0.011498824843102336,0.009869324056978863,0.013363777576887038,2.299764968620467,0.0001495041952707857,0.00012812738367658273,0.00017315026697177727,0.02325650016938885,0.02074215309658746,0.025911732156458228,2.3256500169388845,0.00015108737123235405,0.00013467188096146507,0.0001682563906905761,0.045336066005432614,0.0416917421860379,0.0491311805313956,2.266803300271631,0.00014991417127598706,0.00013713522792294488,0.000163265306122449,0.11049607122089972,0.104398632528464,0.11723124919378808,2.2099214244179946,0.00014564736400396732,0.0001365663385976959,0.0001551098649576562,0.20701265839033026,0.19862489780471876,0.21618481032111062,2.0701265839033023,0.0001352712291142138,0.0001288624399176013,0.0001420996414129854,0.36657624294858737,0.35491870198709696,0.3783235578188195,1.832881214742937,0.00011920883480516509,0.00011461214213507792,0.00012392139846268286,0.4933354297746845,0.48188004709311316,0.5054820896927389,1.6444514325822814,0.00010649390282669787,0.0001032765153923426,0.00010986356064748292,0.6000635104433387,0.5882247266021057,0.6117773958899011,1.500158776108347,9.672128020751874e-05,9.426963131091572e-05,9.934387457323237e-05,0.6904732841571994,0.6795562136689559,0.7016117071336183,1.3809465683143989,8.88824462890625e-05,8.67919921875e-05,9.109573364257812e-05,0.10733798504188824,0.10222573301141598,0.11287845744719435,0.4032112278964528,0.3943397290920077,0.4128771922539027
mipod_alpha0p0025,MIPOD,0.0025,gradient_magnitude_cover,1000,0.00017720794677734375,0.0003401379162293036,0.0003119559829416455,0.0003815184402677618,0.6065781448340345,0.007059016432688174,0.00623486092115407,0.007945713583442664,1.4118032865376346,0.0002593440122044241,0.00022959572845156366,0.00029290617848970257,0.015608445293465487,0.01424945753608997,0.016979490097220214,1.5608445293465487,0.000283479587943533,0.00025829835940480725,0.00030904235024799693,0.030340351643878063,0.02827224773938203,0.03255342084651188,1.517017582193903,0.00027598703032614914,0.0002559555597940111,0.0002969769216097654,0.07867588729701278,0.0748812112165039,0.08260082160404852,1.5735177459402558,0.0002861829556725414,0.00027115281910429544,0.00030220683604180974,0.16056783716461787,0.15421881713178673,0.16702586786353196,1.6056783716461787,0.00029163805600061033,0.0002787403677424277,0.00030461013199053946,0.3092897381197258,0.30073678710676854,0.31809055759153276,1.5464486905986292,0.0002795399492647199,0.000270518224646665,0.0002893060138472983,0.4415284725929593,0.4321799040835333,0.4512306951638348,1.4717615753098643,0.0002650712714418321,0.0002578726015029945,0.0002727391503376016,0.5602758056115985,0.5503969104553587,0.5702820942654925,1.4006895140289959,0.0002513112971828568,0.0002457986038261268,0.00025734088004730207,0.6611560446363031,0.6519939948078712,0.670406136475422,1.3223120892726061,0.00023673248291015625,0.00023225364685058593,0.00024163055419921875,0.07920396875737952,0.07584851208025468,0.08266551534463619,0.36023198519642474,0.3530650252561543,0.3675835223635475
mipod_alpha0p0025,MIPOD,0.0025,gradient_magnitude_stego,1000,0.00017720794677734375,0.0003401564757494939,0.00031200495500217077,0.0003815266266347067,0.6066083771892053,0.007059016432688174,0.00623486092115407,0.007945713583442664,1.4118032865376346,0.0002593440122044241,0.00022959572845156366,0.00029290617848970257,0.01563476108293917,0.014281132017211153,0.016996821861107958,1.5634761082939173,0.00028386112170927124,0.00025867989317054555,0.00030942388401373523,0.030340351643878063,0.02827224773938203,0.03255342084651188,1.517017582193903,0.00027598703032614914,0.0002559555597940111,0.0002969769216097654,0.07870166222962735,0.07486966670921948,0.08261745939266828,1.5740332445925467,0.0002862592507820249,0.00027122529945830477,0.00030220492866407265,0.16067691752165947,0.15442433179919907,0.1671127176042148,1.6067691752165947,0.0002917906462195773,0.0002789330128938735,0.0003048371099412528,0.3094056392433255,0.30082261330510957,0.3181590972693407,1.5470281962166272,0.00027963531633256407,0.0002705940414656011,0.00028940281142116005,0.44149014149554366,0.43210236843478295,0.45127699246060593,1.4716338049851456,0.00026505855575194233,0.00025793490838345437,0.00027275218391973856,0.5605324483994462,0.5506271033800973,0.5706229593204493,1.4013311209986155,0.00025141620095748543,0.0002459027923477465,0.00025746342672948176,0.6611552621101523,0.6520540547970504,0.670458650067916,1.3223105242203046,0.00023673248291015625,0.00023221569061279297,0.00024160785675048828,0.07924352250389627,0.0758631443642573,0.08272666180746242,0.3603175682916235,0.35316462527271975,0.36771132099784365
mipod_alpha0p0025,MIPOD,0.0025,laplacian_residual_cover,1000,0.00017720794677734375,0.0004391619023423424,0.00040804074053712097,0.0004766378921221034,0.6190153359313217,0.014558451672970677,0.013290933367287809,0.01579422301396351,2.9116903345941356,0.0005324180015255531,0.0004858886346300534,0.0005812356979405035,0.02722127114656523,0.025359584810064936,0.029099758947620003,2.7221271146565225,0.0004994276993513925,0.00046468904998092327,0.0005364364746280046,0.05178670546782574,0.04891348088789667,0.0546025674839252,2.589335273391287,0.0004730116345603662,0.00044516021361815756,0.0005008630555025749,0.11749247394931521,0.11268265730334119,0.12224266939587129,2.3498494789863043,0.0004282444495307851,0.0004084077210650797,0.00044815938048371106,0.2109640462240654,0.2041499155921026,0.21796049338324205,2.109640462240654,0.0003834973678187228,0.0003693417639429313,0.0003985666056305791,0.3595684063690069,0.35106731986732737,0.36825579850226686,1.797842031845034,0.00032501096721280207,0.0003157603616319213,0.00033504453642068326,0.48013817817718846,0.471371480158353,0.48943423406844494,1.6004605939239616,0.0002879722289332808,0.00028116838116552014,0.0002952481466881986,0.5770289068310025,0.5686455623907147,0.5858733229114782,1.4425722670775059,0.0002587594651814835,0.00025348471265902457,0.0002645310801274104,0.6638132201571563,0.6560621287357653,0.6722024294936584,1.3276264403143125,0.00023746490478515625,0.00023324546813964842,0.00024189910888671874,0.1128648601489485,0.10858109598497628,0.11698900398085549,0.3933977969433514,0.3864217598321518,0.4006907083151379
mipod_alpha0p0025,MIPOD,0.0025,laplacian_residual_stego,1000,0.00017720794677734375,0.0005160663555445098,0.00046642681725373917,0.0005740769551844128,0.6410213095008771,0.01681950495434794,0.015067408780854335,0.018697799560919957,3.3639009908695883,0.0006102212051868802,0.000547673531655225,0.0006773646071700991,0.030221001565451603,0.027881514827250386,0.03268490104403044,3.02210015654516,0.0005475009538344144,0.0005047500953834415,0.0005921404044257916,0.057673579826920035,0.0540072605998367,0.06147115405001011,2.8836789913460015,0.0005214571810032425,0.00048826530612244894,0.0005567423230974633,0.13029344524080916,0.1244059229633146,0.1360578553616205,2.6058689048161834,0.00047165636682688645,0.00045006294346532387,0.0004941653315022506,0.23217003103198952,0.22429254025664255,0.24011614387450972,2.321700310319895,0.00042015716792553594,0.00040390535591668575,0.00043686770428015564,0.39111346439772354,0.38166038455109624,0.40076958191625095,1.9555673219886176,0.0003524003890976368,0.00034276497739800494,0.00036283497682580257,0.5134235762055209,0.5038533450502916,0.5237462895806899,1.7114119206850695,0.00030708391083758254,0.000300063896341696,0.0003147902546952685,0.6120668793052234,0.6028549610997145,0.621554885904645,1.5301671982630587,0.0002738369986076408,0.00026843922256766296,0.00027966392645291724,0.6951888852010659,0.6870137685250002,0.7034294532745294,1.3903777704021318,0.000248260498046875,0.00024399509429931643,0.00025264091491699215,0.12480215218483133,0.1197267196760445,0.12986001891007617,0.4210171060419654,0.4131583287372681,0.4291307942154882
mipod_alpha0p0025,MIPOD,0.0025,local_entropy_cover,1000,0.00017720794677734375,0.0004144303133758543,0.00036008127755615443,0.00048287883500122795,0.6278326392712652,0.008100348631199442,0.007208707460743727,0.009025969277411859,1.620069726239888,0.00030053394355453856,0.00026695270785659803,0.00033487795575896256,0.01704340978061123,0.015554162812519876,0.018539636009457076,1.7043409780611232,0.0003147653567340709,0.00028653185806943915,0.0003449065242273941,0.03581230968677251,0.0332655503775324,0.0384672214264292,1.790615484338625,0.00032958230020980355,0.0003042151440015258,0.00035647530040053407,0.09010719758074671,0.08520452169005868,0.09525140191987799,1.802143951614934,0.000330586709391928,0.00031067368581673914,0.00035180056458381014,0.17632323349001466,0.16899529985897607,0.18438027706870583,1.7632323349001469,0.00032192721446555275,0.0003065127412832838,0.0003387893873502709,0.3317163524523396,0.3214289475383219,0.34296499049372503,1.6585817622616978,0.0003010929065974938,0.0002900298498922352,0.00031353067958572544,0.46797754152753535,0.4563026352857957,0.48020788837341266,1.5599251384251176,0.0002819449919255369,0.00027358951209897886,0.00029121568353191,0.5863713068965962,0.5747638927085474,0.5985659561367745,1.4659282672414906,0.000264147704514677,0.0002576625054836064,0.00027103320681302336,0.6877991662040035,0.67693719477799,0.6989765580772013,1.375598332408007,0.0002469329833984375,0.00024178924560546875,0.000252349853515625,0.08896942250726267,0.08479257664117867,0.09344600309676286,0.3814191646461486,0.37262662531039026,0.39092453168812746
mipod_alpha0p0025,MIPOD,0.0025,local_entropy_stego,1000,0.00017720794677734375,0.0004145163637642153,0.00036019274029146995,0.00048287102261105745,0.6279754505165545,0.00806537865759976,0.007172227311126864,0.009007137638202507,1.6130757315199518,0.0002997711670480549,0.0002654462242562929,0.00033562166285278414,0.01701900918551296,0.015526258309197778,0.018510133471691875,1.7019009185512959,0.00031400228920259446,0.00028576879053796256,0.00034415299504006095,0.035997046542052,0.03348259426806532,0.0386627746974108,1.7998523271025997,0.00033091741369444975,0.0003059269502193401,0.00035781518214762537,0.09008393385489463,0.08516535170805388,0.09522229460020015,1.8016786770978925,0.00033051041428244456,0.00031074807354848557,0.0003516498817425803,0.17630894972461522,0.1690031583783633,0.18445080345280349,1.7630894972461522,0.00032185091935606924,0.0003064011596856642,0.0003388265812161441,0.33171523579946743,0.32150074524366207,0.34282572989629506,1.6585761789973372,0.0003011310534246314,0.00029006799671937286,0.00031360601956932236,0.46818468852479694,0.456602672485351,0.48038107359266036,1.5606156284159902,0.0002820848645143242,0.0002737427361621505,0.00029134474778429105,0.5867672408541134,0.5751570787382035,0.5989562511222034,1.4669181021352833,0.00026431936523679643,0.00025782462949894145,0.0002712151194949361,0.6878378183262853,0.6770343917472087,0.6989916034121952,1.3756756366525706,0.00024692535400390627,0.0002417825698852539,0.0002523658752441406,0.08898991490331551,0.08479461508801066,0.09348737830231592,0.3815460928214287,0.37276832963794054,0.3910229565885166
mipod_alpha0p0025,MIPOD,0.0025,local_variance_cover,1000,0.00017720794677734375,0.0003131099552642885,0.0002948945626913323,0.0003353050295113522,0.6105653119842923,0.005333943351140689,0.0045812626282947955,0.006099816288196624,1.066788670228138,0.00019450800915331805,0.00016702898550724637,0.0002227307398932113,0.010683876219695305,0.009560289034827064,0.011847603627787667,1.0683876219695303,0.00019420068676077832,0.0001732163296451736,0.00021632964517359784,0.023589015940696772,0.021735079883458956,0.02552745058414714,1.1794507970348385,0.0002145718100324242,0.0001970246042342171,0.00023288193782185774,0.06618532836104159,0.06252180034893379,0.06990610567236931,1.3237065672208317,0.0002397955291065843,0.00022583161669336994,0.00025421911955443653,0.14070754049031087,0.13447622466896647,0.14719828981783156,1.4070754049031085,0.0002550926985580224,0.00024250305180437934,0.00026836900129701693,0.2908829512368347,0.2809892944932978,0.3005812968785865,1.4544147561841738,0.00026346106162619925,0.00025331305193690515,0.0002739705125026226,0.43310177222842855,0.42174852479324265,0.4445627983196173,1.443672574094762,0.00026073522118942567,0.0002529382780412751,0.0002693059140673677,0.5602449008186288,0.548661113268951,0.5721191410611213,1.4006122520465722,0.00025202655019168787,0.0002458746590627325,0.0002587308550611303,0.6710204675799538,0.6599988998782783,0.6822334856984906,1.3420409351599076,0.00024077606201171876,0.00023580093383789063,0.0002462400436401367,0.06743680753916789,0.06418186715829112,0.07081126117606013,0.35150608717163845,0.34342415509475216,0.35992464026930077
mipod_alpha0p0025,MIPOD,0.0025,local_variance_stego,1000,0.00017720794677734375,0.0003132977053073988,0.0002949854175896846,0.00033548370358501883,0.6107244513452214,0.005333943351140689,0.0045812626282947955,0.006099816288196624,1.066788670228138,0.00019450800915331805,0.00016702898550724637,0.0002227307398932113,0.010683876219695305,0.009560289034827064,0.011847603627787667,1.0683876219695303,0.00019420068676077832,0.0001732163296451736,0.00021632964517359784,0.023589015940696772,0.021735079883458956,0.02552745058414714,1.1794507970348385,0.0002145718100324242,0.0001970246042342171,0.00023288193782185774,0.06617836826792828,0.06256778494096475,0.06988283512050962,1.3235673653585653,0.0002397955291065843,0.00022583352407110709,0.0002545223926146334,0.14091722981339663,0.1346352714906163,0.14749833994915715,1.4091722981339663,0.0002554360265506981,0.000242846379797055,0.00026867513542381936,0.29090057286608156,0.2810021286376066,0.30055425918357404,1.454502864330408,0.00026348013503976807,0.0002532930248526579,0.0002739910164222091,0.43328524501891025,0.4219266718184082,0.44458310203105605,1.444284150063034,0.0002608242310186539,0.0002530422288061239,0.0002694330709662653,0.5603841116064994,0.5488513397281578,0.5721556195144976,1.400960279016248,0.00025209330713917873,0.0002458939708939709,0.000258742060691602,0.6711153185228993,0.6601413160967853,0.6823680433466619,1.3422306370457986,0.00024082183837890626,0.00023580780029296876,0.0002462772369384766,0.067486445832694,0.06423115017991855,0.07081632987458794,0.3516145298984666,0.34346920240281265,0.36001500063102393
mipod_alpha0p0025,MIPOD,0.0025,oracle,1000,0.00017720794677734375,0.0014226814123948523,0.0012866769499161933,0.001575221692636578,0.7616414257947626,0.04821492143311468,0.04556305148973607,0.05139488539503791,9.642984286622934,0.001782608695652174,0.0016758199847444696,0.0019122807017543856,0.08118486688210694,0.07708673309302885,0.08559933288529478,8.118486688210693,0.0015020984357115603,0.0014189145364364743,0.0015963372758489123,0.13453090425188297,0.1286187634833458,0.14088349324310143,6.726545212594148,0.001239557505245089,0.0011773793629601373,0.001307290673278657,0.2508798558414313,0.24191409137707268,0.260207319049382,5.017597116828626,0.0009188220035095751,0.0008805943389028763,0.0009610170138094148,0.3864274115058404,0.3750969075024726,0.39766664985516254,3.8642741150584046,0.0007023346303501947,0.0006784523537041276,0.0007282387273975739,0.5669449028961073,0.5553360227080472,0.5786461536616905,2.834724514480536,0.0005117587594651816,0.0004982314177268306,0.0005256823513704247,0.6879752084221261,0.6775635038470728,0.6987500983807651,2.2932506947404208,0.00041206464656739957,0.0004033280139363961,0.0004212329768701601,0.7770953521716506,0.768239606710187,0.7863130656463772,1.9427383804291265,0.0003477369394800588,0.0003415855251864426,0.0003542126018043449,0.8459931567040937,0.8387337348024417,0.8533425504431748,1.6919863134081874,0.00030179595947265627,0.0002972412109375,0.0003065364837646484,0.23236458715122302,0.22467799462517643,0.2405305242762823,0.5761180669492149,0.5669784102462974,0.5856307348481034
mipod_alpha0p0025,MIPOD,0.0025,srm_residual_cover,1000,0.00017720794677734375,0.00047212739699438087,0.00042945119569655783,0.0005286099101877785,0.6469053180466224,0.013721878366099137,0.012539280172083873,0.0149870381225427,2.7443756732198272,0.0005041952707856599,0.000459954233409611,0.0005537757437070938,0.02629345679031318,0.024496500589370484,0.028111038086307865,2.6293456790313177,0.00048340328119038535,0.0004482926363983213,0.0005185139259824493,0.04884330803398128,0.046063462280021665,0.05171069102725383,2.4421654016990644,0.00044821666984550836,0.0004218910928857524,0.0004768262445164982,0.11613370200445715,0.11143948273910227,0.12112511827015544,2.3226740400891432,0.00042481116960402845,0.00040504882887006945,0.00044571602960250244,0.2164245869119901,0.2092450960863034,0.22412425708412634,2.1642458691199007,0.0003942168307011521,0.0003785362783245594,0.0004109645609216449,0.37673168962913134,0.3668559456771249,0.38676619216053226,1.8836584481456564,0.00034135688264128636,0.00033076875393389156,0.00035255488374754426,0.5068891568873034,0.4967365943878385,0.5169509056449991,1.6896305229576782,0.0003045407728596315,0.00029671903411619596,0.0003125268618948921,0.617576997873839,0.6077786256962334,0.6273923392782477,1.5439424946845972,0.0002773178965839517,0.0002711757805794503,0.0002835169944114898,0.7115187560542791,0.702727837916284,0.7202927634684537,1.4230375121085581,0.0002548065185546875,0.00025001506805419924,0.000259858512878418,0.1129863923141551,0.1088143908917072,0.11746653787915758,0.41563118163751267,0.407746726799534,0.42360437099427667
mipod_alpha0p0025,MIPOD,0.0025,srm_residual_stego,1000,0.00017720794677734375,0.0005383135140284976,0.0004765534478961855,0.0006184780059639349,0.6639506747267194,0.015289186552947929,0.013767290421852998,0.016868825089639283,3.057837310589586,0.0005560640732265446,0.0005026697177726926,0.0006125095347063311,0.02799473790533137,0.025804773400680735,0.03027515873891728,2.7994737905331366,0.0005123998473864937,0.000471575734452499,0.0005536054940862265,0.05265947134095445,0.04957306069954992,0.05587780070687267,2.632973567047722,0.0004800686629792104,0.000450696166316994,0.0005103948121304595,0.12540199597135035,0.1199056090597568,0.1310171448388186,2.5080399194270067,0.0004563210498207065,0.00043488212405584805,0.00047821965362020304,0.23071440738925195,0.22253939946105197,0.23896902856815558,2.3071440738925193,0.00041878385595483337,0.00040268463416495004,0.00043599031052109563,0.3982097444591475,0.388264202890781,0.4085427435303055,1.9910487222957372,0.0003599534608708921,0.00034887180758740396,0.0003717036372999676,0.5321304149396696,0.5217887218286925,0.5427137947901016,1.773768049798899,0.000319252826062078,0.0003112540213369276,0.00032760894167313043,0.6432772758396402,0.633299711746162,0.6534924730046595,1.6081931895991006,0.00028842815998779306,0.0002823723511796906,0.00029489500085830365,0.7338727102126288,0.7249189640766164,0.7429026041973223,1.4677454204252576,0.0002624588012695313,0.0002576675415039063,0.0002675628662109375,0.12123535917459129,0.11634820371664115,0.12623062699379964,0.43542927064279785,0.42737835680517317,0.4438993968883286
mipod_alpha0p0025,MIPOD,0.0025,texture_energy_cover,1000,0.00017720794677734375,0.00046870303929375667,0.00041823345753928815,0.0005329169645514048,0.6380479855566198,0.01314388576972891,0.011886643503249236,0.014426593945947402,2.6287771539457827,0.0004813119755911518,0.0004363081617086194,0.0005301296720061022,0.025443265520490272,0.023613443860892213,0.02724685947766544,2.544326552049027,0.00046394505913773367,0.00042884395268981304,0.0004990461655856543,0.0479145330075346,0.04526128826360907,0.050619325932534834,2.3957266503767305,0.00043620064848369256,0.0004110194545107763,0.00046214476444783516,0.11235917292764673,0.10748948155562407,0.11706727457747157,2.247183458552934,0.00041000991836423283,0.00039001869230182346,0.00042977416647592886,0.20778301032619378,0.2007187987731677,0.21535361926104055,2.077830103261938,0.00037815671015487906,0.00036320286869611664,0.00039433794918745707,0.36870908400847124,0.3595151831583951,0.3784789549296937,1.843545420042356,0.00033380381086803106,0.00032361765435159933,0.0003448473173243816,0.49287850994257815,0.48279214458183634,0.5033014210793834,1.6429283664752607,0.0002962882901211805,0.0002886585582950803,0.0003046062586625637,0.6026142167078835,0.5933581462761922,0.6123133277685526,1.5065355417697088,0.000270518224646665,0.00026469940300215527,0.0002768703866180931,0.696629564672128,0.687842074176105,0.705547917453021,1.393259129344256,0.00024945068359375,0.000244873046875,0.00025438728332519535,0.10903776755663727,0.10495345567156973,0.11325093047636706,0.4050891731429463,0.39738276349902485,0.4131355795851126
mipod_alpha0p0025,MIPOD,0.0025,texture_energy_stego,1000,0.00017720794677734375,0.0005213926084337306,0.0004627272253941891,0.0005918272609373446,0.656645961578698,0.014970332413550612,0.013250643255906214,0.016855069700471376,2.994066482710122,0.000543859649122807,0.00048281845919145687,0.0006071700991609459,0.027674976894611694,0.025389277884959725,0.030082369929781763,2.767497689461169,0.000501335368180084,0.00045973864937046924,0.0005444486837085082,0.0516790192562635,0.04850843823509329,0.055089838484032747,2.583950962813175,0.00046728971962616824,0.0004375309937058936,0.0004985742895288957,0.12189132755085608,0.1164904717341247,0.12735435803699574,2.4378265510171215,0.0004425116350041963,0.0004216067750057222,0.00046357289997711143,0.22358425149589853,0.21526254730421907,0.23177686554869525,2.2358425149589856,0.0004053940642404822,0.0003888742656595712,0.00042221713588159,0.39104451429540354,0.38107825344708085,0.4013237888961614,1.9552225714770175,0.0003531251788132522,0.00034248173720650786,0.0003642831257510157,0.5219343039762242,0.5114056667142723,0.5328312930403231,1.7397810132540807,0.0003130730007756571,0.00030542991747517257,0.00032137666416591433,0.631007023003642,0.6208871023414267,0.6411924986855483,1.5775175575091047,0.0002829731637071087,0.0002769266531881211,0.0002893629956703351,0.7232198361966697,0.7143158542462836,0.7320664068111719,1.4464396723933395,0.00025858306884765626,0.0002539590835571289,0.00026350460052490234,0.11781253763334316,0.11297004933855341,0.12280309766499171,0.4270400845509794,0.41858067693386575,0.4356176347990935
mipod_alpha0p0025,MIPOD,0.0025,uniform,1000,0.00017720794677734375,0.00017720794677734375,0.00017536535263061522,0.0001790771484375,0.5,0.005,0.005,0.005,1.0,0.00017717009916094582,0.00017532789855072465,0.00017903890160183067,0.01,0.01,0.01,1.0,0.00017723769553605495,0.00017539479206409768,0.00017910721098817245,0.02,0.02,0.02,1.0,0.00017720389090215526,0.00017536133892809462,0.00017907304978065993,0.05000000000000001,0.05000000000000001,0.05000000000000001,1.0,0.0001772106507972839,0.00017536802853437093,0.00017907988097962924,0.10000000000000002,0.10000000000000002,0.10000000000000002,1.0,0.0001772106507972839,0.00017536802853437093,0.00017907988097962924,0.20000000000000004,0.20000000000000004,0.20000000000000004,1.0,0.00017720727078525246,0.000175364683667436,0.00017907646531499743,0.2999999999999999,0.2999999999999999,0.2999999999999999,1.0,0.0001772083974416032,0.00017536579860890353,0.00017907760385539717,0.4000000000000001,0.4000000000000001,0.4000000000000001,1.0,0.00017720727078525246,0.000175364683667436,0.00017907646531499743,0.5,0.5,0.5,1.0,0.00017720794677734375,0.00017536535263061522,0.0001790771484375,0.05000000000000002,0.05000000000000002,0.05000000000000002,0.25,0.25,0.25
mipod_alpha0p0025,MIPOD,0.0025,wavelet_energy_cover,1000,0.00017720794677734375,0.0005085674324975997,0.00043643233846511867,0.0005989928714626101,0.6297065451469568,0.011641005384526398,0.010568914825892221,0.012728145780439279,2.3282010769052794,0.0004279176201372998,0.000387490465293669,0.0004698703279938977,0.022868449287519983,0.021131275859260123,0.024600652818917323,2.2868449287519983,0.0004223578786722625,0.00038840137352155664,0.00045516978252575346,0.044847406927913606,0.04237939596717271,0.047438717051288555,2.24237034639568,0.00041312225824909396,0.00038775033377837117,0.0004381079534617586,0.10747659874936974,0.10278732940849702,0.11226704518249668,2.1495319749873953,0.00039452201113908603,0.00037475776302738995,0.0004145113298237583,0.20087761905322365,0.19374170531135906,0.20825493126761369,2.0087761905322363,0.000366979476615549,0.00035167849240863656,0.00038262092774853134,0.3575178319568876,0.3477185330671594,0.3675413301382973,1.787589159784438,0.00032445783821930614,0.00031371712220336074,0.0003357302256384825,0.48554052292176686,0.47519297745486494,0.49595283028884657,1.6184684097392228,0.0002921684065968999,0.00028437273501773837,0.0003002562211512786,0.5932967133854432,0.5835605108794185,0.6035576699635873,1.483241783463608,0.0002666653951057621,0.00026065607774323373,0.0002728456579374011,0.6861648272164282,0.6769955156375187,0.6958924792806023,1.3723296544328565,0.00024593353271484375,0.00024114990234375,0.0002508705139160156,0.10447670961442686,0.1003984780515693,0.108685632799334,0.39687060020267007,0.38885001915833584,0.40505204517849
mipod_alpha0p0025,MIPOD,0.0025,wavelet_energy_stego,1000,0.00017720794677734375,0.0005085726120561313,0.00043638485871907203,0.0005990288691816946,0.629725524081834,0.011597370384379352,0.010522047663647182,0.012673702793770933,2.319474076875871,0.00042639206712433256,0.00038672768878718534,0.00046758199847444696,0.022801301136449317,0.02107628050253813,0.024506624226023697,2.280130113644932,0.00042121327737504766,0.0003876383059900801,0.00045403471957268206,0.04483537755874182,0.04236487978237227,0.0474052373613881,2.2417688779370906,0.0004129315277512874,0.00038794106427617774,0.0004379219912263971,0.10755415753757493,0.10288405368675055,0.11228191195505055,2.1510831507514987,0.00039475089646753646,0.000375064850843061,0.00041474402990768287,0.20077363936986117,0.19367042167782125,0.20817819182542102,2.0077363936986115,0.00036678873884184025,0.00035152685587853814,0.0003824683375295643,0.3575715097426422,0.34784488479500775,0.3676195963214709,1.7878575487132111,0.0003244959850464438,0.0003137757729500849,0.00033574977588739056,0.48559083952527216,0.4752673265970775,0.49604005434186355,1.6186361317509073,0.0002921938379766794,0.00028442296199280285,0.0003002816525310581,0.5931700654149804,0.5834047554246087,0.6033156666971274,1.4829251635374512,0.00026661771157184,0.0002606086326269813,0.0002727414694157814,0.6860845950314142,0.6769223312206532,0.6957051307886536,1.3721691900628283,0.0002459182739257812,0.00024114208221435546,0.00025087013244628906,0.10447211447369628,0.10041745566514938,0.10867186614608912,0.39684672927144576,0.3888417295318461,0.40498056532671106
mipod_alpha0p005,MIPOD,0.005,gradient_magnitude_cover,1000,0.0003868789672851563,0.0006869918588764337,0.0006461817282500936,0.0007316827265496282,0.6044128034275202,0.0071735090834982715,0.00651063072791173,0.007842638142551994,1.4347018166996546,0.0005736079328756675,0.0005194508009153319,0.0006293096872616322,0.014969364976758168,0.01396160148882147,0.01608473785025904,1.496936497675817,0.0005974818771461273,0.0005543590232735595,0.0006436570011446012,0.030071551128233332,0.028379644168304203,0.03185244946345748,1.5035775564116667,0.0006006103375929813,0.0005641760442494755,0.0006393286286477207,0.07767287734562743,0.07432003808047451,0.08134064940727065,1.553457546912548,0.0006189059281300069,0.0005887655451285573,0.0006508793011367972,0.15840685424934395,0.15258713517188824,0.1642980329841383,1.5840685424934395,0.0006298542763408865,0.0006034533073929961,0.0006569781414511329,0.3073891207264094,0.2992472685310114,0.31593621213716344,1.5369456036320468,0.0006077361765435161,0.0005887576532071945,0.0006279935722596272,0.4387791433337601,0.4294461999486782,0.4483521860059405,1.462597144445867,0.0005763259285632541,0.0005614466640387573,0.00059257785181135,0.5566794661047961,0.5474681866258772,0.5664512885167444,1.39169866526199,0.0005464056152129547,0.0005347610578115166,0.0005593025806328558,0.6580702813086043,0.6494223048244949,0.6671442462290093,1.3161405626172087,0.0005152206420898438,0.0005060115814208984,0.0005252769470214844,0.07816655255366539,0.07502165558960808,0.08149693627876903,0.357850570099521,0.35083045635829796,0.36529511907512985
mipod_alpha0p005,MIPOD,0.005,gradient_magnitude_stego,1000,0.0003868789672851563,0.0006870523280270344,0.000646295748760075,0.0007317772326217951,0.6044389363256719,0.0071735090834982715,0.00651063072791173,0.007842638142551994,1.4347018166996546,0.0005736079328756675,0.0005194508009153319,0.0006293096872616322,0.01497060733149823,0.013956093532376816,0.01607607367079146,1.4970607331498231,0.0005974818771461274,0.000554368561617703,0.0006436570011446012,0.030081849033945326,0.028386608471956346,0.031858505473569325,1.5040924516972662,0.0006008010680907878,0.0005641808125119207,0.0006393286286477208,0.07765066294525297,0.07426524264733385,0.08129979298562746,1.5530132589050596,0.00061875333791104,0.0005884603646906234,0.0006508735790035859,0.15845852994410697,0.15259550810243183,0.1643714300698202,1.5845852994410696,0.0006300068665598535,0.0006036440451667049,0.0006570925841153584,0.30739993824172485,0.2992438201027153,0.3159454443950637,1.536999691208624,0.0006077552499570848,0.0005888153502832403,0.0006279549485971505,0.4388514559731297,0.42951571137027544,0.4484501203106198,1.462838186577099,0.0005764022227025926,0.0005614587439441527,0.0005926910214513688,0.5567677766633577,0.5475356467228885,0.566475221199133,1.3919194416583942,0.0005465009822807989,0.000534970626943104,0.0005594267962387228,0.6580030315623885,0.6493082931387052,0.6670378159537671,1.316006063124777,0.0005151901245117188,0.0005059661865234375,0.0005252992630004883,0.07817273847495428,0.0750484816405883,0.0814951262945215,0.3578845380212829,0.35083010025773564,0.36536235105879994
mipod_alpha0p005,MIPOD,0.005,laplacian_residual_cover,1000,0.0003868789672851563,0.0008233015502497814,0.0007845744696101651,0.0008648171132200264,0.6169507552509383,0.013879278996088424,0.012920938937034158,0.014890431127535603,2.775855799217685,0.0011113653699466055,0.0010289855072463767,0.0011967963386727688,0.026435951602014406,0.02499746004511731,0.02795109820360569,2.64359516020144,0.0010545593285005723,0.0009912247233880198,0.0011179130103014113,0.051607600967517,0.049174243265779086,0.05405400729679628,2.58038004837585,0.0010312798016402823,0.0009767261110051495,0.0010846938775510202,0.11649720688308286,0.1121229039855472,0.12074648657984546,2.329944137661657,0.0009301136797131304,0.0008888361181048295,0.0009706378271152819,0.20962832357413702,0.20313963328319015,0.21611894662274095,2.09628323574137,0.0008340581368734266,0.00080361448081178,0.0008651894026092927,0.3574486445826556,0.34896846994334213,0.3659186938943341,1.7872432229132773,0.0007068988536878446,0.0006867740181960366,0.0007279377825249385,0.47631604616150897,0.46786172629471273,0.48513019225144255,1.5877201538716965,0.0006248871482522285,0.0006108744579937184,0.0006400204086822731,0.5733793956268459,0.5651635319905831,0.5817537591059485,1.4334484890671146,0.0005620744244597456,0.0005515051307482501,0.0005735284861431651,0.6607841291657777,0.6536036649164586,0.6683768378583139,1.3215682583315553,0.00051654052734375,0.0005083375930786133,0.0005253232955932617,0.1120041441602263,0.10816368201142701,0.1158639990729921,0.3908708913802388,0.38407396221771606,0.3979154386401165
mipod_alpha0p005,MIPOD,0.005,laplacian_residual_stego,1000,0.0003868789672851563,0.0009725954888417967,0.0008881564868638601,0.0010702652763481414,0.6393158884453035,0.016093477540272186,0.014597796118826395,0.017765010753227322,3.2186955080544366,0.0012799389778794812,0.001160163996948894,0.0014096109839816932,0.02994555193161444,0.027799219132425914,0.03218016147532168,2.994555193161444,0.0011903853491033955,0.0011010969095764974,0.0012808279282716518,0.05736735711144637,0.05411133070169151,0.06059439871110438,2.868367855572318,0.0011396147243944309,0.001070951745184055,0.00120505912645432,0.12931752756853387,0.12396905310730344,0.13451354017506695,2.586350551370678,0.0010274662394140536,0.0009809243152513925,0.0010736266880292974,0.2299297852393526,0.22229994266120665,0.2374100273679479,2.2992978523935257,0.00091191729610132,0.0008779983978027008,0.0009455310139620052,0.3877551280644659,0.37828140943528626,0.3969698653734445,1.9387756403223293,0.0007653207194491598,0.0007436900379560931,0.0007873891357836313,0.5092076042026171,0.4997751673225817,0.5184521246001855,1.6973586806753906,0.0006672176798952227,0.000651983965515049,0.0006830744630799944,0.6084357634065702,0.6000264706554507,0.61711477805696,1.5210894085164255,0.000595872513303706,0.000584732686108833,0.0006072610101279827,0.6933919322271475,0.6855945867384748,0.7007146860177959,1.386783864454295,0.0005416412353515625,0.0005330802917480468,0.0005502637863159179,0.12373351903142567,0.11893078003861116,0.128375490014593,0.4181585746876658,0.41043825167570697,0.42582814012519193
mipod_alpha0p005,MIPOD,0.005,local_entropy_cover,1000,0.0003868789672851563,0.0007745058128128071,0.0007273533105878626,0.0008233271767488791,0.6273153675042772,0.008209874377748701,0.007462530486841893,0.008949275397017736,1.6419748755497403,0.0006643783371472158,0.000601048817696415,0.0007292143401983217,0.0176832558269454,0.016397959863175125,0.018974875654219077,1.7683255826945399,0.0007115604731018694,0.0006558565433040824,0.0007668828691339184,0.03595804858662972,0.033690605180008396,0.038266629562601275,1.797902429331486,0.0007243944306694641,0.000674799732977303,0.000776850085828724,0.09009559502013735,0.08556498770837741,0.0949659524276737,1.801911900402747,0.0007236591134508279,0.0006832150759136339,0.000767797741664759,0.1761774113459475,0.16921686871640015,0.1837749135849218,1.7617741134594749,0.0007038605325398643,0.0006718881132219424,0.0007381618600747693,0.3316681164559031,0.3215301930400292,0.3425437221291073,1.6583405822795154,0.0006587957046672643,0.0006357168742489843,0.000683710827976883,0.4668279239947332,0.45527243773113535,0.4790665887508939,1.5560930799824442,0.0006148163218595426,0.0005969987792937705,0.0006342347697824345,0.5853072539176051,0.5739016381142601,0.5971447976557048,1.4632681347940124,0.0005757309885750252,0.0005620067138415762,0.0005909713612695265,0.6868097004996107,0.6759501829047017,0.6975005889683566,1.3736194009992213,0.00053839111328125,0.0005278242111206056,0.0005498279571533203,0.0890109384677761,0.08498822934573591,0.09339217472464088,0.38086155775175934,0.3720857024407794,0.39023198455814895
mipod_alpha0p005,MIPOD,0.005,local_entropy_stego,1000,0.0003868789672851563,0.0007753657558181757,0.0007284147956069621,0.0008248234983225995,0.6274469407632136,0.0082465136289206,0.0074892124448975176,0.00900557165920912,1.6493027257841197,0.0006681922196796339,0.0006048245614035088,0.0007330282227307398,0.017651961370781868,0.01636658120036223,0.01893563724992049,1.7651961370781868,0.0007104158718046547,0.0006547119420068676,0.00076650133536818,0.03600894671877415,0.033773098441902696,0.038311967915128205,1.8004473359387074,0.0007251573526606905,0.0006757581537287813,0.0007779944688155636,0.09007732545574723,0.08557035809170942,0.09495549998332387,1.8015465091149445,0.0007235828183413444,0.0006830663004501412,0.0007677843900205995,0.17619338696486278,0.1692471687594458,0.18381428207787182,1.761933869648628,0.0007038986800946059,0.0006718137254901961,0.0007383125429159991,0.3316743687173147,0.32153793047722934,0.3425535520905656,1.6583718435865735,0.000658833851494402,0.0006357154437429667,0.0006837442064506285,0.4669400249393128,0.4554382234111303,0.4791796605888252,1.5564667497977096,0.0006149816258281093,0.0005971790241979579,0.000634374960263469,0.5856094860621008,0.5741962755502507,0.5974839898260832,1.464023715155252,0.0005760170897785577,0.0005622723111255221,0.0005911544660397873,0.6869041471098231,0.6761047725435856,0.6976346131532684,1.3738082942196461,0.0005384597778320312,0.0005279230117797852,0.0005499273300170898,0.0890172890515241,0.08498607249558389,0.09339794252868577,0.3809579871615191,0.3722487287435898,0.3902900509223423
mipod_alpha0p005,MIPOD,0.005,local_variance_cover,1000,0.0003868789672851563,0.0006464641261176794,0.0006128170747585032,0.0006876418778463591,0.6101024603869353,0.005376775134891627,0.004810961210859411,0.0059419495640288,1.0753550269783254,0.000429443173150267,0.0003828947368421053,0.00047675438596491223,0.011082731981318454,0.010181393353342066,0.01204268498628579,1.1082731981318452,0.0004395268981304845,0.0004028996566196108,0.00047844334223578783,0.024390057463951245,0.022844104283499127,0.026050236309346993,1.2195028731975621,0.00048426473393095554,0.00045107762731260733,0.000519363913789815,0.06661108498214496,0.06326922576694596,0.07015731101642075,1.332221699642899,0.0005282673380636301,0.0004995765621423667,0.0005587872892347601,0.1409016703021199,0.13513483606077895,0.14683685958584394,1.4090167030211986,0.0005594720378423743,0.0005342927443350882,0.0005859159227893493,0.2907702588115724,0.281303826269395,0.30032363983578836,1.4538512940578623,0.0005763794846363655,0.0005546920597379314,0.0005992132216902859,0.43182201126347985,0.4212085503686179,0.4430476198558021,1.4394067042115997,0.0005680480144450238,0.0005515796065765548,0.0005857231412840303,0.5589005047164165,0.5476126930284374,0.5704813537430595,1.3972512617910413,0.000549505044917889,0.0005363334223425966,0.0005639736596158616,0.6691954101832485,0.6586912365448675,0.6800010810449134,1.338390820366497,0.0005245590209960937,0.0005144084930419922,0.0005360147476196289,0.06784790671652166,0.06478812042846419,0.07104500097709811,0.35087784435013497,0.3428926377015616,0.3592919590871554
mipod_alpha0p005,MIPOD,0.005,local_variance_stego,1000,0.0003868789672851563,0.0006468990165248961,0.0006135691212649495,0.0006881325197801578,0.6102779017422891,0.005387191801558294,0.0048153032781710495,0.005944519695647988,1.0774383603116586,0.0004302059496567506,0.00038291380625476735,0.0004774980930587338,0.011104259759096232,0.010206523181859306,0.012061147752277011,1.110425975909623,0.00044028996566196105,0.0004040251812285387,0.00047920640976726437,0.02440874905273629,0.022846214734075585,0.0260739991858519,1.2204374526368145,0.00048464619492656874,0.0004516450505435819,0.0005199313370207896,0.06663872230241012,0.06329507500320569,0.07019519952143807,1.3327744460482023,0.0005284962233920805,0.0004998092622262913,0.000559092469672694,0.14111797636483797,0.13531858327835566,0.1470611447224507,1.4111797636483798,0.0005603112840466926,0.0005348268101014726,0.0005869134813458457,0.29095133434914455,0.2814228110291911,0.30049466424707505,1.454756671745723,0.0005767418794941731,0.0005550520704190429,0.000599517919472048,0.4320179186794814,0.4213719938257625,0.443263080646408,1.4400597289316046,0.0005683023282428188,0.0005518599875386239,0.000586015920043742,0.5591273651909273,0.5478172732624135,0.5705934801767059,1.3978184129773181,0.0005497243891739305,0.0005365530050163077,0.0005640981136393982,0.6694491489887536,0.6589642653313402,0.6802500006321892,1.3388982979775073,0.000524749755859375,0.000514517593383789,0.0005361831665039062,0.06791891189473094,0.06484607888391704,0.07109447043349162,0.35105981855821594,0.3430305747597673,0.3595911855759387
mipod_alpha0p005,MIPOD,0.005,oracle,1000,0.0003868789672851563,0.0024665787766156994,0.002292907662674159,0.0026549445857494795,0.7608041488621606,0.04808114798116314,0.04555886724680325,0.050856905314984345,9.616229596232628,0.003889397406559878,0.0036575133485888633,0.004141876430205949,0.08105280652069313,0.07718631753395094,0.08510490394966924,8.105280652069315,0.003272033574971385,0.00309462037390309,0.0034559328500572296,0.13411482955452664,0.12836686115807255,0.1399678553196812,6.705741477726332,0.0026997901964524126,0.0025668462712187677,0.0028333444592790386,0.2487907195099023,0.24013172448918918,0.25767846853610155,4.975814390198045,0.00199145494773785,0.001908896009765774,0.002073779278248264,0.38346408481562433,0.3724930960147637,0.3942301864012626,3.834640848156243,0.0015247196154726484,0.001473857480735485,0.001576915960936904,0.5651588748902193,0.5538921883610785,0.5761123009677706,2.8257943744510956,0.00111506990406073,0.0010863248393064907,0.001142823628144729,0.6872130271868957,0.6774481937508181,0.6973620391229665,2.2907100906229863,0.0008989992752056763,0.0008813874089238711,0.0009168269903233599,0.7766483504662808,0.7680423225387167,0.7851987826386468,1.9416208761657017,0.0007589692727307406,0.0007466185221919168,0.0007714938297507106,0.8445622291707989,0.8377167203910031,0.8513925630072716,1.6891244583415979,0.0006581954956054688,0.000649261474609375,0.000667228889465332,0.2306882928068825,0.2230869760904559,0.23836975737544058,0.574744340468698,0.5658849746472269,0.583657203417479
mipod_alpha0p005,MIPOD,0.005,srm_residual_cover,1000,0.0003868789672851563,0.0008840904266814298,0.0008398545448391559,0.000934980760796501,0.6445779933527365,0.013189954506050774,0.012242676301444756,0.014141559831425688,2.6379909012101552,0.0010594965675057209,0.000980911517925248,0.0011380625476735315,0.025516088172138858,0.024013666128177357,0.026996096381900175,2.5516088172138858,0.001024036627241511,0.0009591663487218617,0.0010873807706982066,0.04860987656409026,0.04626263855766959,0.05098485579361651,2.430493828204513,0.0009744421132939158,0.0009216049971390425,0.0010291960709517451,0.1150354508809749,0.11051030313894412,0.11976877401228578,2.3007090176194978,0.0009207293812466622,0.0008790722514686809,0.0009649862668802931,0.21407972861003902,0.20688527556133254,0.22161758043594962,2.14079728610039,0.0008537041275654231,0.000820246814679179,0.0008887254901960784,0.3745375522882411,0.3651925231432837,0.3842868180282029,1.8726877614412054,0.0007425089168208434,0.0007199059680711058,0.0007666386923267658,0.5051492524245483,0.49535982583511096,0.5151630847823724,1.683830841415161,0.0006641023358722327,0.0006479022290604376,0.0006811667917042839,0.6145674890645673,0.605027782160238,0.6242300519399356,1.536418722661418,0.0006033588281294704,0.0005910657746666921,0.0006162724827862443,0.7072327839898239,0.6986259921195868,0.7158958984209878,1.4144655679796478,0.00055352783203125,0.0005440818786621093,0.0005633508682250976,0.11182929215593071,0.10777379989976113,0.11613124919583996,0.4133479684466438,0.40558309721576863,0.42137968625670913
mipod_alpha0p005,MIPOD,0.005,srm_residual_stego,1000,0.0003868789672851563,0.0009942306707450205,0.0009224909062858598,0.0010712116722001515,0.6615196297169175,0.014423579673713112,0.013220313447321455,0.015637563956431472,2.8847159347426223,0.00115255530129672,0.001054900839054157,0.001250209763539283,0.027463412105358596,0.0256847652153293,0.029267956932076705,2.746341210535859,0.0010984357115604731,0.0010232544830217475,0.0011724628004578404,0.05289623016272236,0.05006425001763476,0.0557155136784692,2.644811508136118,0.0010564562273507531,0.0009957896242609192,0.0011154110242227733,0.12400233142312334,0.11910075776478654,0.12909913985218915,2.4800466284624667,0.0009891660944533456,0.0009459029526207369,0.0010358663309681848,0.2281394307304106,0.22061104940391546,0.2358640251814706,2.281394307304106,0.0009078736552986952,0.0008725099183642329,0.0009438906691081101,0.3958799196539709,0.3862135535205981,0.405777247334562,1.979399598269854,0.0007833450952717009,0.0007600168799710085,0.0008076512998531348,0.5303735012063084,0.5202333961775303,0.5407533833094503,1.7679116706876945,0.0006963747568124308,0.0006797540785575321,0.0007135685947891104,0.6397821080716384,0.6301094820456832,0.6496603545532542,1.5994552701790958,0.0006275629899483111,0.0006149073032100555,0.0006407162543630434,0.7298519610915596,0.7212628236964119,0.7385770497756857,1.4597039221831192,0.0005708389282226562,0.0005612251281738282,0.0005807430267333985,0.119995971175984,0.11558868113998845,0.12456951740400629,0.4330054392037773,0.4249354105972907,0.4411941973938551
mipod_alpha0p005,MIPOD,0.005,texture_energy_cover,1000,0.0003868789672851563,0.0008508138917367226,0.0008063157914111816,0.0008964545860929654,0.6360288843883923,0.012829360295423147,0.011908467153775177,0.013800050553650259,2.56587205908463,0.0010251716247139588,0.0009481121281464531,0.0011060450038138825,0.02478596256481139,0.023324769660453392,0.02625079899218656,2.478596256481139,0.0009893170545593284,0.0009286341091186569,0.001051507058374666,0.04755632440350398,0.04524315208549846,0.049854261091522495,2.377816220175199,0.0009492656875834445,0.0009000524508868969,0.0010000143047873354,0.11111397524406712,0.1067382371898377,0.1154435884479217,2.2222795048813424,0.0008863965819790951,0.0008474040588998245,0.0009261520561532005,0.2063878415315259,0.19955844327204378,0.2134032113646695,2.063878415315259,0.0008222323949034866,0.000789875638971542,0.0008554236285954071,0.36531323469300414,0.35619615378119535,0.374892320372382,1.8265661734650205,0.0007236834576284118,0.0007022425566003547,0.0007470502965915811,0.49227353761510767,0.48296208209099684,0.5023165276337175,1.640911792050359,0.0006471650369390791,0.0006317002148951591,0.0006640556057118877,0.600188045679426,0.5911712504419172,0.6097743536843729,1.5004701141985648,0.0005892731122088921,0.0005773877529611475,0.0006019440576780027,0.6926143378961009,0.6844424869826671,0.7014554540645943,1.3852286757922019,0.0005421295166015626,0.000532919692993164,0.0005518888473510742,0.10805423056834114,0.10415477389873651,0.11199774789519051,0.4030660276539384,0.3957677051666909,0.410969494863329
mipod_alpha0p005,MIPOD,0.005,texture_energy_stego,1000,0.0003868789672851563,0.0009657064578251784,0.0008897045880030656,0.0010513668148604887,0.6546101042921649,0.014931113434845293,0.013451551720894421,0.016569577803804154,2.9862226869690587,0.0011861174675819983,0.0010686308161708621,0.001318096872616323,0.02728471593579213,0.025271560428022696,0.029514928873095366,2.7284715935792128,0.0010850820297596338,0.0010034338038916444,0.0011743704692865318,0.05212891191413034,0.04915122280891406,0.055283859113504724,2.6064455957065173,0.0010350944115964141,0.0009746233072668319,0.001099570856379935,0.12040025410330552,0.11533576724760634,0.1252863016373622,2.40800508206611,0.0009583428702220187,0.000914089799343862,0.0010024452582589455,0.22131063166499917,0.2136605937550953,0.22882435186721062,2.213106316649992,0.0008795300221255818,0.0008457675288014039,0.0009147030212863357,0.3880103388693819,0.3782480255125664,0.3979367318095681,1.9400516943469095,0.0007673043544603178,0.0007452893436838392,0.0007909572946270194,0.5184677271851947,0.5083498220457191,0.5287193255990503,1.728225757283982,0.0006807344582480324,0.0006646611904428875,0.0006980039545795557,0.6287297391854356,0.61910309674973,0.6382913128553278,1.5718243479635887,0.0006167579011615709,0.0006047511873199946,0.0006294801064296478,0.7209353481048011,0.7124830316230855,0.7292662754132986,1.4418706962096022,0.0005638580322265625,0.0005545572280883789,0.0005735551834106445,0.11670645130732474,0.11217606832575443,0.12111552394125386,0.4246074492864474,0.416404635898581,0.43270216160871444
mipod_alpha0p005,MIPOD,0.005,uniform,1000,0.0003868789672851563,0.0003868789672851563,0.0003840483665466309,0.0003897555351257324,0.5,0.005,0.005,0.005,1.0,0.00038679633867276893,0.00038396634248665147,0.000389672292143402,0.01,0.01,0.01,1.0,0.0003869439145364365,0.0003841128386112171,0.0003898209652804273,0.02,0.02,0.02,1.0,0.0003868701125309937,0.00038403957657829485,0.0003897466145336639,0.05000000000000001,0.05000000000000001,0.05000000000000001,1.0,0.0003868848706797895,0.0003840542267490655,0.00038976148241397733,0.10000000000000002,0.10000000000000002,0.10000000000000002,1.0,0.0003868848706797895,0.0003840542267490655,0.00038976148241397733,0.20000000000000004,0.20000000000000004,0.20000000000000004,1.0,0.00038687749146464745,0.00038404690152396575,0.00038975404833203,0.2999999999999999,0.2999999999999999,0.2999999999999999,1.0,0.00038687995117175076,0.0003840493432346172,0.00038975652632783586,0.4000000000000001,0.4000000000000001,0.4000000000000001,1.0,0.00038687749146464745,0.00038404690152396575,0.00038975404833203,0.5,0.5,0.5,1.0,0.0003868789672851563,0.0003840483665466309,0.0003897555351257324,0.05000000000000002,0.05000000000000002,0.05000000000000002,0.25,0.25,0.25
mipod_alpha0p005,MIPOD,0.005,wavelet_energy_cover,1000,0.0003868789672851563,0.0008624244224897235,0.0008094255738414957,0.0009265688363445117,0.6290601328884754,0.011969749824812678,0.011133318608769947,0.012870427619497174,2.3939499649625358,0.000965675057208238,0.0008947177726926009,0.0010427154843630814,0.02333175504152867,0.021990665888675372,0.02474455861502119,2.333175504152867,0.0009412438000763067,0.0008847577260587562,0.0010007630675314765,0.0456110039859623,0.04338453206052784,0.047761011177616185,2.280550199298115,0.0009164600419607097,0.0008678237650200267,0.0009637659736791913,0.1084147922419516,0.10402677565190006,0.11282900060706326,2.168295844839031,0.0008691538872358282,0.0008290970473792629,0.0009098229953459985,0.2000696219530381,0.19335764000880318,0.20696908063595623,2.0006962195303815,0.0007990005340657665,0.0007669937819485771,0.0008312752727550164,0.35376602443235045,0.34455121699275393,0.36322426050075257,1.7688301221617522,0.0007020732800549314,0.000679488451048084,0.0007243324305250911,0.48303266244400994,0.4732431606345089,0.49295821647344346,1.6101088748133665,0.0006356446218989611,0.0006194295741515455,0.0006526200679017839,0.5913894396951734,0.581843526175588,0.6010603780444888,1.4784735992379336,0.0005813194987506914,0.0005692445974556066,0.000594252942074043,0.6852914965196346,0.6769212597284543,0.6942169549304028,1.3705829930392692,0.0005369186401367188,0.0005272823333740234,0.0005469135284423828,0.10485389230158791,0.10093350811917545,0.10873545151516993,0.3951445156218916,0.38728784256971516,0.403031342109953
mipod_alpha0p005,MIPOD,0.005,wavelet_energy_stego,1000,0.0003868789672851563,0.0008621727938269727,0.0008092092357395587,0.000926165229480275,0.6290635143928339,0.011946962841686809,0.01110997183930518,0.0128449572238726,2.389392568337362,0.0009641495041952708,0.0008924485125858123,0.001039683447749809,0.02329167103543709,0.021954906837286868,0.02471162849448308,2.329167103543709,0.0009397176650133536,0.000883231590995803,0.0009992369324685233,0.04559485508101576,0.04338456489941734,0.04774121045151069,2.2797427540507877,0.000916269311462903,0.0008674327674995231,0.0009631890139233262,0.10837768870844482,0.10400957520580027,0.11274620827928304,2.167553774168897,0.0008689250019073778,0.0008291752498664835,0.0009096665903715571,0.19992639294048467,0.19326388543336084,0.20676033251495052,1.9992639294048462,0.0007984283207446403,0.0007666504539559013,0.0008305895704585337,0.3537491363326296,0.34451844747748633,0.36318122787982093,1.768745681663148,0.0007020160598142249,0.000679278643498827,0.0007241607698029718,0.4831413871455435,0.47320567128946317,0.4931141983416908,1.610471290485145,0.0006358099258675279,0.0006195573668349377,0.0006528111211423776,0.5913042312541223,0.5817491228137237,0.6010556523189929,1.478260578135306,0.0005812336683896317,0.0005691396936809781,0.000594147084628736,0.6851726710930072,0.6767835145828883,0.6940832865365729,1.3703453421860143,0.0005368423461914062,0.0005273267745971679,0.0005468448638916016,0.10479586820444439,0.1008874050495326,0.10867845530817093,0.39510803099069713,0.3872760940916383,0.4030093398763345
mipod_alpha0p01,MIPOD,0.01,gradient_magnitude_cover,1000,0.0008533172607421875,0.0013857939528997818,0.0013368055970574728,0.0014386329181520854,0.6030655659360576,0.0072035343747211605,0.006673980165058614,0.0077487283493432165,1.440706874944232,0.0012761250953470633,0.001176926010678871,0.0013775743707093821,0.014676339557973912,0.013794816165401881,0.0155688116970618,1.467633955797391,0.0012983594048073253,0.0012140213658908812,0.0013834414345669593,0.029895511549975655,0.0283845502259361,0.031452457960483945,1.4947755774987828,0.0013204272363150865,0.0012468004958992942,0.0013948216669845508,0.07798075257165737,0.07471126940893785,0.08136721627376364,1.5596150514331473,0.0013770504310673685,0.0013131818875410084,0.0014449549858854048,0.15794417325218865,0.15236062800330988,0.16371855520466275,1.5794417325218866,0.0013910887312123291,0.0013340142671854735,0.001448776417181659,0.30621316955689887,0.298366011347703,0.3144606530459169,1.5310658477844945,0.0013406511663392397,0.0013003676400465394,0.0013837017681054377,0.4379651420738364,0.4290224552768169,0.4473529662292408,1.459883806912788,0.0012722429205396537,0.0012404250855130145,0.0013064726040461325,0.5535630247882282,0.5445502040926723,0.5630295933590639,1.3839075619705705,0.001201329416925747,0.0011763263174960422,0.001227824295714204,0.6544260276193108,0.6462505025080021,0.6631190243053662,1.3088520552386216,0.001132110595703125,0.0011119232177734374,0.0011528017044067382,0.07811834883728935,0.07508908615786436,0.0812957085786831,0.35640895713840054,0.3495715432658542,0.3635831713422976
mipod_alpha0p01,MIPOD,0.01,gradient_magnitude_stego,1000,0.0008533172607421875,0.0013858400856623834,0.001336772605391398,0.0014385712871895846,0.6030916872446854,0.007201408810568933,0.006670884446769616,0.007745461797301647,1.4402817621137864,0.0012753623188405795,0.0011762013729977117,0.001377593440122044,0.014675664097071177,0.013796242889592036,0.015567077416885705,1.4675664097071175,0.0012983594048073253,0.0012140213658908812,0.0013834414345669593,0.029910306056625275,0.028381094804062763,0.03145634193668877,1.4955153028312635,0.0013209994278085065,0.0012469959946595462,0.0013961567804691968,0.07795831493817997,0.07467788806847223,0.08133817147833203,1.5591662987635992,0.001376668955519951,0.0013128767071030744,0.0014448786907759214,0.1579287937553401,0.15235293859608579,0.16368199805306266,1.579287937553401,0.0013910124361028457,0.0013337891966124973,0.001449074921797513,0.30618578642166505,0.29837668464036765,0.31443351814038567,1.5309289321083253,0.001340536725857827,0.0013004053100383376,0.0013837036754467949,0.438057155369413,0.42910877733029124,0.4474018259879529,1.4601905178980432,0.0012724718029576694,0.0012405551034421374,0.0013067755553577557,0.5536402847437264,0.5447107574392727,0.563002196333649,1.3841007118593158,0.0012014915409410821,0.0011764257376642696,0.0012279964332716628,0.6545368863642766,0.6463256544783789,0.6632134329062142,1.3090737727285533,0.0011322784423828125,0.0011120216369628906,0.0011530094146728516,0.07810833087324086,0.07507091687736578,0.08129394795779302,0.35644487949357073,0.3496131508769243,0.3636374305197228
mipod_alpha0p01,MIPOD,0.01,laplacian_residual_cover,1000,0.0008533172607421875,0.001678116209004977,0.0016121393722634903,0.0017486895929029601,0.6162712644207968,0.01393059772897091,0.013135848646871189,0.0147689592260696,2.786119545794182,0.0024813119755911516,0.0023218916857360794,0.0026407513348588856,0.026721714796525114,0.025439285577482488,0.028065680367518105,2.6721714796525107,0.0023712323540633342,0.0022460606638687523,0.0025055322396032044,0.0514258378980471,0.049231249748956825,0.05363537996942133,2.571291894902355,0.002282281136753767,0.002172205798207133,0.0023958039290482547,0.11625278956843886,0.11207612967241308,0.1204296472478747,2.325055791368777,0.002058442053864347,0.0019720721751735715,0.0021460288395513845,0.20937580022247892,0.20297777098089906,0.21577279726273924,2.093758002224789,0.0018465705348287176,0.0017806429770351722,0.001913335431448844,0.35733902752840424,0.34928341365634813,0.3655376379201387,1.7866951376420208,0.0015642678670201606,0.0015204023536592344,0.0016098170859638753,0.4752095107284499,0.4672393757503848,0.4837022851102657,1.5840317024281665,0.0013791818725124934,0.0013479581780959525,0.0014119034751980469,0.5729952505048861,0.5653517164485807,0.5810634610239732,1.4324881262622153,0.0012415838562627552,0.001218500972744092,0.001266295370882527,0.6603225901681408,0.6534762940127927,0.6675195503979391,1.3206451803362815,0.0011403121948242187,0.0011225934982299803,0.0011591259002685546,0.11183089195879262,0.10805748215214579,0.11555635752999455,0.39044477518316856,0.3839541285056993,0.39728918246120876
mipod_alpha0p01,MIPOD,0.01,laplacian_residual_stego,1000,0.0008533172607421875,0.0019777918872714707,0.0018206998000846707,0.002165520557370624,0.6388116405278235,0.016207704521981083,0.014829907696259434,0.017687853042898435,3.2415409043962162,0.002857360793287566,0.002615541571319603,0.00311067887109077,0.030420489084821745,0.028347567925642123,0.03251075450667562,3.0420489084821747,0.0026783670354826395,0.0024982544830217477,0.0028653376573826777,0.057554677217147375,0.054409414073758156,0.060663735459768726,2.877733860857368,0.002534236124356285,0.002392523364485981,0.002672329773030707,0.12909194095343005,0.12410972514211993,0.1341550690962078,2.581838819068601,0.0022724498359655144,0.0021765449759670406,0.002370109483482109,0.22995000252976477,0.22277663926178018,0.2372294893634053,2.299500025297648,0.0020199130235751886,0.00194609082932784,0.0020939259555962457,0.3866365299205919,0.3775956715365862,0.39547454787847586,1.9331826496029594,0.0016886646703160467,0.001642307215472353,0.0017353582940738907,0.5085147363725734,0.4994368420342046,0.5174965370307444,1.695049121241911,0.0014738247523619393,0.0014412961102704628,0.001506968515951833,0.607844247136407,0.5993478789996393,0.6161692102579612,1.5196106178410174,0.0013160846096625914,0.0012910683972610579,0.0013404528028381241,0.6928334669455527,0.685506001399489,0.7000624769127052,1.3856669338911054,0.0011959228515625,0.0011775131225585937,0.0012143949508666993,0.1237271343647034,0.11916842231063364,0.1281917004027804,0.4176228765063869,0.4101258922611084,0.4250589347769793
mipod_alpha0p01,MIPOD,0.01,local_entropy_cover,1000,0.0008533172607421875,0.0015809535081190594,0.0015068439479020478,0.001658917610949906,0.6268318766821961,0.008480054840737704,0.007835529259303817,0.00910480451352874,1.696010968147541,0.0015225019069412661,0.0013958810068649887,0.0016460907704042714,0.017687659141365716,0.016534397133309203,0.018896914511526735,1.768765914136572,0.0015837466615795496,0.0014704311331552842,0.0017020316673025562,0.03567036802546705,0.033592144273372974,0.03787110894230815,1.7835184012733525,0.0015943162311653635,0.0014895861148197598,0.0017042103757390805,0.08983549486533782,0.08560923311628878,0.09437024784482154,1.7967098973067563,0.0015998321507591363,0.0015142156862745096,0.0016904783703364616,0.17606948124864524,0.16921576586611956,0.18332506518489106,1.7606948124864525,0.0015603494316014342,0.0014893558785381857,0.0016343986037994965,0.3316688484154681,0.3219455030579264,0.342156793495722,1.6583442420773404,0.001458715596330275,0.0014093450189780466,0.0015130404928570065,0.46649827238222735,0.4551707671977944,0.47804000231594834,1.5549942412740914,0.0013592945335249166,0.001320727210304795,0.0013999383289040347,0.58441540537765,0.5732699070491826,0.5960090838404133,1.4610385134441248,0.0012709187663316104,0.0012412400579831773,0.0013026619332811994,0.6859632315362171,0.6756210819614922,0.6968801074655295,1.3719264630724342,0.00118829345703125,0.001165534782409668,0.0012125343322753907,0.08883621904102917,0.08498114404376517,0.09295586648047183,0.3804870203217612,0.3718926848576165,0.3896025234220194
mipod_alpha0p01,MIPOD,0.01,local_entropy_stego,1000,0.0008533172607421875,0.0015810466354596628,0.0015066672941933265,0.0016595219293049582,0.6269618893373953,0.008470735431306354,0.007821467156166554,0.009100210885673187,1.6941470862612709,0.001520976353928299,0.0013950991609458427,0.0016453089244851259,0.017686613536081593,0.01653885652490569,0.018888227878180928,1.768661353608159,0.0015837466615795496,0.0014688954597481877,0.0017031667302556276,0.03572977930288688,0.033663192345255055,0.03791725535561985,1.7864889651443436,0.0015962235361434295,0.0014916936868205224,0.0017070427236315086,0.08982227156035597,0.08557324154260691,0.09435744409870345,1.7964454312071194,0.001599603265430686,0.0015139925230792705,0.001690178912031739,0.17613282508307637,0.16924680366086978,0.18338225238601194,1.7613282508307635,0.0015609216449225603,0.0014899586099031052,0.0016341411078049897,0.33170746473078294,0.32187409325596394,0.34221734996140046,1.6585373236539145,0.0014588681836388258,0.0014091790802799977,0.0015129641992027315,0.4666409134719689,0.45528178392818647,0.4781695858372696,1.5554697115732297,0.0013596887199114989,0.0013212723955088185,0.0014005041771041286,0.5846442555137273,0.5734646699666607,0.5962517207318431,1.4616106387843184,0.0012713669915504777,0.0012418742489843408,0.0013030736805966163,0.6860974442396439,0.6757865652336379,0.6969861650970895,1.3721948884792878,0.0011885299682617187,0.001165882682800293,0.001212872886657715,0.0888581035422603,0.08499020789270992,0.09298104428037274,0.3805931743840199,0.3720046909354533,0.389656833473944
mipod_alpha0p01,MIPOD,0.01,local_variance_cover,1000,0.0008533172607421875,0.0013414631756225577,0.0012936542385729522,0.0013939040787931732,0.6101483956055436,0.00543953440200127,0.004977035831724198,0.005913437909668019,1.087906880400254,0.0009595728451563692,0.0008741228070175438,0.0010465484363081615,0.011264575660717573,0.010505911927002086,0.012054885444367907,1.1264575660717573,0.0009927508584509728,0.000921785578023655,0.0010663868752384584,0.024299321116012854,0.022871979320139287,0.025841858063539995,1.2149660558006425,0.001070951745184055,0.0010040005721914933,0.001142284951363723,0.06621616469239797,0.06305249748617203,0.0694829236803028,1.3243232938479597,0.0011646448462653545,0.0011038376440070192,0.0012284275577935455,0.14123878955014146,0.1356440638134614,0.14693558034281118,1.4123878955014146,0.0012406347753109025,0.0011846608682383462,0.0012975404364080258,0.2913495017143914,0.2822372369198982,0.30047273686573783,1.456747508571957,0.0012775372408399932,0.0012312999485017833,0.0013252603520952145,0.432093672051133,0.4215621337087876,0.44294676943601247,1.4403122401704436,0.0012571493966405146,0.0012206010070826391,0.0012950049591190567,0.5588566613985329,0.5480317383761882,0.5702358447806283,1.397141653496332,0.0012146521963035727,0.0011862282801502987,0.001245017785958153,0.6694242174596213,0.6590049583154733,0.6798319824414436,1.3388484349192427,0.00115948486328125,0.001137259292602539,0.0011834264755249024,0.06777284738235102,0.06484958948656563,0.07081317766629254,0.3510808372102579,0.34308296976143776,0.35931768378471907
mipod_alpha0p01,MIPOD,0.01,local_variance_stego,1000,0.0008533172607421875,0.0013423097471759267,0.0012941678535683039,0.0013949022643375878,0.610325575453915,0.005461850948631012,0.004990589872533507,0.005935601677267349,1.0923701897262026,0.0009633867276887873,0.0008756674294431732,0.0010503623188405796,0.011281952506918326,0.010529346233628308,0.01207868241373252,1.128195250691833,0.0009942769935139257,0.0009236837085082029,0.0010683136207554366,0.024318005021635086,0.022889591663016236,0.02585812866096378,1.2159002510817543,0.0010717146671752813,0.001004939919893191,0.0011426997901964522,0.06630125002089479,0.06316591568965689,0.06959356591880536,1.326025000417896,0.0011660944533455407,0.0011054379339284352,0.0012294975967040514,0.14139739480687707,0.1357613512142198,0.14718350291118326,1.4139739480687707,0.0012419317921721219,0.0011850900282291904,0.0013008697642481115,0.29153951308066894,0.28238585228009067,0.30074047860296205,1.4576975654033448,0.0012783001773827463,0.0012320657460565718,0.0013257638902134314,0.43234811317070143,0.42185528104641823,0.4432530839196347,1.4411603772356716,0.0012578360438945614,0.001221418308050303,0.0012958836132904391,0.5591490091026169,0.5482727430105535,0.5705004875994589,1.3978725227565418,0.0012152530088309903,0.001186875345705621,0.0012455098800282286,0.6696196634117227,0.6591991062082878,0.6800535037741555,1.3392393268234455,0.0011598129272460938,0.0011375860214233398,0.0011837844848632813,0.06785268869985464,0.0649245053677926,0.07089618623438516,0.3512795706326283,0.3432721576471855,0.35950294958824197
mipod_alpha0p01,MIPOD,0.01,oracle,1000,0.0008533172607421875,0.004886043933554259,0.004572752020859944,0.005217086723746719,0.7588132113754745,0.04740420747225811,0.04494286434386083,0.05000710385463574,9.480841494451623,0.00854691075514874,0.008048016781083142,0.00907181540808543,0.0797116741711672,0.0760709482329668,0.08355623559759018,7.971167417116719,0.007167874856924838,0.006782869133918351,0.007573063716138877,0.13190240782109536,0.12641607374939556,0.13756977818086902,6.595120391054768,0.005905588403585733,0.005630249856952127,0.006202856189204653,0.24607402780290505,0.237776382958606,0.2547329516602362,4.921480556058101,0.004371709773403525,0.004197362096589609,0.0045529888609140146,0.38078336067009244,0.37043995288962933,0.39141808078464796,3.807833606700924,0.003356183718623636,0.0032462005035477225,0.0034690804531929504,0.5611535136685577,0.5502735230048272,0.5719015785180989,2.8057675683427887,0.002449979972915753,0.0023898543744874027,0.0025114173453622997,0.6837906766315528,0.6739771344745118,0.6934608887896665,2.2793022554385094,0.001977442366135575,0.001938795251961395,0.002017016454102717,0.7735603976734969,0.7652483097223076,0.7819594513208171,1.9339009941837422,0.00167000133513895,0.0016436602357473918,0.0016968948482709951,0.8423774632033229,0.8355617860357584,0.8490611891316157,1.6847549264066457,0.0014496383666992188,0.0014306301116943359,0.0014687917709350585,0.22835451878935467,0.22101557368716956,0.23605938292791354,0.571687903739934,0.5629237348640409,0.5805606599628125
mipod_alpha0p01,MIPOD,0.01,srm_residual_cover,1000,0.0008533172607421875,0.0018049740401496598,0.0017294644502604914,0.0018856573520925055,0.644247203516976,0.012972286494789773,0.012185891435259435,0.013721021085918253,2.5944572989579546,0.0023127383676582757,0.002163215102974828,0.0024614797864225785,0.02519231861746683,0.02390531050654275,0.026477578966976383,2.5192318617466825,0.0022434185425410148,0.002117102251049218,0.002373159099580312,0.04839751914435268,0.046250083898948635,0.050581566242117376,2.4198759572176343,0.002151821476254053,0.0020434865534999045,0.0022637850467289717,0.11456810596261716,0.11039154992414153,0.11900968976509957,2.2913621192523426,0.0020325780117494466,0.0019467269398031587,0.002128105210955978,0.2126286018134165,0.20586223169369502,0.2195467988727488,2.1262860181341647,0.0018789959563591974,0.001807922293430991,0.0019533197909513997,0.3750406192561247,0.36594317837066487,0.3846138263783289,1.8752030962806232,0.001645883003681169,0.0015958267371111408,0.0016972157584542907,0.5051248860387387,0.495592659059055,0.515087114995423,1.683749620129129,0.0014686748979565888,0.0014333020739290211,0.0015050589372226386,0.6135649399340175,0.6043272111156236,0.6231032725254119,1.5339123498350435,0.0013316008316008317,0.0013052106181693337,0.0013598137481165007,0.7059135840614228,0.6976383780939182,0.7144368950375356,1.4118271681228456,0.0012206268310546876,0.0012001996994018553,0.0012420856475830078,0.11120193488832102,0.10737975080783664,0.1152721898471479,0.41284069461092426,0.4052705879511124,0.4209511928172119
mipod_alpha0p01,MIPOD,0.01,srm_residual_stego,1000,0.0008533172607421875,0.002003669475796261,0.00187904800542548,0.0021381655264223276,0.6611239477616102,0.014374999066241408,0.013342090629185127,0.015457214378653352,2.8749998132482815,0.0025423340961098395,0.0023539282990083905,0.0027292334096109838,0.027300403493010328,0.025693011450523367,0.028945136844229644,2.730040349301033,0.0024173979397176647,0.002268590232735597,0.002565442579168256,0.05259976993038448,0.05004622391919393,0.05513805160547976,2.629988496519224,0.002326530612244898,0.0022046538241464807,0.002446500095365249,0.12321467169180919,0.11844901519998839,0.12802733746504621,2.464293433836184,0.0021772335393301294,0.0020813992523079266,0.0022752822919050886,0.22711514106859143,0.2199856640232121,0.23450714901708783,2.271151410685914,0.002001144426642252,0.0019254196231021589,0.0020782892729076068,0.39599050318908013,0.38637769438367986,0.4053002831261169,1.9799525159454006,0.0017342692021591107,0.0016825378130424003,0.001786390165747964,0.5300726928174198,0.5201062257823915,0.5399880676585351,1.766908976058066,0.0015391833983952798,0.0015022945462406065,0.0015761494983660338,0.6385845662707078,0.628893201971553,0.6480496785716495,1.5964614156767694,0.0013846344580289536,0.0013571840012206982,0.0014122916229567606,0.7296348994629429,0.7212805121755269,0.7379023564216192,1.4592697989258858,0.0012609176635742186,0.001240509033203125,0.0012818307876586914,0.11935088814523627,0.11505538314592366,0.12369044512332775,0.43247473413764226,0.4246111598576941,0.44043395852531475
mipod_alpha0p01,MIPOD,0.01,texture_energy_cover,1000,0.0008533172607421875,0.0017243212166960895,0.0016527667877333264,0.0017986078706055115,0.6351968564033728,0.012727242190467464,0.011986822141824479,0.013503739570932448,2.5454484380934925,0.002260106788710908,0.002115179252479024,0.0024088863463005337,0.02458092963758703,0.023335002313375378,0.025865194594230617,2.4580929637587023,0.002180847004959939,0.0020595097291110265,0.002307153758107592,0.04737725124717433,0.04529295524584465,0.04945707814839179,2.368862562358717,0.0021014686248331106,0.0019992084684341024,0.002207710280373832,0.11182506476093389,0.10767756927546358,0.11587354292800346,2.236501295218677,0.0019787136644541085,0.0018936427100022888,0.00206318760967422,0.2065929463725444,0.20004751204262355,0.2132643784579349,2.0659294637254444,0.001823643854428931,0.001754974441138323,0.0018957112611581598,0.36433651680798773,0.35538706408061554,0.37366238076635333,1.8216825840399382,0.001597856148314864,0.001549733925880715,0.0016477908218733908,0.49151667392626686,0.4821472156728452,0.5011810072310445,1.6383889130875562,0.0014295868672354816,0.0013948971936472414,0.0014663790801469935,0.5998010091480327,0.5910169882886028,0.6090932551414401,1.4995025228700818,0.0013018367697266782,0.0012760204276259324,0.0013291971046558203,0.6920233275154573,0.6840481704145397,0.7004852961231978,1.3840466550309145,0.0011967315673828125,0.0011768795013427735,0.001218107223510742,0.10833364457928693,0.10458539453757007,0.11208740059062076,0.40265919628111496,0.3952849733780727,0.41028567311254893
mipod_alpha0p01,MIPOD,0.01,texture_energy_stego,1000,0.0008533172607421875,0.0019488377650998202,0.001812175588285118,0.002104910501337027,0.6538757632668809,0.014512508642871399,0.01327670844713186,0.01589089438818008,2.9025017285742796,0.002556826849733028,0.002338672768878719,0.0027917810831426387,0.02731897081905121,0.025515777088818893,0.0293038251803934,2.731897081905121,0.00240518885921404,0.002244935139259824,0.0025776707363601675,0.052109010384123425,0.0492888924738837,0.05511994709255132,2.6054505192061717,0.0022942971581155825,0.0021653347320236506,0.0024285809650963185,0.12062673894424683,0.11572241133714442,0.12525992797409732,2.4125347788849365,0.002124818799114976,0.0020329461356527047,0.0022182841229877164,0.22181725823614368,0.21447946383982516,0.22888388600445905,2.218172582361437,0.0019512855725947965,0.001877924963759823,0.0020242866407263293,0.3867744159188716,0.37727698326017284,0.3960425738093,1.933872079594358,0.0016926700871655004,0.0016424488355681016,0.0017426257414789527,0.5178996869256832,0.5078838574609621,0.5276228263417475,1.7263322897522773,0.0015039482217107688,0.001468340475312488,0.0015399631880777694,0.6276171457804687,0.618163877283932,0.6367216792750983,1.5690428644511714,0.0013609166682561178,0.0013338793892692976,0.0013884555780197983,0.7196859036920795,0.7112841917410672,0.7279827271531272,1.439371807384159,0.0012439117431640625,0.0012235919952392578,0.0012645549774169922,0.11690136045713176,0.11248293265944576,0.12113852200551278,0.4239888380092534,0.41577583665548834,0.431671134254948
mipod_alpha0p01,MIPOD,0.01,uniform,1000,0.0008533172607421875,0.0008533172607421875,0.0008479342460632325,0.0008586770057678223,0.5,0.005,0.005,0.005,1.0,0.0008531350114416476,0.0008477531464530893,0.0008584936117467583,0.01,0.01,0.01,1.0,0.0008534605112552462,0.0008480765929034719,0.0008588211560473102,0.02,0.02,0.02,1.0,0.0008532977303070761,0.0008479148388327295,0.0008586573526606904,0.05000000000000001,0.05000000000000001,0.05000000000000001,1.0,0.0008533302815289541,0.0008479471847104602,0.0008586901083390558,0.10000000000000002,0.10000000000000002,0.10000000000000002,1.0,0.0008533302815289541,0.0008479471847104602,0.0008586901083390558,0.20000000000000004,0.20000000000000004,0.20000000000000004,1.0,0.0008533140056075836,0.0008479310114631216,0.0008586737301874916,0.2999999999999999,0.2999999999999999,0.2999999999999999,1.0,0.0008533194308457206,0.0008479364024770163,0.0008586791895019263,0.4000000000000001,0.4000000000000001,0.4000000000000001,1.0,0.0008533140056075836,0.0008479310114631216,0.0008586737301874916,0.5,0.5,0.5,1.0,0.0008533172607421875,0.0008479342460632325,0.0008586770057678223,0.05000000000000002,0.05000000000000002,0.05000000000000002,0.25,0.25,0.25
mipod_alpha0p01,MIPOD,0.01,wavelet_energy_cover,1000,0.0008533172607421875,0.0017018643550749096,0.001625289703646064,0.0017777062080623599,0.6283921865021939,0.012020031110937074,0.011310698754236825,0.012762476851444856,2.404006222187415,0.002142639206712433,0.002003813882532418,0.0022852784134248664,0.023240944162923122,0.022054928673937328,0.02438810130765206,2.324094416292312,0.002069820679130103,0.0019519076688286911,0.0021835177413201067,0.04596222222565935,0.044026174802675296,0.04791331705314865,2.2981111112829677,0.0020392904825481594,0.0019391522029372494,0.0021373307266831965,0.10853228374526108,0.10441800651190895,0.11267804354812777,2.170645674905222,0.0019237048905165178,0.0018393968871595332,0.0020065861753261614,0.19929035950120852,0.19267233528931757,0.20596980225413813,1.992903595012085,0.0017607766842145417,0.0016909275577935453,0.0018298685816739147,0.3530074388090037,0.34400149772050653,0.3618938777393399,1.7650371940450187,0.0015496385588128709,0.0015003499971389881,0.0015980101661294324,0.48084206863221984,0.4713298139115875,0.4904992474167443,1.6028068954407326,0.0013992345154686368,0.001364024452271658,0.001435796574393144,0.5895974541593748,0.5804152475781545,0.5992602785614702,1.4739936353984369,0.0012808178679738313,0.0012538947910507546,0.0013090663087222721,0.6836788802029933,0.6752255720832132,0.6925088922879971,1.3673577604059866,0.0011833648681640625,0.001162932777404785,0.0012050249099731444,0.10477202018630453,0.10106589550424495,0.10851696928534155,0.3939407203278007,0.38634252244596534,0.40164504076738555
mipod_alpha0p01,MIPOD,0.01,wavelet_energy_stego,1000,0.0008533172607421875,0.0017015625634880197,0.0016249690863866255,0.001777274584713763,0.6284055130320526,0.011959296556342284,0.011242544067131996,0.012690229988534188,2.3918593112684565,0.0021327231121281466,0.0019931350114416476,0.0022738367658276123,0.023188954261609395,0.02201106126585028,0.02434072306343815,2.31889542616094,0.002065623807706982,0.0019481018695154519,0.0021793304082411294,0.04598558320174126,0.044040157103012255,0.04792792955559241,2.299279160087062,0.002040434865534999,0.0019401106236887277,0.002138470341407591,0.10857424020211837,0.10446069491031724,0.11270801534321524,2.1714848040423673,0.0019246967269398029,0.0018409990844586864,0.002008566033417258,0.19922527787073618,0.19265289692823065,0.2059082558681678,1.9922527787073618,0.001760166323338674,0.001690353437094682,0.0018295958266575112,0.35299396918586656,0.3439689687654441,0.3618710207530445,1.7649698459293326,0.0015495622651585956,0.0015001039501039504,0.0015981288981288984,0.48088887015435,0.471352349442731,0.49057884283345293,1.6029629005145,0.001399374388057424,0.0013642234528184326,0.0014357053393181849,0.5895964372300739,0.5803665640717772,0.5992549457770725,1.4739910930751845,0.001280789257853478,0.0012539620248335846,0.0013090384138549278,0.6837157753915553,0.6752931943186633,0.6925248886160538,1.3674315507831105,0.0011834335327148438,0.001163123893737793,0.0012051097869873045,0.10477026858631745,0.10106521548968249,0.10849830937720709,0.3939440143575507,0.38634244833677045,0.40166955889832806
mipod_alpha0p02,MIPOD,0.02,gradient_magnitude_cover,1000,0.0018892478942871094,0.0029799205163497087,0.0028793293659571655,0.0030907057709918884,0.602648093008461,0.007218406467028391,0.006750010461874012,0.0076848032445446905,1.4436812934056782,0.002836003051106026,0.002638424866514111,0.0030404271548436306,0.014686526736479528,0.01389340740868644,0.015499890143099757,1.4686526736479528,0.0028809614650896604,0.0027096241892407475,0.003061808470049599,0.029994022094903046,0.028595886234313205,0.031465201972162904,1.499701104745152,0.002940873545679954,0.0027899914171275984,0.003104148388327293,0.07775176806385696,0.07466194136768677,0.08099466216079619,1.5550353612771388,0.003047684443427176,0.0029101873044937816,0.003195393682764935,0.15791891985880482,0.15259166447610614,0.16351226206653652,1.5791891985880484,0.0030870908674753956,0.002964928091859312,0.0032172751201647977,0.3062633877968377,0.29864902574842617,0.31455532323363844,1.5313169389841883,0.0029756432508726087,0.0028859562455892736,0.003074254229529459,0.4378071544891731,0.4289340541410902,0.4472240135695376,1.459357181630577,0.002821064811871368,0.0027487239805195633,0.0028975935556883633,0.5530558728138443,0.5444632282562094,0.5623636940908425,1.3826396820346107,0.0026608747067462667,0.0026058035629136548,0.00272033178202903,0.6544055096508614,0.6462808226643376,0.6630044357128277,1.3088110193017228,0.0025086746215820313,0.0024657323837280276,0.002555009841918945,0.078041651437812,0.07522510068613497,0.08103554286098806,0.35626605625850005,0.3495207985591908,0.3634312408418149
mipod_alpha0p02,MIPOD,0.02,gradient_magnitude_stego,1000,0.0018892478942871094,0.0029800886524476936,0.0028795425433339166,0.0030907606652040035,0.6026739465378693,0.007209726783112226,0.006743060705484501,0.007682531384187767,1.4419453566224452,0.002832189168573608,0.0026346300533943556,0.0030366132723112127,0.014688741453405289,0.013894874249175475,0.015504114936323563,1.4688741453405287,0.0028813429988553984,0.0027084891262876766,0.0030614555513162915,0.03000636630057091,0.028608032316325492,0.03148069537534684,1.5003183150285455,0.0029420179286667935,0.002790000953652489,0.003105478733549494,0.07773128373388542,0.07464655714302444,0.08096933660725066,1.5546256746777085,0.0030467689021133745,0.00290874151216907,0.0031942492561226827,0.15793116038111754,0.15262387665724536,0.1635141376188743,1.5793116038111752,0.003087319752803846,0.0029650911726558328,0.0032175259403372245,0.3062953537619917,0.29869271360278893,0.31456398722139073,1.5314767688099582,0.002975910278662572,0.002885727841461787,0.0030747119914551107,0.437774450427204,0.42893195123844047,0.44717386298559153,1.45924816809068,0.002820797782383683,0.0027483692127716394,0.0028975115394885755,0.5530574492777582,0.5444362318489504,0.5623890490158641,1.3826436231943955,0.0026608460966259127,0.002605813814873448,0.002720558994068169,0.6543958273867106,0.6462733406033465,0.6630431360547929,1.3087916547734213,0.0025086669921875,0.002465682029724121,0.0025549482345581056,0.07803871879710875,0.07522487135996345,0.08103076879612571,0.35626589322959534,0.3495269630700766,0.363414763413482
mipod_alpha0p02,MIPOD,0.02,laplacian_residual_cover,1000,0.0018892478942871094,0.003574151194165355,0.0034333133096478277,0.0037196664117877497,0.6149846628295101,0.013907243037942385,0.013206872183462582,0.014605745238968149,2.781448607588477,0.00548741418764302,0.005178451563691837,0.005804824561403508,0.026562053181295182,0.025380555102195262,0.027783480895000108,2.656205318129518,0.0052369324685234645,0.004974818771461274,0.005514021365890881,0.050736398194846016,0.048689304675292616,0.05277971125367009,2.5368199097423014,0.004998283425519741,0.004768634369635706,0.005235933625786763,0.11473477991916019,0.1107723824561749,0.11878340440765094,2.294695598383204,0.00450965133134966,0.004324097810330357,0.004697796978713664,0.20721460396469224,0.20124528955416912,0.21317097300498505,2.0721460396469222,0.004054894331273365,0.003910309376668955,0.004203063248645762,0.35473709169098766,0.34690148150225686,0.36256354390865353,1.7736854584549377,0.003444887371492876,0.003349642850330924,0.0035439122432241697,0.47292192007002176,0.46492350597086113,0.4811801729316868,1.576406400233406,0.003043411365283624,0.0029742977760258385,0.0031151393003827424,0.572288252413319,0.5649214471256468,0.5802042870818505,1.4307206310332972,0.0027481737206507847,0.0026981527398958595,0.0028012662362433003,0.6591513908760176,0.652455253985998,0.666348166280494,1.3183027817520352,0.0025222854614257812,0.0024838972091674803,0.0025632705688476564,0.1105323587383006,0.10694490450693327,0.11409828861793835,0.38873252406659675,0.38220033892744115,0.3953778958060123
mipod_alpha0p02,MIPOD,0.02,laplacian_residual_stego,1000,0.0018892478942871094,0.004185227302385623,0.003874296195235259,0.004555619739059177,0.6377232663375534,0.016052328569626205,0.014778807848171774,0.01751507661018816,3.2104657139252404,0.006272311212814645,0.00577564836003051,0.006816990846681923,0.03017762270076677,0.028308368163024344,0.032210953392158105,3.0177622700766764,0.0059008012209080495,0.005522996947729873,0.006289622281571919,0.05701513355025481,0.054125670634596404,0.06009045518469982,2.8507566775127406,0.005574098798397865,0.005270260347129505,0.005879525081060462,0.12759681126595648,0.12280790922710966,0.13249054662875406,2.5519362253191304,0.004985809109636073,0.00477164110780499,0.005199074921797512,0.22784485647717054,0.22077527543723158,0.2349020846596382,2.278448564771705,0.004438735027084764,0.004276329442282749,0.004599114023041123,0.3845353361414718,0.3756705147304981,0.3932250825072789,1.9226766807073585,0.003723778824696256,0.003620628373610025,0.0038271724618054895,0.5071183921625322,0.4980766832612239,0.5158278384683183,1.690394640541774,0.0032573147006090815,0.003184321554365932,0.0033311737853337227,0.607133281549605,0.5985674123381803,0.6151878433187956,1.5178332038740123,0.0029124721051326558,0.002859737454462225,0.0029675275133990734,0.6915849317066672,0.6842864175195703,0.6986071739854446,1.3831698634133345,0.0026443634033203123,0.0026041019439697263,0.0026863264083862304,0.12246890346676502,0.11811912567028418,0.126878609829053,0.4161941614824585,0.4087747201858754,0.42341369831236114
mipod_alpha0p02,MIPOD,0.02,local_entropy_cover,1000,0.0018892478942871094,0.003394323107254546,0.0032444031613985303,0.0035594333299157383,0.626245489424386,0.008524431346611865,0.007958515448760225,0.009106637050686825,1.7048862693223727,0.0033867276887871852,0.003132704042715484,0.003643783371472159,0.017536186218436587,0.01650883107272842,0.018648449841609894,1.7536186218436585,0.00348225867989317,0.003248674170164059,0.00373223006486074,0.0354750859067359,0.033498965200441176,0.03756354693644846,1.773754295336795,0.0035216479115010484,0.003290077245851612,0.003760280373831776,0.08929903009289993,0.08519051208481926,0.09384052036035638,1.7859806018579987,0.003532997634851606,0.0033411860074769205,0.0037394636453803314,0.1750070443889274,0.1683043760179292,0.18228052565607017,1.750070443889274,0.003444953078507668,0.0032914015411612116,0.003610909246967269,0.3302519928532359,0.32039485352195757,0.3404500025643084,1.6512599642661796,0.003224093536020142,0.0031125684258711786,0.0033455101184458984,0.46525331118876007,0.4542051408257696,0.4770392511270271,1.5508443706292003,0.0030074641099652865,0.0029224018666632757,0.003099617257734318,0.5833988459366383,0.5722807968137227,0.595160642602941,1.4584971148415957,0.0028128421293558913,0.0027472074138358542,0.002884907684678327,0.6861064937828032,0.6758960028359453,0.6967531564778573,1.3722129875656064,0.0026335906982421875,0.002584189987182617,0.0026877855300903317,0.08830782584945235,0.0845145381048384,0.0923684030793804,0.3795537489827904,0.37098336619352273,0.3885802416224315
mipod_alpha0p02,MIPOD,0.02,local_entropy_stego,1000,0.0018892478942871094,0.003395562984268473,0.0032456378603561123,0.0035603946374388835,0.6263818488312736,0.00852217778903817,0.00796278120184737,0.009100001504326053,1.7044355578076342,0.003385202135774218,0.003132704042715484,0.00363996948893974,0.01754348257905847,0.016520710220929786,0.018663365365262936,1.754348257905847,0.003483403281190385,0.0032502575352918728,0.003735988172453262,0.03549033032121498,0.0335182950442044,0.03757134166485754,1.774516516060749,0.0035226015639900823,0.003290458706847225,0.003762955369063513,0.08933652734808058,0.0852135605149075,0.09388428260635541,1.7867305469616113,0.003534218356603342,0.0033433928435187303,0.0037407949950408175,0.17507017611947578,0.16835367662319695,0.1823304965345156,1.7507017611947577,0.0034462882429236287,0.0032929217212176697,0.003613070305943389,0.33028479707845926,0.3204623130613585,0.34047384004001496,1.6514239853922958,0.0032243414903965362,0.003112984226286979,0.0033459044612714336,0.46545455033841915,0.45439093906775985,0.47722882642175196,1.5515151677947305,0.003008722963264372,0.0029235678954261657,0.003100911714965095,0.5836378669778879,0.5725086892112985,0.59544496070342,1.4590946674447196,0.0028139579240496673,0.002748448139388507,0.0028855735852295486,0.6862678561771213,0.6760296348416774,0.6968710821706524,1.3725357123542425,0.0026341705322265626,0.0025844627380371093,0.0026883983612060545,0.08834209111622546,0.08454490736786827,0.09239667433956683,0.37967766433185807,0.3710819750287991,0.3887250720094416
mipod_alpha0p02,MIPOD,0.02,local_variance_cover,1000,0.0018892478942871094,0.002894452950397988,0.0027964459543748706,0.0030019054061124354,0.6094552952216292,0.005488063686151914,0.0050781403888364015,0.005896843895296214,1.097612737230383,0.0021403508771929824,0.001971777269260107,0.0023081998474446985,0.011357493814686868,0.0106573041229749,0.01207832813838361,1.1357493814686868,0.0022132773750476917,0.002068657001144601,0.0023605589469668066,0.024064812064845245,0.02277516046588317,0.02540513235748217,1.2032406032422622,0.002346175853518978,0.0022086543963379746,0.0024876978828914744,0.06585672432342202,0.06287856091643518,0.06896513425558279,1.3171344864684402,0.0025692378118562604,0.002441582742046235,0.0027077153429465174,0.14060241643045943,0.1350908081066013,0.1463849639101586,1.4060241643045939,0.0027418554970626385,0.0026199692912184333,0.0028712930113679713,0.2904967277872628,0.28146205744260744,0.299598029346248,1.452483638936314,0.0028265463770050926,0.0027253938659901967,0.002935246714604513,0.4316775328150457,0.4211768215185565,0.44230861015463985,1.4389251093834856,0.002786249252953219,0.0027050974021845557,0.002871804229238457,0.5580854535958237,0.5471939408652262,0.5694203999838459,1.3952136339895593,0.0026895325106334285,0.002624737740563429,0.00275779482729024,0.6685602017821511,0.658252926107004,0.6789775182248664,1.3371204035643023,0.002566314697265625,0.0025172401428222657,0.002619064903259277,0.0674324714703618,0.06460661700415196,0.07038405860042758,0.35045469895495984,0.3425218835477515,0.35866080864325717
mipod_alpha0p02,MIPOD,0.02,local_variance_stego,1000,0.0018892478942871094,0.0028964227191664773,0.002798418874304514,0.003005051699695087,0.6096432015787218,0.005498240780778369,0.0050923764632230155,0.005908705455678711,1.0996481561556737,0.0021441647597254003,0.001975591151792525,0.0023112509534706327,0.011370249256322403,0.01067039325532657,0.012090703429551323,1.1370249256322402,0.002215566577642121,0.0020701926745516973,0.0023636016787485694,0.024093242845152213,0.022796357622604634,0.025431572851993014,1.2046621422576105,0.002348655349990463,0.0022116965477779896,0.0024886992180049583,0.06592518840131731,0.06292499165550684,0.0690378258715721,1.3185037680263463,0.002571755550469215,0.00244394979781796,0.002710311284046693,0.14074164520793175,0.1353088544791469,0.14654881198176112,1.4074164520793178,0.002744411383230335,0.002622104600595102,0.0028751678492408635,0.29069160168981834,0.2816477178422583,0.299844470122111,1.4534580084490918,0.0028283011310534247,0.0027277618302847667,0.002936871769440577,0.43192013016552655,0.42136971029534076,0.442593225152201,1.439733767218422,0.0027876988416006506,0.0027072132929822105,0.0028727858804979464,0.5583352994307504,0.5475006897910396,0.5696532872327535,1.395838248576876,0.002690657842033989,0.002626381868813062,0.002758789982643194,0.6687699620296802,0.6584672527697907,0.6791294678188773,1.3375399240593604,0.0025670700073242188,0.002518177795410156,0.0026197256088256837,0.0675018159648034,0.0646680025694951,0.07043335813890036,0.35064093017394093,0.34262846071661085,0.35881035947593043
mipod_alpha0p02,MIPOD,0.02,oracle,1000,0.0018892478942871094,0.009828492581515537,0.009220246618482258,0.010460730566211227,0.7566336208256945,0.045439468153747824,0.04318520830563583,0.047771744051203116,9.087893630749566,0.018156369183829135,0.017129633867276887,0.019222768878718537,0.07711719962529667,0.0736469327586502,0.08064429424533925,7.711719962529667,0.015372758489126287,0.014576840900419687,0.01619354254101488,0.12820798569701936,0.12293585359385946,0.13365466206748727,6.410399284850968,0.012729353423612436,0.01212163837497616,0.013353285332824719,0.24196755276098922,0.2339353724508012,0.2504898960887961,4.839351055219784,0.0095390249485008,0.009152557793545433,0.009943024719615473,0.3756398866184862,0.36543351664776264,0.3860322213017625,3.756398866184861,0.007346990157930877,0.0071042858777752346,0.007598664835584038,0.5566680615679309,0.5458098929517408,0.5675295240830599,2.7833403078396537,0.0053884109939155815,0.005254661542276222,0.005526817219477771,0.6797304084983362,0.6699831621096857,0.6896245682765392,2.2657680283277877,0.004356242767951375,0.004272208588176952,0.00444537721094058,0.7705416314556274,0.762113924198084,0.7786970537333429,1.9263540786390678,0.0036852219191668735,0.0036278931984207213,0.0037451644128249635,0.8396958662015145,0.8329271070676836,0.8463493095549071,1.679391732403029,0.003200775146484375,0.0031597482681274412,0.003244332122802734,0.22439435327800575,0.21731663098755213,0.23176789767166298,0.5678004662419801,0.5591362971849714,0.5766228020912287
mipod_alpha0p02,MIPOD,0.02,srm_residual_cover,1000,0.0018892478942871094,0.003843009113097931,0.0036887239199233663,0.004012855212106051,0.6431143619246004,0.013162319402530782,0.012502113498325819,0.013829808945688166,2.632463880506156,0.005199084668192219,0.0049061403508771926,0.005495823798627002,0.02513142400427845,0.023989975734466373,0.02626662062323079,2.5131424004278453,0.00496680656238077,0.004703538725677223,0.005222863410911865,0.04808744741851585,0.046113421271063354,0.05015284546117907,2.4043723709257927,0.0047448025939347705,0.004518376883463666,0.004984622353614343,0.1136163727394912,0.10956727337144918,0.11789553148997829,2.272327454789824,0.0044742504005493245,0.004285097657740139,0.004680710688944837,0.21081947991905545,0.20421953800703815,0.21754301824568936,2.1081947991905543,0.00413630121309224,0.003979703593499657,0.004297628175783933,0.37261162839580536,0.36367282225119313,0.3816691380788449,1.8630581419790269,0.0036275534532415267,0.003519568845486277,0.0037395124835491807,0.5034262512100217,0.49397000683749454,0.5134440549335083,1.6780875040334058,0.0032461757562656565,0.003168045789199293,0.003330100581107028,0.6119293037201768,0.6030942346900346,0.6214350931315359,1.5298232593004417,0.0029439813843483566,0.0028861569932670853,0.0030073656754849415,0.703932509786936,0.695699123510032,0.7123662249061588,1.407865019573872,0.0026973419189453124,0.0026538385391235353,0.0027456893920898436,0.11031188132971094,0.10660686250361542,0.11421610704228181,0.4111310119017421,0.40372092836241696,0.41885875222892843
mipod_alpha0p02,MIPOD,0.02,srm_residual_stego,1000,0.0018892478942871094,0.00423382294330472,0.003996008214796207,0.004489063880950578,0.6601920669946726,0.014430037977466566,0.013470197373226694,0.015416506224074946,2.8860075954933126,0.0056590389016018304,0.0052730358504958046,0.006044279176201372,0.027324705660259484,0.025837326749041073,0.028873136802953874,2.732470566025948,0.005370087752766119,0.005052251049217855,0.0056940385349103385,0.052150806080757874,0.04976952780398938,0.05457211619771018,2.607540304037894,0.005120160213618157,0.004852174327674995,0.005380707610146861,0.12190124823994315,0.11741975023415287,0.12656478099886245,2.438024964798863,0.004780651560234988,0.004575381475547417,0.004996501869230183,0.22472713680539474,0.2178020618141153,0.2318240350063859,2.2472713680539473,0.004395246814679179,0.004234638933394369,0.004566889829861905,0.39386576628814174,0.38472425755693046,0.40315976128575276,1.9693288314407087,0.0038265845238322303,0.0037153793701958844,0.003943774914646475,0.527969776074518,0.5182322471821345,0.537779199496093,1.759899253581727,0.003399679564614778,0.003319897193647241,0.0034826879061073458,0.6377740656240007,0.6283004979630894,0.6470037466117654,1.5944351640600016,0.003065126170630758,0.00300599596597303,0.0031287288523527057,0.7286153195443927,0.7202416355200114,0.736837163635002,1.4572306390887855,0.002789825439453125,0.002745895195007324,0.002837923812866211,0.1181432995368703,0.11402208358772661,0.12236744340300397,0.4308848271396849,0.42295257985148765,0.4386587420582059
mipod_alpha0p02,MIPOD,0.02,texture_energy_cover,1000,0.0018892478942871094,0.0036802288656414637,0.0035333858775139296,0.0038342016765764014,0.6338981057091625,0.012729408605371497,0.012085388378621427,0.013400938624086707,2.545881721074299,0.005021357742181541,0.00473302822273074,0.005322749809305872,0.024366632900934788,0.023248072208055436,0.025488683741960547,2.436663290093479,0.004797787104158718,0.004555465471194201,0.005046957268218236,0.046956727905252876,0.045040523513490124,0.04895225790168724,2.347836395262644,0.0046213999618538995,0.004404153156589739,0.004848784093076483,0.11050265223293465,0.10665305036511218,0.11447824389866341,2.2100530446586926,0.004342641336690318,0.004159983215075913,0.004530945296406501,0.20519959028236753,0.1987951971035937,0.2116481369908314,2.0519959028236747,0.004020332646677348,0.0038662117570763713,0.004176509689478905,0.362029339232017,0.35338195357666025,0.3709194119277565,1.8101466961600854,0.0035227259722672567,0.0034182194014762825,0.0036327156726239295,0.48940804107095914,0.4802913911245976,0.49880418148398853,1.6313601369031974,0.0031559579364978446,0.003080606029780146,0.003236921912948387,0.5979680893000212,0.589239349592884,0.6072150883264448,1.494920223250053,0.0028768620419996572,0.002820439069980355,0.0029386947109424177,0.6903652897608092,0.682428152958786,0.6987992928216155,1.3807305795216185,0.002645721435546875,0.002602536392211914,0.002693696403503418,0.107356271942655,0.10384005169246943,0.11098290683181712,0.40090883631344815,0.3937411112241577,0.4083939866167671
mipod_alpha0p02,MIPOD,0.02,texture_energy_stego,1000,0.0018892478942871094,0.004152451519433002,0.003872711933551334,0.004473836560407429,0.6527628764022363,0.014483878848709152,0.013270789532823379,0.01590017691384992,2.89677576974183,0.005660564454614797,0.005196777269260107,0.0061869755911517915,0.027124394237639238,0.025371433966363998,0.029066385678540335,2.7124394237639233,0.005305227012590614,0.004960673407096527,0.005675343380389164,0.05160108804019394,0.048991353116558785,0.054467881520330316,2.5800544020096976,0.0050465382414648105,0.00477950600801068,0.005330621781422849,0.1197828222275446,0.11525320305973401,0.12433516506708044,2.395656444550892,0.0046851300831616685,0.0044826218814374005,0.004891409170672161,0.2201436069781394,0.2130701930170159,0.2272789710789546,2.2014360697813937,0.004296940566109712,0.004133750095368886,0.0044615129320210575,0.3844600111572875,0.37522214646246127,0.3933921551232358,1.9223000557864376,0.0037320185393579894,0.003622512826870625,0.003844907398577124,0.516289102131847,0.506461073129377,0.5259311735894654,1.7209636737728233,0.00332380504304261,0.003243514998156225,0.0034064258738857878,0.6258059513923525,0.6165673898990842,0.6349068062760115,1.564514878480881,0.0030073241908104295,0.002947795113391444,0.0030686223273379233,0.7179559855545983,0.7094730567594516,0.7260540824548717,1.4359119711091965,0.0027494125366210936,0.0027045738220214848,0.0027966325759887696,0.11602777175384986,0.11181037564791253,0.1202810721856178,0.42232652654034114,0.4143589259867118,0.42990542757708367
mipod_alpha0p02,MIPOD,0.02,uniform,1000,0.0018892478942871094,0.0018892478942871094,0.0018784519195556642,0.0019002891540527344,0.5,0.005,0.005,0.005,1.0,0.0018888443935926773,0.0018780507246376813,0.001899883295194508,0.01,0.01,0.01,1.0,0.0018895650515070583,0.0018787672644028997,0.001900608164822587,0.02,0.02,0.02,1.0,0.0018892046538241465,0.0018784089261872975,0.0019002456608811747,0.05000000000000001,0.05000000000000001,0.05000000000000001,1.0,0.001889276722362097,0.001878480582894637,0.0019003181506065466,0.10000000000000002,0.10000000000000002,0.10000000000000002,1.0,0.001889276722362097,0.001878480582894637,0.0019003181506065466,0.20000000000000004,0.20000000000000004,0.20000000000000004,1.0,0.0018892406874058251,0.0018784447538575978,0.0019002819050525474,0.2999999999999999,0.2999999999999999,0.2999999999999999,1.0,0.0018892526989051793,0.0018784566967180805,0.0019002939867502511,0.4000000000000001,0.4000000000000001,0.4000000000000001,1.0,0.0018892406874058251,0.0018784447538575978,0.0019002819050525474,0.5,0.5,0.5,1.0,0.0018892478942871094,0.0018784519195556642,0.0019002891540527344,0.05000000000000002,0.05000000000000002,0.05000000000000002,0.25,0.25,0.25
mipod_alpha0p02,MIPOD,0.02,wavelet_energy_cover,1000,0.0018892478942871094,0.0035793652122592646,0.003425673531493148,0.003734114126950694,0.6267706862132418,0.011982919799552315,0.011350289094762633,0.012638033345782585,2.396583959910463,0.004736842105263157,0.004461460717009915,0.005023665141113654,0.023128776108044084,0.02206687606761126,0.024201383267124118,2.3128776108044087,0.004567340709652804,0.0043284814956123605,0.004814202594429606,0.045166874595220105,0.043340244186850466,0.04699563030023584,2.2583437297610054,0.004449551783330154,0.004240310890711425,0.004663174709135991,0.10647559381909164,0.10263047984187747,0.11037835507696865,2.129511876381833,0.004189974822613871,0.004007154573891814,0.004374406805523767,0.19627779533130468,0.1899354169492767,0.20248502122885195,1.962777953313047,0.003848783093003738,0.003697909514000153,0.0040003433279926755,0.35010699392584366,0.3413230306004985,0.3587685538085425,1.7505349696292178,0.0034091247210513266,0.00330297402201072,0.0035175051021381297,0.47827757660657416,0.4688361070389901,0.487743965266807,1.5942585886885805,0.003086110651933421,0.003006701804356395,0.003166005556756482,0.5872942993880846,0.5780753321938987,0.5966095166537163,1.4682357484702115,0.002827633561578516,0.0027697016441282497,0.00288942713002346,0.6814892282698592,0.6733737007787086,0.6902485651759979,1.3629784565397185,0.0026135711669921873,0.0025691211700439452,0.0026611328125,0.10302686547758776,0.09945310266452412,0.10659718435143407,0.3915178494397344,0.38407705400995784,0.39899065378794435
mipod_alpha0p02,MIPOD,0.02,wavelet_energy_stego,1000,0.0018892478942871094,0.0035801158411178056,0.0034267855372046565,0.0037348390787208673,0.6268251533306379,0.011976858259791352,0.01133748361851205,0.012621130056907938,2.3953716519582704,0.0047330282227307395,0.004459153318077803,0.005021357742181541,0.023109578880929082,0.022049162420773167,0.024185931566077654,2.3109578880929083,0.004564669973292636,0.0043219858832506675,0.004811913391835176,0.045205975135296235,0.04336671929218527,0.0470504069290503,2.2602987567648114,0.004453557123784094,0.0042444974251382795,0.004667947739843601,0.10659753597159025,0.10272495659871152,0.11049227519646516,2.131950719431805,0.00419455252918288,0.004012207217517357,0.0043782234683756764,0.19632269869823107,0.18997889252406475,0.20256900041653542,1.9632269869823105,0.0038499275196459903,0.003699347676813916,0.004001124399176013,0.35017559029479695,0.34141745261158196,0.35883578001913985,1.750877951473985,0.003409773217112667,0.0033027642144614626,0.003517593793511225,0.478488112966422,0.4690998677194991,0.4879001507572955,1.5949603765547404,0.0030874712307516245,0.0030079822743282938,0.003167695154050583,0.587389971648438,0.578251126702363,0.5967501239152871,1.4684749291210946,0.0028280341032634613,0.002769868059661638,0.0028901378530965687,0.6816556291528367,0.6735302871854304,0.6902953260669067,1.3633112583056735,0.0026141891479492187,0.002569772529602051,0.0026616825103759766,0.10309294541931235,0.09953379190679529,0.10667539125765653,0.39162715685090066,0.38416344692326754,0.39909521428281636
mipod_alpha0p03,MIPOD,0.03,gradient_magnitude_cover,1000,0.003024635314941406,0.0047334740861305815,0.0045693580706948215,0.00491195911501822,0.6022859716430167,0.007183216447002042,0.006737141798965629,0.007643667716542548,1.4366432894004084,0.004534706331045003,0.004221910755148742,0.004855167810831425,0.014725744771028988,0.013952209508975575,0.015546818589931814,1.4725744771028988,0.0046436474628004576,0.004371232354063334,0.004934433422357878,0.030011346808615228,0.028660881439513827,0.03149627731467622,1.5005673404307613,0.004726492466145337,0.004479844554644287,0.0049889423993896625,0.07762072266223573,0.07452611285501966,0.08082767559883179,1.5524144532447144,0.004886472877088579,0.004664112687876707,0.005123218509193559,0.1573252314240337,0.1521177347313319,0.16280584773584392,1.5732523142403372,0.004939574273289083,0.0047411793316548415,0.005146538109407187,0.3055665972133367,0.2978218638424403,0.31378833129027767,1.527832986066683,0.004765416086517005,0.00461712029601938,0.004927713669915505,0.43696403926613725,0.4282028566613735,0.44625711258830275,1.456546797553791,0.0045167910684994214,0.004399715486438717,0.004641639751789733,0.5523830512053547,0.5434906856476989,0.5617614716236065,1.380957628013387,0.004261057811516528,0.0041713932174941345,0.0043599475004291515,0.6537924663914703,0.645450004666057,0.662472365150857,1.3075849327829405,0.00401690673828125,0.00394709415435791,0.0040940860748291015,0.07784545796280305,0.07499175484970236,0.08080431114903099,0.35566359891107674,0.3488779312873347,0.3628173188000068
mipod_alpha0p03,MIPOD,0.03,gradient_magnitude_stego,1000,0.003024635314941406,0.004734283042312161,0.004569550887074588,0.0049127177444848,0.6023136780202069,0.007184683637848702,0.006739792751016511,0.007643507946055946,1.43693672756974,0.004535469107551487,0.004223474446987033,0.004858142639206711,0.014732504215858254,0.013960903669927029,0.01555399892528152,1.4732504215858253,0.004645936665394887,0.004372729874093857,0.004935597100343379,0.0300228477827888,0.028667536423981475,0.03151668951217811,1.5011423891394402,0.004728209040625596,0.004481747091359908,0.00499276177760824,0.07762891968862827,0.07454248693117825,0.08082642029568948,1.5525783937725655,0.0048870069428549635,0.0046642957961394674,0.00512318608377203,0.15731218366815528,0.15211606375626172,0.16282253154203383,1.573121836681553,0.004939154650186923,0.004741152628366522,0.005146841382467384,0.3055735191776838,0.297834843412502,0.31380667296308534,1.5278675958884187,0.004765454233344142,0.004616640599668124,0.004927140513837761,0.43704863305990044,0.4283368899714235,0.44640378201595027,1.4568287768663348,0.004517604872652366,0.004401173658176824,0.004642321312767823,0.5524056532452397,0.5434681445676558,0.5617255075157378,1.3810141331130992,0.004261229472238647,0.004171504558545843,0.004359821615899598,0.6537417995199946,0.6453829026048555,0.6624054897128899,1.3074835990399891,0.004016624450683594,0.00394665699005127,0.00409386100769043,0.07784835534712971,0.0749945451537637,0.0807976097324122,0.3556806304848057,0.34888211631755556,0.36283458228510046
mipod_alpha0p03,MIPOD,0.03,laplacian_residual_cover,1000,0.003024635314941406,0.005632202610606719,0.005405298217375377,0.005864162598221996,0.6140876928437067,0.013829667502534655,0.013174576359483764,0.01451587876192178,2.7659335005069305,0.008777269260106788,0.00828449656750572,0.009295213577421815,0.026384496727927902,0.02526479438696423,0.027581128497725024,2.638449672792791,0.008363983212514307,0.007952222434185426,0.008815747806180847,0.05030017559208834,0.04838974263929482,0.052279581674390375,2.515008779604417,0.007959565134465,0.00759829296204463,0.008346023269120732,0.11397874000542546,0.11013681185356385,0.11782407525404129,2.2795748001085094,0.007194857709620813,0.0068961375600824,0.0075022583352407106,0.20569648135107485,0.1996787580106833,0.21152619968993966,2.056964813510749,0.006464332036316472,0.0062259613183794915,0.006700402456702524,0.35288539680358466,0.345156291738066,0.3605144120374452,1.7644269840179234,0.005498865131892655,0.005341107497758874,0.005657688016174255,0.47099573521303334,0.46303795572191275,0.4791613763845585,1.5699857840434446,0.004860725048637514,0.004747354500718436,0.004979417748559948,0.5704828491528865,0.5631191662282463,0.5784613198966524,1.4262071228822164,0.004391872818478323,0.0043090148105056365,0.004481746981632302,0.6579571805597538,0.6514101039831561,0.6650286906370121,1.3159143611195077,0.004034500122070312,0.003970852279663086,0.004103140068054199,0.10974597208807789,0.10623633233330669,0.11318997921577093,0.38718735684259936,0.3807281568356559,0.393734300697006
mipod_alpha0p03,MIPOD,0.03,laplacian_residual_stego,1000,0.003024635314941406,0.006565525335901647,0.006110612769837228,0.007097454251238406,0.6369072331332514,0.01600664913106018,0.014757827633551315,0.017436127754120363,3.201329826212036,0.01004881769641495,0.00927297864225782,0.010887948131197558,0.03001291967120989,0.028215758834087515,0.03202121187349012,3.001291967120989,0.009430751621518503,0.008840862266310567,0.010048473864937044,0.056427076426253234,0.053606444880538985,0.05940675131497167,2.8213538213126617,0.008859431623116535,0.008385804882700743,0.009335113484646192,0.12670986898616382,0.12197459884227076,0.13150741341298233,2.534197379723276,0.007951476310368506,0.007614703974975204,0.008296129930571449,0.2261809147730112,0.21916471738281626,0.2331749495408843,2.2618091477301117,0.007073929961089494,0.006813693064774549,0.0073368934538796055,0.382783148468588,0.37397271346508554,0.3914745587810227,1.91391574234294,0.005947719773407847,0.005776811020618361,0.006118694806309485,0.5053177399565065,0.4963527167903878,0.5142164369532299,1.6843924665216887,0.005205587274137558,0.005083693717177626,0.005325500362397161,0.6054681774691641,0.5971416050710713,0.6136643539461774,1.5136704436729103,0.004655686738255546,0.004567233305994774,0.004745407837265635,0.6908929818565558,0.683701006210636,0.698028907319719,1.3817859637131116,0.004233192443847656,0.004166897583007812,0.004302167129516602,0.12156589300486274,0.11724296988994089,0.12590185893736244,0.414734381442781,0.4072917971901483,0.421927532827793
mipod_alpha0p03,MIPOD,0.03,local_entropy_cover,1000,0.003024635314941406,0.005394128164027995,0.005156410240793625,0.005663641033632358,0.6255268216958747,0.00861228746699424,0.008079294719263764,0.009169690428741387,1.722457493398848,0.00551487414187643,0.005114359267734554,0.005932913806254766,0.017589422974479282,0.016561301826865063,0.018687604155652654,1.7589422974479285,0.005627623044639451,0.005242550553223959,0.006029931323922166,0.03549902960230197,0.033602500932881724,0.03757528507810706,1.774951480115098,0.005670036238794583,0.0053118205226015645,0.006051158687774175,0.08909530051124918,0.08507326253800715,0.09356980063609269,1.7819060102249835,0.005667505912870984,0.0053669718471046,0.005999876020447089,0.1742288204340734,0.16757153640672323,0.18135281696254874,1.7422882043407337,0.005512016479743648,0.00526480506599527,0.005780271038376441,0.32901173528587074,0.3192970028342378,0.33915805958507894,1.645058676429354,0.0051574891758377995,0.004975908848156556,0.005356432508726087,0.46358720255318087,0.45266729079172807,0.47540247789086404,1.5452906751772695,0.00480798036697481,0.0046701219434660424,0.004960018374171891,0.5819095992880375,0.570689979783163,0.5938512182012825,1.454773998220094,0.004498960498960499,0.004392422848042114,0.004615307844895002,0.6848991037771817,0.6748239894579641,0.6954699023729909,1.3697982075543633,0.00421368408203125,0.004132887649536132,0.004303139114379882,0.08804495232991408,0.08436285548366276,0.09213050307329239,0.37842349031252615,0.3699453143179509,0.3874458973810088
mipod_alpha0p03,MIPOD,0.03,local_entropy_stego,1000,0.003024635314941406,0.005395243720291896,0.0051582607991022805,0.005663779507238777,0.6256806445371785,0.008609706807226494,0.008074437095930396,0.009167586292896096,1.7219413614452987,0.005510297482837529,0.0051158848207475205,0.0059237414187643025,0.017596393968731125,0.016576276751826133,0.018694183648326538,1.7596393968731123,0.00562991224723388,0.005244172071728348,0.006032821442197633,0.035549564641082,0.03361764843194633,0.03764566059771985,1.7774782320540998,0.00567804691970246,0.005317361243562846,0.0060636086210185,0.08910248308202642,0.08508098905758274,0.09359556340614941,1.7820496616405281,0.005667963683527886,0.005365981918059053,0.0060009727626459146,0.17427820082447565,0.1676050591365611,0.18143532259464473,1.7427820082447565,0.00551380941481651,0.005265654802777142,0.005782557030594339,0.3290910348529685,0.31939358617681257,0.3392604151471358,1.6454551742648422,0.005158595433824791,0.004977235880905605,0.005357139178698812,0.46378823604253966,0.4529185013695023,0.4754745647384352,1.5459607868084657,0.004809951298907721,0.004672007362384447,0.004961414874814034,0.5821991966247195,0.571017968818946,0.5940813473987008,1.4554979915617987,0.004501115794693776,0.004394199536516051,0.00461782911175113,0.6850864473096723,0.6749491625171951,0.6956811638137047,1.3701728946193446,0.0042147979736328126,0.004134117126464844,0.0043040323257446285,0.08807067125516203,0.08438856361396922,0.09217013788490304,0.3785662925684927,0.3700905350150598,0.3875920324497989
mipod_alpha0p03,MIPOD,0.03,local_variance_cover,1000,0.003024635314941406,0.004606501271693131,0.004447700447750123,0.004785077714278037,0.6089079386731208,0.005434868887193343,0.00507386478950282,0.005832403666219803,1.0869737774386685,0.0034096109839816934,0.003167028985507246,0.003666704805491991,0.011356278958950024,0.010693862351759542,0.012065754220361614,1.1356278958950023,0.003557039297977871,0.003332687905379626,0.0037970335749713847,0.024010156042278845,0.022717937748465533,0.025350858778973077,1.200507802113942,0.0037602517642571047,0.0035361338928094604,0.0039902775128743085,0.06574783300954223,0.06278194804557233,0.06882215375313729,1.3149566601908445,0.004118638895246815,0.003910271229114214,0.004339169909208821,0.1403418695627102,0.13496056911877227,0.14597175979428023,1.403418695627102,0.0043948271915770195,0.004199337186236362,0.004606706340123599,0.28989694980441105,0.28113378115366056,0.29875212952309366,1.449484749022055,0.004527894867344409,0.004363535924774457,0.0047031514047569094,0.4305605060766451,0.42015980611783843,0.4414074911481929,1.4352016869221504,0.004458794806912249,0.004326917843927623,0.004598216942385209,0.5571052194863697,0.5462926444076914,0.5681600462783847,1.3927630487159242,0.00430538442465048,0.004200345705620934,0.004416623195178241,0.6676798137760238,0.6572667917508976,0.6780686186688804,1.3353596275520476,0.0041079788208007815,0.00402833080291748,0.004194557571411133,0.06731009616923113,0.06454638457559175,0.07026115083971345,0.3497767226412048,0.34192848695329536,0.3579999867892119
mipod_alpha0p03,MIPOD,0.03,local_variance_stego,1000,0.003024635314941406,0.00460984921942708,0.004451267156419597,0.004788192635899218,0.6091013011395079,0.005438141466394974,0.005076708779612465,0.00583608363451924,1.0876282932789945,0.0034111365369946605,0.0031693173150266966,0.003668230358504958,0.011364649391494019,0.010695029965417324,0.012075134413200279,1.1364649391494022,0.0035593285005723007,0.0033353586417397933,0.0037997043113315527,0.024040662862222395,0.02276408086392428,0.025392154722779624,1.2020331431111195,0.003764638565706656,0.003541665077245851,0.003993348273888995,0.06580766583057214,0.0628343314426738,0.06888478935903387,1.3161533166114427,0.0041221484702830555,0.003913546196688792,0.004342143511100937,0.14046751502591848,0.1350676834082628,0.14613343871284037,1.4046751502591845,0.00439856565194171,0.004202086671244373,0.004610805294880597,0.2900661006330183,0.28138558020745047,0.29898360394093826,1.4503305031650917,0.004530412557935494,0.004365309752236359,0.004706331896469513,0.430813016829877,0.4203924228477518,0.4416567303009715,1.4360433894329234,0.004461261650750861,0.004329064888165507,0.004600028928194499,0.557359013745476,0.5464987053897794,0.5683886183113811,1.39339753436369,0.004307253619180225,0.004201803391252933,0.004418139054721624,0.6678581204215079,0.6574556565712149,0.6782403329496134,1.3357162408430159,0.0041090087890625,0.004029161643981934,0.004195699119567871,0.06737233343883474,0.06460526123892206,0.07034309503209042,0.34995465647418383,0.34204075544120943,0.3581954275017822
mipod_alpha0p03,MIPOD,0.03,oracle,1000,0.003024635314941406,0.014956155014633921,0.014051193793797908,0.015913754199679782,0.7552981563090305,0.043961948913116285,0.04184912754070348,0.046128588804846535,8.792389782623257,0.028203661327231126,0.02662164378337147,0.029829176201372997,0.07508710108317528,0.07174205880982569,0.07844471631431006,7.508710108317527,0.02403815337657383,0.02279542159481114,0.025315185043876382,0.12565699474254227,0.12055160957968945,0.13086992462452066,6.282849737127114,0.020041769979019644,0.01907816135800115,0.02103299637612054,0.23875486681843444,0.23076264228044419,0.24706377054521808,4.775097336368689,0.015116807812619211,0.014500183108262758,0.015757465476462958,0.3725661522792512,0.36241421848207683,0.3829255739153505,3.7256615227925125,0.011696574349584193,0.011303723201342795,0.012103428511482413,0.553667392279367,0.5429151285101748,0.5644744403317175,2.7683369613968356,0.008595738999408725,0.008378403173816018,0.008817667702988802,0.6771531103368312,0.6674792580672437,0.6870011424223857,2.257177034456104,0.006957046399552407,0.006818376715028674,0.007098916305329145,0.7684502116884521,0.7601222050594313,0.7768546196203157,1.92112552922113,0.005889603082263634,0.005795756403898607,0.0059868836903240585,0.8379260955608342,0.8312138634394938,0.8446861595849543,1.6758521911216684,0.0051170501708984375,0.005049673080444336,0.005184471893310547,0.22160451377258902,0.2145360254471244,0.2289374551434069,0.5652242703994564,0.5565976436190871,0.5739609833407979
mipod_alpha0p03,MIPOD,0.03,srm_residual_cover,1000,0.003024635314941406,0.0060535267500842925,0.005799808311777712,0.006324397664102468,0.6420399533721195,0.012942633011788907,0.012316168760151886,0.013585386666894525,2.5885266023577813,0.00822044241037376,0.007755148741418765,0.008686498855835239,0.024768281604366386,0.0236897418831863,0.025892695472018383,2.476828160436639,0.007864937046928653,0.0074589851201831365,0.008298063716138879,0.047679580811658684,0.04578587579332978,0.04969985103837543,2.383979040582934,0.007556360862101851,0.007193391188251001,0.007948130841121497,0.11261603418661148,0.10865670525140342,0.11687142111190017,2.2523206837322296,0.00712512397955291,0.006819077592126344,0.007462428473334859,0.20942521599331865,0.20287737405528605,0.21609948039187651,2.0942521599331867,0.006599946593423361,0.006342140650034332,0.006866296635385671,0.37068705212703346,0.3619036215684546,0.3799178038588097,1.853435260635167,0.005792061645272655,0.005614669839211123,0.005973903755555132,0.5015246407545264,0.4922086436129892,0.5115703842320091,1.6717488025150882,0.005187352974835649,0.005058777322838651,0.005325711124957084,0.6100419676603844,0.6013278392483117,0.6196801166907023,1.5251049191509611,0.004705315760361632,0.004609650670430487,0.004808115022220527,0.7023162617785347,0.6942995379487491,0.710825147150876,1.4046325235570694,0.004312843322753906,0.004240513420104981,0.0043910739898681645,0.10944338660622294,0.10577963384314261,0.1133841662786811,0.4095135572068188,0.40202119447684986,0.4173739629112662
mipod_alpha0p03,MIPOD,0.03,srm_residual_stego,1000,0.003024635314941406,0.006645380597068538,0.006287550654502149,0.007026378822141394,0.6592322153609502,0.01425593362736704,0.013352102124368022,0.01520710218927734,2.8511867254734082,0.00898321891685736,0.0084011060259344,0.009578222730739893,0.027118923394661217,0.02566424879852306,0.028605182630533986,2.7118923394661216,0.00855475009538344,0.008064841663487218,0.00906029187333079,0.0515700297301034,0.04929361148076835,0.05390644143984872,2.5785014865051696,0.008129887469006293,0.007723016402822812,0.00854034426854854,0.12059450633018134,0.11619558955440197,0.12521782620183933,2.411890126603627,0.007597924773022049,0.007268625543602657,0.007939198519874876,0.22313454901836624,0.21621070125861686,0.23024544324677212,2.2313454901836622,0.007008354314488441,0.006746114671549553,0.0072918564507515075,0.39178306701221544,0.3824644821229544,0.40124137614197686,1.958915335061077,0.006108546796620192,0.00592510395010395,0.006299971866714986,0.5260422455117455,0.5164167824849747,0.536052740231263,1.7534741517058186,0.005432753074018031,0.005300516257009524,0.005573383517922765,0.6359219790627583,0.62647463459755,0.6450614028722219,1.5898049476568958,0.004899683381334758,0.0048007343264224005,0.005001397365961586,0.7269700351592341,0.7186720953871525,0.7351939352959423,1.4539400703184682,0.004460823059082031,0.004386782264709473,0.004537050437927246,0.11708216166865273,0.1130123220737584,0.1213112977521337,0.4291763490688344,0.4212782977360049,0.4370085679093693
mipod_alpha0p03,MIPOD,0.03,texture_energy_cover,1000,0.003024635314941406,0.0057998265163185314,0.0055616592513718375,0.006051558804426183,0.6332183927469964,0.012711682492100836,0.012078139173898444,0.013349678098284735,2.542336498420167,0.008060259344012206,0.007613977879481312,0.008536250953470633,0.02443222091475006,0.023401292382837113,0.025558679756053998,2.443222091475006,0.007732926363983212,0.007353281190385348,0.00814881724532621,0.04694420732899482,0.04511018923023187,0.048880429175970276,2.3472103664497412,0.007426664123593362,0.007082386038527561,0.007795741941636469,0.10984596461375165,0.10605167044223172,0.11371595248759546,2.196919292275033,0.006934386205844205,0.006641546501869229,0.007241943236438544,0.20385108844609717,0.197580123216465,0.21015454501423722,2.0385108844609716,0.006414511329823759,0.006167173075455863,0.006668750476844434,0.36064923035572655,0.352229802545958,0.3694008538154516,1.8032461517786325,0.005631520723263843,0.005458704629117473,0.005809335482271262,0.4879115454724217,0.47884574245840633,0.49742500270906637,1.626371818241406,0.005046437699477386,0.004920411861195529,0.0051792588024363265,0.5963741318148713,0.5876419507729155,0.6056580099824403,1.4909353295371783,0.004600164031356692,0.004506262040092315,0.004701894705220393,0.689090085055631,0.6811775106089998,0.6975155043403513,1.378180170111262,0.004232315063476563,0.00416120662689209,0.004309778213500977,0.10675800011603521,0.10328141858389533,0.11035293229247262,0.3996326989019838,0.3925304861923862,0.4071112829483956
mipod_alpha0p03,MIPOD,0.03,texture_energy_stego,1000,0.003024635314941406,0.006526375748979814,0.0061069363221442335,0.0070041595349719125,0.6521599966119555,0.014395849410736048,0.013257269130266845,0.01574111470967859,2.87916988214721,0.009032036613272312,0.008318802440884822,0.009830091533180776,0.02711953556593317,0.0254384202181639,0.02898630311768598,2.7119535565933175,0.008519267455169783,0.00798813429988554,0.009095011446012971,0.05133614522670712,0.04873821556217685,0.054158037624326916,2.5668072613353563,0.008068281518214763,0.0076379839786381845,0.008523559984741559,0.11909812655163199,0.11448575884990352,0.12376771884422978,2.3819625310326398,0.007483405813687343,0.007154795147631036,0.007818043793392843,0.21881731930241222,0.21189651607045965,0.2258752512680321,2.188173193024122,0.00685778591592279,0.00659083981841764,0.007126960784313726,0.3830727503955032,0.37386022796960355,0.39214015486044734,1.9153637519775157,0.005966888554044518,0.005787719105838373,0.006148019226000878,0.5150919957646154,0.5053042780518794,0.5246817556041025,1.7169733192153849,0.0053182482865607875,0.005186273730656257,0.0054504812888623265,0.6244882186650363,0.61521574174552,0.633678734653761,1.5612205466625906,0.004811192279082188,0.004713383814301246,0.004911409477579203,0.7166219419816775,0.7082134983521099,0.7247474993599674,1.433243883963355,0.004397918701171875,0.004325876617431641,0.00447556324005127,0.11536456712957907,0.1111763263551821,0.11961879170787987,0.42114743251935577,0.413348455040255,0.4288225692324544
mipod_alpha0p03,MIPOD,0.03,uniform,1000,0.003024635314941406,0.003024635314941406,0.0030075422286987303,0.0030431687355041504,0.5,0.005,0.005,0.005,1.0,0.0030239893211289094,0.0030068998855835244,0.003042518783371472,0.01,0.01,0.01,1.0,0.0030251430751621518,0.003008047119420069,0.0030436796070202215,0.02,0.02,0.02,1.0,0.00302456608811749,0.003007473393095556,0.003043099084493611,0.05000000000000001,0.05000000000000001,0.05000000000000001,1.0,0.0030246814679179062,0.0030075881208514533,0.0030432151712825213,0.10000000000000002,0.10000000000000002,0.10000000000000002,1.0,0.0030246814679179062,0.0030075881208514533,0.0030432151712825213,0.20000000000000004,0.20000000000000004,0.20000000000000004,1.0,0.003024623776917355,0.0030075307558793795,0.00304315712678098,0.2999999999999999,0.2999999999999999,0.2999999999999999,1.0,0.003024643007006345,0.003007549877293593,0.0030431764747021355,0.4000000000000001,0.4000000000000001,0.4000000000000001,1.0,0.003024623776917355,0.0030075307558793795,0.00304315712678098,0.5,0.5,0.5,1.0,0.003024635314941406,0.0030075422286987303,0.0030431687355041504,0.05000000000000002,0.05000000000000002,0.05000000000000002,0.25,0.25,0.25
mipod_alpha0p03,MIPOD,0.03,wavelet_energy_cover,1000,0.003024635314941406,0.00565745614677277,0.005411160849083417,0.0059054979653241895,0.6261929586245162,0.01198101741647627,0.011400105099559967,0.012596977209785398,2.396203483295254,0.007603356216628528,0.0071746567505720825,0.008052650648360032,0.02310890004953009,0.02211130012467236,0.024182390899335018,2.310890004953009,0.007329645173597864,0.006956838992750858,0.007722300648607401,0.044900632695220336,0.043117117879545114,0.04674255299986648,2.245031634761017,0.007110051497234407,0.006774923707800877,0.007467489986648866,0.10550228530090176,0.10173223631540528,0.10936691200604771,2.110045706018035,0.006671168078126191,0.006378192950331884,0.006972386892500191,0.195408480026733,0.18915144681949334,0.20161298040392464,1.95408480026733,0.00615468833447776,0.005907475967040513,0.006397994392309453,0.349008320041162,0.3402043575766045,0.3576275937859412,1.74504160020581,0.005453336893703867,0.005282548303419863,0.005627277365580119,0.4773910192336274,0.46795828337135775,0.4868110441337237,1.5913033974454247,0.004940121816309144,0.0048134296758770645,0.0050714771181160434,0.5862388738728656,0.5771949570227172,0.5954316070969345,1.4655971846821636,0.004525072002136222,0.004429350645635049,0.004624767781189799,0.6806425189288773,0.672407174714686,0.6892846648720222,1.3612850378577546,0.004183273315429687,0.004110636520385742,0.004261149978637696,0.10236537904062658,0.0988761446984879,0.10593900718749917,0.3906058183332173,0.38314727466456205,0.3980139992557137
mipod_alpha0p03,MIPOD,0.03,wavelet_energy_stego,1000,0.003024635314941406,0.0056581115244599385,0.00541203647624188,0.005906364351953657,0.6262533251827221,0.011971603457189171,0.011393246088358523,0.012582388743458527,2.394320691437834,0.007596491228070174,0.007170080091533181,0.008048932112890922,0.023103421065314007,0.022105613654042285,0.02417224389833579,2.3103421065314005,0.007329645173597864,0.006954597481877146,0.007725314765356734,0.04493481586439129,0.04316693753464861,0.04675823121576316,2.2467407932195647,0.007115391951172992,0.006777794201792866,0.007473011634560367,0.10561548632828689,0.10185364275933152,0.10948097283901395,2.112309726565738,0.006677347981994353,0.0063883249408712905,0.0069781147478446635,0.19552131401863346,0.18923635715231685,0.20173965996188706,1.9552131401863344,0.006158503089951936,0.005911188677805753,0.0063997425040054935,0.34917237139367036,0.3403516609471527,0.35781729411032165,1.7458618569683515,0.005455969024776365,0.00528398834614431,0.005630440214385169,0.47755599153772416,0.4682196422273651,0.4870503597645566,1.5918533051257473,0.0049418765815139295,0.004815476266164821,0.0050732045445875664,0.5863749227747007,0.5773462269600864,0.5955249948894759,1.4659373069367518,0.004526044746228234,0.0044303224360563815,0.00462562989948311,0.6807744174764518,0.6725183364948265,0.68947584302117,1.3615488349529037,0.004184051513671875,0.0041112483978271485,0.004262089538574218,0.10244482296160938,0.09896798085125237,0.10601285649051315,0.3907391948830494,0.3832746273499095,0.3981532112390333
mipod_alpha0p05,MIPOD,0.05,gradient_magnitude_cover,1000,0.00551694107055664,0.008577360249450718,0.00827280224536663,0.008900681725162573,0.6022243955503522,0.007166534117319193,0.006760608026519172,0.0075849924585480975,1.4333068234638384,0.008279176201372997,0.007756636155606406,0.008832246376811593,0.01475772510485302,0.01401915407460761,0.015545831105772961,1.4757725104853021,0.008520793590232735,0.008033183899275084,0.009047396032048837,0.03016582654685057,0.028803193263958915,0.03157262126454305,1.5082913273425282,0.008696929238985312,0.008248288193782186,0.009176635514018691,0.07780727375451034,0.07477315889256461,0.0808767045063058,1.5561454750902064,0.008967421988250554,0.008548851758602273,0.009412148088807505,0.1572370414462904,0.15207435351928258,0.16273593183978255,1.5723704144629036,0.0090385671778439,0.008673204203860531,0.009430219539177536,0.30542739672242863,0.2978947040647271,0.31347664659560825,1.527136983612143,0.008712773465067042,0.00843495536821225,0.00901320357054302,0.4363502886509682,0.4276323103197625,0.44556641177790646,1.4545009621698939,0.00824496776572613,0.008030052897269942,0.008477180422923844,0.5517478957878886,0.5430005276673399,0.5610099620245876,1.3793697394697215,0.007776297468958021,0.007611012273741631,0.007959886703923402,0.653062850509341,0.6450217869828435,0.661588817428736,1.306125701018682,0.00732806396484375,0.007198608016967774,0.007473347091674804,0.07793049126147679,0.07507943451711314,0.08080797096407234,0.35532120368011555,0.3485754779238232,0.362354522400808
mipod_alpha0p05,MIPOD,0.05,gradient_magnitude_stego,1000,0.00551694107055664,0.008578315986461875,0.008273437376577175,0.00890145914553706,0.6022625857325231,0.007171606370609711,0.006761226447391691,0.007591624342899623,1.4343212741219422,0.008284515636918382,0.007755129672006102,0.00884515636918383,0.014763801510156913,0.014027440674378177,0.015550208433511481,1.4763801510156913,0.008524608927890117,0.008033546356352537,0.009049599389545976,0.030170395095353054,0.02881195630303524,0.03158014311483738,1.5085197547676525,0.008699027274461186,0.008247735075338544,0.00917799923707801,0.07782008295559922,0.07478881069952699,0.08088606658950552,1.556401659111984,0.008968795300221256,0.008549849317158768,0.009413340199893185,0.1572532022823632,0.152049755342968,0.16277020508848747,1.5725320228236317,0.009039787899595636,0.00867543202105745,0.009431897077897308,0.3054535323087504,0.2979417517437625,0.31351028616238025,1.5272676615437517,0.008713460107955522,0.008436636212783002,0.009014424745846765,0.436394863947831,0.427662967537054,0.44558578906882446,1.4546495464927702,0.008245667128670066,0.008031606436682222,0.008477138779039457,0.5517999538993181,0.5430624404768525,0.561088933237388,1.3794998847482953,0.00777703179538042,0.00761137443018177,0.007960486562780141,0.6531167181240753,0.6450492815587934,0.6616170896617477,1.3062334362481507,0.0073287353515625,0.007199056243896484,0.007473226165771484,0.07794127820369334,0.07508951334489122,0.08080306041801674,0.3553549177125624,0.34860023134112345,0.36239793736257403
mipod_alpha0p05,MIPOD,0.05,laplacian_residual_cover,1000,0.00551694107055664,0.010120968490430041,0.009707698700499794,0.010546573079425263,0.6130545856850883,0.013595866974714326,0.012982076417635761,0.014230344274010091,2.7191733949428647,0.015807780320366133,0.014948112128146453,0.01670949656750572,0.02602175097620652,0.02497152639001017,0.02714521366150763,2.6021750976206524,0.015112552460892787,0.0143763830599008,0.015916463181991608,0.04974294120849854,0.047879760472364044,0.05165035640994198,2.487147060424927,0.014418081251192065,0.013746700362387945,0.015116412359336258,0.11290234730538783,0.10907734884451098,0.11670055588126943,2.2580469461077564,0.013051422903791866,0.012499786373693447,0.013608993286030366,0.20388961679454143,0.19794766479762613,0.20964263774040617,2.0388961679454143,0.011730144197756923,0.011286750400549325,0.012165959029526208,0.3507679749860469,0.3430502353195362,0.3583984277841899,1.7538398749302346,0.009997367868927503,0.009700492570905415,0.010290379847031223,0.46878207042996745,0.46098798592372564,0.47694350271808583,1.562606901433225,0.00884270691606373,0.008629130691860686,0.009057346171941557,0.5688633675600029,0.5615074942811376,0.5768701949685606,1.4221584189000072,0.00800060081252742,0.007842184668790173,0.008164702979267201,0.6565732990579548,0.6500696521258171,0.6636713343480728,1.3131465981159096,0.007352256774902343,0.007232175827026367,0.007479559898376465,0.10871335603444142,0.10527231691795517,0.11217449951645375,0.38547164538734136,0.3791380110207518,0.3919978088164887
mipod_alpha0p05,MIPOD,0.05,laplacian_residual_stego,1000,0.00551694107055664,0.011672647347056853,0.010926775347483634,0.012499664243998197,0.6361788991376168,0.015685319223154203,0.014585636574024348,0.016979630220970147,3.1370638446308403,0.018037376048817697,0.016730377574370712,0.019446300533943556,0.029641790364442616,0.027887955908667824,0.03155464461655543,2.964179036444262,0.01704196871423121,0.016005265165967182,0.018094248378481493,0.05574909533139677,0.05298388091024731,0.05862855658747488,2.787454766569838,0.01601945451077627,0.015180359526988367,0.016880073431241656,0.12569402260069348,0.12097245797589191,0.13041983939249766,2.51388045201387,0.01443274586099031,0.01380099565117876,0.015061472877088578,0.22456368580255245,0.21756289097429432,0.23144716930758144,2.245636858025524,0.012849927519645992,0.012366968986037995,0.013327973601892118,0.3808640607491202,0.37212933476494053,0.3895109625314385,1.904320303745601,0.010820461958076639,0.01050399540330733,0.011132182093879341,0.5034497783343574,0.49454055937165975,0.512163556845282,1.6781659277811918,0.009477092684663607,0.009249252635326728,0.009704123380339,0.6040460336372083,0.5958161843059352,0.6122721365326773,1.5101150840930209,0.008483949722481834,0.008318906282782429,0.00865254558545843,0.6895359422887677,0.6822320488863447,0.6966235765625087,1.3790718845775354,0.0077137680053710935,0.007589822387695312,0.007842160606384277,0.12057574979568576,0.11635719957406104,0.12488104858039491,0.4131970873124064,0.4058883554186291,0.4204102601875072
mipod_alpha0p05,MIPOD,0.05,local_entropy_cover,1000,0.00551694107055664,0.009773353046863716,0.009339166955789794,0.010267685155077533,0.6252030120460954,0.008609788819449356,0.008081072122076063,0.00914938972147532,1.7219577638898713,0.01009534706331045,0.009361441647597255,0.010836784897025172,0.017669212647665994,0.016666448417836478,0.0187378504985287,1.7669212647665995,0.010353681800839374,0.009648483403281189,0.011091606257153759,0.03541525264259712,0.03357434567095692,0.037418893301408844,1.7707626321298564,0.010367537669273319,0.009719168415029563,0.011076692733168032,0.08891566343776597,0.08495785617795633,0.09330621390754648,1.7783132687553194,0.010363241016250857,0.009816588464179446,0.01097672236209659,0.17404244712974706,0.16739686941619347,0.18111885256947363,1.7404244712974706,0.010086213473716334,0.009625109674219883,0.010578505760280766,0.32825569442770064,0.3186553933918484,0.338394158633861,1.6412784721385028,0.009416105590417518,0.009078845677010814,0.009784371721757043,0.46271017197483943,0.45179270900458446,0.47425272666098695,1.5423672399161317,0.008774588965324313,0.008520947191739889,0.009057575054359572,0.5803996015795795,0.5694323301316144,0.5921272084368621,1.4509990039489484,0.008199593736290985,0.00800188564534895,0.008417090970646015,0.6836286636841298,0.6737049070308299,0.6942467252954483,1.3672573273682596,0.007681671142578125,0.007532142829895019,0.007848720932006836,0.08791560807561001,0.08426537360073437,0.09192189294841059,0.3776233262929336,0.36909133934653315,0.3866857030297196
mipod_alpha0p05,MIPOD,0.05,local_entropy_stego,1000,0.00551694107055664,0.00977549529453282,0.009341733156382355,0.01026939984795379,0.6253658618234451,0.008613755805390061,0.008081517920817146,0.009143832053779739,1.7227511610780124,0.01009534706331045,0.009368916857360795,0.010828394355453852,0.01766581169989049,0.016667730204905862,0.018729220870521944,1.7665811699890492,0.010350629530713468,0.009648950782144219,0.011082458985120183,0.03543137224934344,0.033602034478136165,0.03745027324917738,1.7715686124671717,0.010371733740225063,0.009724499332443258,0.011076220675185962,0.0889553424608094,0.08499600590882705,0.09332685021023202,1.7791068492161877,0.01036789501792935,0.009818932631418326,0.010976169222552833,0.1741351372062955,0.16749305445432588,0.18124453015267472,1.7413513720629552,0.010091821164263371,0.009630802243076218,0.01058412680247196,0.32836549696336437,0.3187646162762544,0.33852473040935954,1.6418274848168217,0.009419100116347823,0.009081474470235938,0.009786544660397873,0.4629198233760516,0.4519086908707842,0.47445475444947804,1.5430660779201721,0.008778492682120468,0.008524945004641226,0.009061000025431379,0.5807087934863037,0.5696988373218466,0.5923643562070846,1.4517719837157592,0.008203866180930401,0.008005468586087852,0.008421154799824526,0.6838036993220111,0.6738753088470615,0.6943882457312075,1.3676073986440223,0.007683601379394531,0.00753383846282959,0.00784951992034912,0.0879578194035276,0.08431924643148264,0.09196702996266592,0.3777842702986801,0.36923731393356596,0.3868429593931499
mipod_alpha0p05,MIPOD,0.05,local_variance_cover,1000,0.00551694107055664,0.00836391548550437,0.008068155089091693,0.008688296380675177,0.6086674973315384,0.005399181041907975,0.005060493113287494,0.0057644215337262356,1.0798362083815949,0.0061975591151792525,0.005771128909229595,0.0066591151792524785,0.011365945681373906,0.010730171295513777,0.012022968309282954,1.1365945681373908,0.006520412056466997,0.006115547500953834,0.00695309042350248,0.02412011413551246,0.022860393985171396,0.02539700610601934,1.206005706775623,0.006914743467480449,0.006517242037001716,0.007333411214953272,0.06587432637268564,0.06299708237449977,0.06892122084725175,1.3174865274537129,0.007555962462806134,0.007176783398184176,0.007962220569161517,0.1404267283865198,0.13519526700771864,0.14596740551249762,1.4042672838651975,0.008052109559777218,0.007685711833371481,0.008442099641412985,0.2897336602443187,0.2811198209747866,0.29860295821036986,1.4486683012215935,0.00827984512388182,0.007977495279330143,0.008602133838143015,0.42982438132899614,0.41938146829751305,0.44053495532549114,1.4327479377633208,0.008138397568760095,0.00789576917208143,0.008394228984143534,0.5556497974575291,0.5450079699954058,0.5664948694327459,1.3891244936438225,0.007846640218199852,0.007652376070495337,0.008054691582902592,0.6663803861958923,0.6563895361046155,0.6766435016286342,1.3327607723917847,0.007487739562988281,0.007339667129516602,0.0076490978240966795,0.06740284045100511,0.06467232396479895,0.07031410735253701,0.349202847354611,0.34126258044437624,0.3573052885591277
mipod_alpha0p05,MIPOD,0.05,local_variance_stego,1000,0.00551694107055664,0.008369912305470024,0.008071457633698032,0.008696615940407026,0.6088739545129354,0.005406159321788637,0.0050669491787171655,0.005774378066895223,1.0812318643577274,0.0062044241037376045,0.005777974828375286,0.006664549961861174,0.011366562457673852,0.010730376688522926,0.012022945379642332,1.1366562457673854,0.006520793590232735,0.00611597672644029,0.006952718428080885,0.024129644536757554,0.022866892309923167,0.025420766841609856,1.2064822268378774,0.006917222963951935,0.006518591455273698,0.007335318519931338,0.06590558329575032,0.06300557340645102,0.06895864744147347,1.3181116659150065,0.007559548332951857,0.00717683299000534,0.007966899366750591,0.14056670698319157,0.135264366432335,0.14618783106782401,1.4056670698319158,0.008059662775616082,0.007688014991989013,0.008449415388723583,0.28991956402982166,0.2811983134074775,0.2988614327578407,1.4495978201491087,0.008284861431650423,0.00798180396345534,0.008607355661942819,0.43004683146132233,0.4195997436096303,0.44082081653063315,1.4334894382044077,0.008142339432625918,0.007900599862670549,0.008397971529570336,0.5559515276476551,0.5452962356983738,0.5666733382092422,1.389878819119138,0.007850702855290012,0.007657294388601728,0.00805732371397509,0.6666126924807974,0.6565521903252222,0.6767835882963337,1.3332253849615947,0.007490211486816406,0.007342799949645996,0.007651787567138671,0.06745263912186451,0.06470073617752149,0.07039479095419898,0.3493920523985316,0.3414482349460095,0.3574615438047839
mipod_alpha0p05,MIPOD,0.05,oracle,1000,0.00551694107055664,0.025597950414965164,0.0241210624370479,0.0271619276045199,0.7532767275804437,0.04175749307215816,0.03985115125756287,0.04372052496019103,8.351498614431634,0.04902822273073989,0.04642158657513349,0.05177213958810068,0.07193215404087083,0.06883766782107081,0.07509599558632903,7.1932154040870815,0.042160625715375814,0.04000233689431515,0.0443830122090805,0.12134474059319295,0.11660554808443258,0.12635355513582786,6.067237029659648,0.03543181384703414,0.03377265401487698,0.03720812988746901,0.23333426911404148,0.22563194250061147,0.24153463349510415,4.666685382280829,0.02704814221408408,0.025939126039520866,0.028186268787670707,0.3672507842871649,0.3571429394398243,0.37738639341331764,3.672507842871649,0.02109925993743801,0.02037832932784009,0.021838111314564732,0.5487100190729419,0.5380997671176542,0.5595311101091698,2.7435500953647094,0.015574624730588033,0.015175086307196401,0.015992489366571935,0.672935894149785,0.6632774743712537,0.6827685415591404,2.2431196471659507,0.012631779052172476,0.01237408415243569,0.012898463308876824,0.7648494124291901,0.7565270791699663,0.7733197131128657,1.9121235310729754,0.010705096416105592,0.010525783917297681,0.01088708348433119,0.8352027765466618,0.8283294837702311,0.8419880663377654,1.6704055530933235,0.009310661315917968,0.009182125663757323,0.0094395845413208,0.2168981380427196,0.21011815748748128,0.224047537948229,0.5609240488223101,0.5524505859896713,0.5695380482786091
mipod_alpha0p05,MIPOD,0.05,srm_residual_cover,1000,0.00551694107055664,0.010875675444729734,0.010404767914501702,0.011370603980742161,0.6410942608204371,0.012666924935346827,0.01208464189879146,0.013276944094741248,2.5333849870693657,0.014742944317315028,0.013938100686498856,0.015576029748283753,0.024483844876199718,0.023426462187120585,0.025586208724232014,2.448384487619972,0.014252193819152995,0.013529149179702401,0.015029015642884393,0.04719803404356246,0.04535835982872034,0.04915158866337693,2.359901702178123,0.013707610146862483,0.013052765592218197,0.014418677283997712,0.11142431789515331,0.1075802262122977,0.11555392758660463,2.228486357903066,0.012911650263218128,0.012339497978179598,0.013528204394598306,0.20776680622830362,0.20129426576211656,0.21441722464455298,2.077668062283036,0.011987830930037385,0.01150199034866865,0.012483340009155413,0.36866971392554,0.35990623121237686,0.37789405416572797,1.8433485696276999,0.010537698601918787,0.0102036582807225,0.010876363749070172,0.4992476660283295,0.49001398900143844,0.5093209257611875,1.6641588867610984,0.009439721272077616,0.009198503363299977,0.009692538115280445,0.6079373281746335,0.5992098652595816,0.6175082379836617,1.5198433204365838,0.008567062122107994,0.008387475681397699,0.008758251635545214,0.700696576042314,0.6927239976603351,0.7091844114175138,1.401393152084628,0.007858261108398438,0.0077218854904174804,0.008005254745483397,0.10842067013633204,0.10480523801787148,0.11228243450220478,0.4077014138800288,0.40036478302640266,0.41545982090047867
mipod_alpha0p05,MIPOD,0.05,srm_residual_stego,1000,0.00551694107055664,0.011865876486140965,0.01125662645005087,0.012503766147757656,0.6584698229035705,0.013953654222584067,0.01311788099334769,0.01482724939904447,2.7907308445168133,0.016107551487414187,0.015089759725400458,0.017137471395881006,0.026749611054639785,0.02536769088035964,0.028172439304679123,2.674961105463978,0.015457077451354446,0.014577785196489888,0.016352537199542157,0.05110071305886389,0.04887222429450498,0.05341633211735811,2.555035652943195,0.014750905969864583,0.014011801449551784,0.015502331680335685,0.11943982745214571,0.11513698189343935,0.12391123184369696,2.3887965490429144,0.01377409018081941,0.013169750896467535,0.014409256504158084,0.22143328245868515,0.21454617216364394,0.2285003116252321,2.2143328245868514,0.012728465705348288,0.012237479018844895,0.013245511940184635,0.3898256556724751,0.38047070035149005,0.3992357927393938,1.9491282783623756,0.011114497701653665,0.010776302237311413,0.011471458067100268,0.5241009305343638,0.5144149791802813,0.5339639448056925,1.747003101781213,0.009892972038197933,0.009650149091463956,0.010151996045420445,0.6342582548752587,0.6250037292970522,0.6434210734938659,1.5856456371881464,0.00892719678040779,0.008743538881153562,0.009118497396479047,0.7254990916779214,0.7172470267183826,0.7336686203220243,1.4509981833558427,0.008129234313964845,0.00799084014892578,0.008273556327819825,0.11605829774752954,0.112070398481293,0.12019971829823621,0.42754186517958603,0.4197585342616943,0.4353227608317823
mipod_alpha0p05,MIPOD,0.05,texture_energy_cover,1000,0.00551694107055664,0.010434626929611376,0.009995841035721521,0.010890138590836356,0.6322318432915236,0.012526441277621297,0.011966733061301475,0.013104586708122095,2.5052882555242593,0.014551487414187644,0.013779538520213578,0.015369317315026696,0.024199685823476515,0.023199437075231397,0.02523746607465616,2.4199685823476513,0.014035482640213658,0.013342846241892406,0.014766634872186187,0.04656347143580044,0.04475407404119111,0.048433935180447064,2.328173571790022,0.013494945641808127,0.01286123402632081,0.014156017547205798,0.10894610215058867,0.1052835293778189,0.11275687126807836,2.1789220430117733,0.01259594110017548,0.012058690012970169,0.013158102540627145,0.20231271985029764,0.1961871390912257,0.20842332062178265,2.023127198502976,0.01165445944914931,0.01119159132524605,0.012121478027008472,0.35874984504438173,0.3504895758512893,0.367338162967574,1.7937492252219087,0.01024703885254344,0.009927401819603655,0.01057264586393027,0.4862982349588116,0.47732065391454037,0.49556084300474673,1.6209941165293722,0.009194499192553692,0.008961160561016238,0.009438636941622267,0.5943276722268652,0.58571415019834,0.6033858631643833,1.485819180567163,0.008376690381277538,0.0082030479314883,0.008562733410898549,0.6874549536406067,0.6795162036005328,0.6955970134632695,1.3749099072812134,0.007711738586425781,0.0075795280456542975,0.007856053352355957,0.10591061361061176,0.10249803014375976,0.10943541514472871,0.3980340405172245,0.39098795518453294,0.4053566619945737
mipod_alpha0p05,MIPOD,0.05,texture_energy_stego,1000,0.00551694107055664,0.011644790718210202,0.010941544191551366,0.012402425329091527,0.6514534313773764,0.014171403290576173,0.013105632362689778,0.015421480084219584,2.834280658115235,0.01626849733028223,0.015051067887109077,0.017612662090007628,0.026729446742500912,0.02519537179181557,0.02842061656603251,2.6729446742500915,0.015375047691720718,0.01443176268599771,0.016352928271652037,0.050902123946522125,0.04840624773533533,0.05355487565732469,2.545106197326106,0.014644287621590693,0.013872739843600991,0.015465596986458136,0.11805904090649336,0.11361182132657058,0.12265121020263073,2.361180818129867,0.013574349584191655,0.012973502708476387,0.014178877698939496,0.21712316029198933,0.21024535725379295,0.22401147169582764,2.1712316029198937,0.012451667048142212,0.011966148813611046,0.012933411535820553,0.3810743363460983,0.37190218512857215,0.39007073376334306,1.9053716817304913,0.01085374506475424,0.010523597627267353,0.011191676362318565,0.5134613521570593,0.5037825008054011,0.5228541814287367,1.7115378405235315,0.009688974225296593,0.009448076751904174,0.009937580585684678,0.6230652279541308,0.6139423029330923,0.6320346305305593,1.5576630698853269,0.008769249842644338,0.00858784308302657,0.00895601456255126,0.7153976190923368,0.7070429334597579,0.7234223139996303,1.4307952381846736,0.008017478942871093,0.007882088661193849,0.008160713958740233,0.11439810989511548,0.11033078361269891,0.11858069769786499,0.41965188320891345,0.41187249065985854,0.4272457552538192
mipod_alpha0p05,MIPOD,0.05,uniform,1000,0.00551694107055664,0.00551694107055664,0.005482725143432617,0.005552416133880615,0.5,0.005,0.005,0.005,1.0,0.0055157627765064846,0.00548155415713196,0.005551230263157895,0.01,0.01,0.01,1.0,0.005517867226249523,0.00548364555513163,0.005553348244944678,0.02,0.02,0.02,1.0,0.00551681480068663,0.005482599656685104,0.005552289052069426,0.05000000000000001,0.05000000000000001,0.05000000000000001,1.0,0.005517025253681239,0.0054828088044556345,0.005552500858319981,0.10000000000000002,0.10000000000000002,0.10000000000000002,1.0,0.005517025253681239,0.0054828088044556345,0.005552500858319981,0.20000000000000004,0.20000000000000004,0.20000000000000004,1.0,0.005516920025176906,0.005482704228575789,0.0055523949531747704,0.2999999999999999,0.2999999999999999,0.2999999999999999,1.0,0.005516955100899,0.0054827390867591514,0.005552430254440954,0.4000000000000001,0.4000000000000001,0.4000000000000001,1.0,0.005516920025176906,0.005482704228575789,0.0055523949531747704,0.5,0.5,0.5,1.0,0.00551694107055664,0.005482725143432617,0.005552416133880615,0.05000000000000002,0.05000000000000002,0.05000000000000002,0.25,0.25,0.25
mipod_alpha0p05,MIPOD,0.05,wavelet_energy_cover,1000,0.00551694107055664,0.010172264682660444,0.009724613111498194,0.01062505135498875,0.6254285545055674,0.011801661400032299,0.01127082627948598,0.012375524174588506,2.36033228000646,0.013716247139588102,0.01297709763539283,0.014511975591151794,0.022814938426020673,0.021836136034883866,0.023831980665142746,2.281493842602067,0.013258298359404804,0.012575677222434184,0.013979044257916825,0.044422243716387345,0.042667390714471044,0.04623075005163546,2.2211121858193668,0.0128872782757963,0.01226184436391379,0.01352167652107572,0.10449491540983158,0.10069252670135641,0.10820556127171499,2.0898983081966316,0.01209750514991989,0.011555140383001448,0.012639820325017167,0.19437850426776332,0.18813818614436498,0.20047217994003158,1.943785042677633,0.011204928664072637,0.010746547646295871,0.01164807450217441,0.3475121308839044,0.3390055192687766,0.35596507513796133,1.7375606544195221,0.0099314120048065,0.00961070781437754,0.01025584409391749,0.475628752539796,0.4663094487272456,0.48505366065119715,1.5854291751326537,0.008997431430642269,0.00875892387116463,0.009239560100708264,0.5844527614541019,0.575605476641242,0.5936500789399112,1.4611319036352548,0.008242470769993706,0.008062601089091915,0.008430096892940931,0.6791606802209876,0.6710972622100493,0.687797414024676,1.3583213604419753,0.0076231460571289066,0.007487734222412109,0.007766592979431152,0.1015782444261041,0.09804672080988476,0.10500382184790688,0.3891882963096564,0.38168331607375017,0.39664262337457973
mipod_alpha0p05,MIPOD,0.05,wavelet_energy_stego,1000,0.00551694107055664,0.010176650303783681,0.0097299608326736,0.010629620865330657,0.6255274050275402,0.011780024847523217,0.011249100614587806,0.01235277651089472,2.356004969504643,0.01369260106788711,0.012949580472921433,0.014495137299771166,0.022811950353780915,0.021842391531080835,0.023824419518870394,2.2811950353780914,0.01325982449446776,0.012578777184280807,0.013978290728729493,0.044523395534405596,0.042771526497204206,0.046345330862694094,2.2261697767202797,0.012916650772458517,0.012289848369254244,0.013562311653633417,0.10463581947417151,0.10084545043678803,0.10837559016643737,2.09271638948343,0.012113450827801938,0.011570426108186467,0.01265971618219272,0.19449193883424873,0.18822817830547103,0.2006155662236215,1.9449193883424873,0.011211718928816665,0.010749844548714428,0.011656616693369955,0.34764160773597386,0.33917752500843135,0.3560887905256749,1.7382080386798693,0.009935245760933836,0.00961431125903603,0.010260610063132999,0.4756652071891021,0.466425595788021,0.4850849274756182,1.5855506906303403,0.008998181656345763,0.00876003554035324,0.009239706013249749,0.5845314435543298,0.5757351771615855,0.5937159677565222,1.4613286088858248,0.008243538881153561,0.008062850235556659,0.008430322912891721,0.6793104096025729,0.6712526558555741,0.6879021926766118,1.3586208192051459,0.007624755859375,0.00748935604095459,0.007768779373168945,0.10168188912402164,0.09813297343210535,0.10511799707143779,0.3892842643643677,0.38181556938926764,0.3967641803432874
mipod_alpha0p1,MIPOD,0.1,gradient_magnitude_cover,1000,0.012689144134521484,0.019527171663800007,0.01882768657881167,0.020265720728933522,0.6013387747214562,0.007075278603912765,0.006706815941057069,0.00746422621487793,1.4150557207825527,0.018889397406559878,0.017739092295957284,0.020134363081617087,0.014572098866675794,0.01389170612528396,0.015294698786005293,1.4572098866675793,0.019438763830599008,0.018350991987790922,0.0205993418542541,0.029893353489173293,0.02860932446157232,0.031249021796168966,1.4946676744586644,0.019931527751287433,0.018901296967385087,0.02102687392714095,0.0773430069750694,0.07444573641139446,0.0803456898885218,1.546860139501388,0.020612497138933396,0.019651569771877625,0.021642034790569923,0.15613738075615788,0.15111251791623972,0.16142595264765747,1.5613738075615788,0.020754596780346378,0.019886371786068512,0.021671230067902652,0.30321117692570726,0.29575755375103757,0.3110033640529293,1.5160558846285361,0.01998310095557802,0.019332282229300578,0.020680572774609475,0.4335655206737904,0.42496419040063876,0.4425917455440729,1.4452184022459678,0.018913024681154078,0.018415387256335593,0.01946428957440586,0.548945901764182,0.5403224958057272,0.5580184205908348,1.3723647544104551,0.017849119761963798,0.0174580752064697,0.018276505607583593,0.6507210697354234,0.6428554467594293,0.6593144509673031,1.3014421394708469,0.016834815979003905,0.01652707004547119,0.017176670837402343,0.07739689002209821,0.07467340822339757,0.0802424680436054,0.3533097429263137,0.34668965135896923,0.36032928066217657
mipod_alpha0p1,MIPOD,0.1,gradient_magnitude_stego,1000,0.012689144134521484,0.01953165210740383,0.01883086531021977,0.02027206174659652,0.6014052566193447,0.007082254733716999,0.006713022766967946,0.007473932067475834,1.4164509467433997,0.018906941266209003,0.01775200228832952,0.020163253241800155,0.014575232019256546,0.013891872328647178,0.015300375404179117,1.4575232019256545,0.019442960702022127,0.018357086989698592,0.020612762304463947,0.029907268460377424,0.02861496640881657,0.031267944546798626,1.495363423018871,0.019943162311653634,0.018912178142284953,0.021042346938775512,0.07737229396816278,0.07448106582805386,0.08036603304334636,1.5474458793632555,0.02062066071564813,0.019655573357747768,0.02164760051880674,0.156181152499071,0.15118396908219134,0.16147399779460467,1.56181152499071,0.020760395208667123,0.01989085984588388,0.02167766937514305,0.3032769621220867,0.295830761200661,0.31107887424850406,1.5163848106104336,0.019987621354593834,0.01933824743939423,0.020685619599839784,0.43364277264388046,0.425061672147029,0.4426685798613804,1.445475908812935,0.018916254466386073,0.01841736804292817,0.019466128581056168,0.549035162734034,0.5404289364974193,0.5581393179403685,1.3725879068350846,0.017852076141066965,0.017461556581281353,0.01827948630528906,0.6507891189803793,0.642908488431748,0.6593872067138795,1.3015782379607586,0.016836799621582032,0.016528294944763183,0.01717905731201172,0.07742291454223844,0.07470354779826253,0.0802681624014145,0.35337258955639295,0.34674615405136205,0.360400238829776
mipod_alpha0p1,MIPOD,0.1,laplacian_residual_cover,1000,0.012689144134521484,0.022792060939140064,0.021867257746188053,0.023720147396079923,0.611843713246602,0.013284508663183725,0.012717265586389548,0.013878444790978757,2.6569017326367455,0.03570938215102974,0.03381081235697941,0.037645537757437064,0.025445489596797842,0.024445915209419296,0.02649081351154523,2.544548959679784,0.03415757344524991,0.03247210988172453,0.035912647844334226,0.048463488287659645,0.04674165413725058,0.05027041363597191,2.423174414382982,0.03247472820904062,0.031002055121113866,0.03401835304215144,0.1108588435333115,0.10728818182416937,0.11446421216538882,2.21717687066623,0.02962111848630503,0.028346591515983826,0.030881937132829787,0.20081161979405682,0.19526809529076705,0.20644312306416007,2.0081161979405677,0.026698290989547572,0.025672681582360572,0.027697298199435415,0.34713879372224027,0.3398410328810184,0.35450855055623137,1.7356939686112012,0.022849949455454044,0.022163208815731753,0.023525682351370425,0.46549095219472253,0.45786638602886437,0.473516109333338,1.5516365073157419,0.020264664369365363,0.01976725042279669,0.020770327937642257,0.5658683804651627,0.5586818176313179,0.5736303122800951,1.4146709511629072,0.018356024337675712,0.0179800406263709,0.018746437086345345,0.6541470036341518,0.6476546461041662,0.6612140564930576,1.3082940072683036,0.01688390350341797,0.01659643840789795,0.017190542984008787,0.10681177717228975,0.10355396102486587,0.1101057274081448,0.38255784305370394,0.37639728196987415,0.3889950888068502
mipod_alpha0p1,MIPOD,0.1,laplacian_residual_stego,1000,0.012689144134521484,0.02585828782899427,0.024484970604511547,0.027299113383644207,0.6353835532395854,0.015141595941509533,0.014197275151111178,0.016188587491940555,3.0283191883019063,0.0402418001525553,0.037587299771167045,0.04297944317315028,0.028776672364250643,0.027222730185756064,0.030455740022271863,2.8776672364250646,0.03822472338801984,0.036055618084700494,0.04045841281953454,0.05441207123205563,0.0518504256067808,0.05704084626509269,2.7206035616027813,0.03611043295823002,0.034303604806408546,0.03795130650390997,0.1231892296026056,0.11876552309665558,0.12758285222301566,2.463784592052112,0.03265743495841917,0.031255733577477685,0.03405966659037155,0.2213573601728636,0.2146535807701633,0.22804912630994872,2.213573601728636,0.02924368657969024,0.028152081902800028,0.030344028000305178,0.37774956984309066,0.3692507575161256,0.3861093952032252,1.8887478492154532,0.024770031852600658,0.024034781323313437,0.025495971695054267,0.5005661366933967,0.49180341897330976,0.5092778415825308,1.668553788977989,0.02173906132777234,0.02120619095151507,0.02226436332540722,0.6014981993622501,0.5934676543678594,0.6096241970877339,1.5037454984056253,0.019479324419691395,0.019083385149440194,0.019876835816056,0.6873451538467337,0.6801452810274892,0.6945853923903611,1.3746903076934673,0.01772075653076172,0.017416082954406737,0.018025914192199708,0.11841277635506356,0.11437975252440201,0.12243112375347945,0.4105155878527199,0.40340280147214624,0.41762700655109103
mipod_alpha0p1,MIPOD,0.1,local_entropy_cover,1000,0.012689144134521484,0.022136380235721113,0.021164380284775,0.023207838140792178,0.6239942739406437,0.008537041527079648,0.008061880232127998,0.009047322545086283,1.707408305415929,0.023194508009153316,0.021672540045766592,0.02483613653699466,0.017393538522012555,0.016506505934061364,0.018376208413267783,1.7393538522012557,0.02361007249141549,0.022104444868370855,0.025261131247615413,0.03500194449862149,0.033297614824738773,0.03690166945501664,1.7500972249310744,0.023728399771123402,0.02231251668891856,0.02535149246614533,0.08752765982188825,0.08374877044925307,0.0916702841941863,1.7505531964377647,0.023621499961852446,0.02238152323186084,0.024992448691538872,0.17179539662080892,0.16548269314675657,0.17863927966277124,1.7179539662080892,0.023047379262989245,0.02199211585412375,0.02418333905546654,0.32515087305999796,0.31571620948480256,0.33503703183362404,1.6257543652999893,0.0215660798413092,0.0207800940319289,0.022416149936104062,0.45953458622428345,0.4488085531417218,0.4708307086714104,1.5317819540809448,0.02012931856617881,0.019524089238711646,0.02077633959792989,0.5770693208170322,0.5663491302729962,0.5886199304328505,1.4426733020425804,0.01881520723263843,0.018349072078429878,0.019328998025901697,0.6804250831195618,0.6706600828979609,0.6909268922961036,1.3608501662391237,0.017631523132324217,0.017276603889465333,0.01802875099182129,0.08669166944918674,0.0831942400746436,0.09052778628777695,0.37491133788413716,0.36672704870469525,0.3838708851740095
mipod_alpha0p1,MIPOD,0.1,local_entropy_stego,1000,0.012689144134521484,0.02214749895638019,0.02117587645436464,0.02321832281779971,0.6241874694451489,0.008551811870870974,0.008078803290358209,0.009058127679555843,1.7103623741741945,0.02322883295194508,0.021689511823035853,0.024877307398932107,0.01740927503757086,0.01652313380129209,0.018388907628142385,1.7409275037570857,0.023633727584891264,0.02212078405188859,0.02527591568103777,0.035021014683746736,0.03330755059793944,0.036920769261883174,1.7510507341873367,0.023740225061987412,0.022308845126835782,0.025351497234407785,0.08756124635701663,0.08380925094317968,0.09172231946928787,1.7512249271403326,0.023628976882581827,0.0223779621576257,0.02500214007782101,0.1718874850806573,0.16558508360940075,0.17877398314028722,1.7188748508065728,0.023060578316929883,0.021996372167544062,0.024198014419775687,0.32534637257682014,0.3159003037023125,0.33524346472517164,1.6267318628841008,0.021579278643498824,0.02079365189112896,0.022427468099715808,0.4597649947354821,0.44906228026221523,0.47105899245234856,1.532549982451607,0.020139376676881603,0.01953268409140038,0.020787997660313057,0.577358804144977,0.5667049022192635,0.5888985486777603,1.4433970103624423,0.01882431478761754,0.018358197991569552,0.019337625169276545,0.680665032323327,0.670861347979808,0.6911768392905939,1.361330064646654,0.017637664794921876,0.017282556533813477,0.018034497261047364,0.08673385897108168,0.08324296957709154,0.09057419582447805,0.3750960578260706,0.36690899479564465,0.3840402043716501
mipod_alpha0p1,MIPOD,0.1,local_variance_cover,1000,0.012689144134521484,0.019086457379239165,0.01839697154472539,0.019848891450285528,0.6078099926890184,0.005358547994562136,0.005034952423812621,0.0056914669432631204,1.0717095989124268,0.014233409610983981,0.013287566742944318,0.015247959572845155,0.011345917760484464,0.010719404032992395,0.011985146483451897,1.1345917760484463,0.015053414727203358,0.014119248378481495,0.016035921404044258,0.02397715587228796,0.022797379558327828,0.025228836067334035,1.1988577936143978,0.01588670608430288,0.015003604806408546,0.016839404920846842,0.06542948612944181,0.06267815307712561,0.0683710972245911,1.308589722588836,0.01735782406347753,0.016491927977416648,0.01830063515678645,0.1394813287329953,0.1343221169590615,0.14486806532409183,1.3948132873299526,0.018498321507591363,0.01765607118333715,0.019399174105439843,0.2880897658217947,0.2795980411923571,0.29682370223711174,1.4404488291089736,0.019025634667836508,0.01831558917774514,0.01978758416143737,0.42729870885488824,0.41712719414077704,0.4376750977776734,1.4243290295162943,0.018684256704347493,0.018115937527815575,0.019286658698167668,0.5528872845160118,0.5423325815165058,0.5635463197962695,1.3822182112900292,0.018017814568273286,0.017563514228766522,0.01850535438402411,0.6635896000581897,0.6537581965075213,0.6738100520698995,1.3271792001163794,0.017194572448730468,0.016839673805236818,0.017582624435424802,0.06695642904124756,0.06427259450143631,0.06973286560719012,0.34735353052590695,0.3396917775704506,0.3552149725840306
mipod_alpha0p1,MIPOD,0.1,local_variance_stego,1000,0.012689144134521484,0.01910057753628563,0.018408684687536283,0.01985662156915516,0.6080396787738507,0.005363268400494174,0.005039551127498486,0.005695771548841684,1.0726536800988349,0.014244088482074752,0.013289855072463769,0.015248112128146453,0.011355039653495914,0.010730087851950114,0.011999163378647976,1.1355039653495915,0.015064479206409768,0.01412816673025563,0.016048912628767644,0.023996165447248682,0.022810378512911858,0.025246638759268396,1.199808272362434,0.01589853137516689,0.015011591646004196,0.01685365248903299,0.0654738545188442,0.06269277027801526,0.0684021983414969,1.309477090376884,0.017368886854352637,0.016501094834821085,0.018315829327840087,0.13960119560229828,0.13444447716724198,0.1450150781322491,1.396011956022983,0.01851266498817426,0.01767270923933776,0.019417817769131,0.28829402653930913,0.2798187973604033,0.29714169176420696,1.4414701326965456,0.019038318487859772,0.018334822331152606,0.019803898605733464,0.42754706697761474,0.41737102747307725,0.43790023443803117,1.4251568899253826,0.018694581844537973,0.01812588119730936,0.019297980748445506,0.5532188596014023,0.5426628260123413,0.5639347111729853,1.3830471490035061,0.018028114211600454,0.01757566303953919,0.01851741235766465,0.6638540713849906,0.6540102139228869,0.6740248935140514,1.3277081427699813,0.017201171875,0.016846335792541505,0.017589386940002442,0.06700886519159889,0.06435224615750189,0.06978143791172564,0.34755929036071387,0.3399079512046492,0.35543738090540467
mipod_alpha0p1,MIPOD,0.1,oracle,1000,0.012689144134521484,0.052988700629984384,0.050157163112197395,0.05584925491109037,0.7503068515847977,0.03771751099038893,0.036204277849635834,0.03932873437305276,7.543502198077785,0.10183829138062547,0.09690907704042717,0.10703007246376811,0.06621942994728511,0.06368803589904566,0.06890221324441875,6.621942994728512,0.08938382296833271,0.08522520984357117,0.09379169210225105,0.1137578979995185,0.10968253325714425,0.11807728766486517,5.687894899975925,0.07661071905397673,0.07318858954796872,0.08023545203127981,0.22356376997609687,0.2165424769763718,0.23092964319249148,4.471275399521938,0.059879835202563514,0.057461520561532003,0.0624309662775616,0.35678925764063857,0.34737827504594343,0.36645457801686165,3.567892576406386,0.04738532845044632,0.0457276436255436,0.04909584287022202,0.5393004220797247,0.5288432650705674,0.5499539202439526,2.6965021103986238,0.0353556047225772,0.034420434301626966,0.036339055675294205,0.6652424914450151,0.6555612153213504,0.6748275407934742,2.2174749714833837,0.02881403303536233,0.02818814230128556,0.02945284608928957,0.7587547417980145,0.7503598295834485,0.7671156482481081,1.8968868544950361,0.024484235823685366,0.024045815054645328,0.02492370348471266,0.8308385370707797,0.8239860759526677,0.8376080523081674,1.6616770741415594,0.021338996887207032,0.02102502384185791,0.02165241413116455,0.20822673479606796,0.20204310095858302,0.21469447422714913,0.5530676574949063,0.5447204500323345,0.5615077579376178
mipod_alpha0p1,MIPOD,0.1,srm_residual_cover,1000,0.012689144134521484,0.024440035103004534,0.023401969814019492,0.02552744730405255,0.6394883215638851,0.012367918181845773,0.01185629119996096,0.012916145039938516,2.4735836363691543,0.03329214340198322,0.03159605263157894,0.03511224256292906,0.0238506174254706,0.022897508416403443,0.02486444768165628,2.3850617425470606,0.03209614650896604,0.03051077832888211,0.033783813429988555,0.04604406475835204,0.04435552856672472,0.047895763024130525,2.3022032379176016,0.030925042914362006,0.02948022124737746,0.03250811558268167,0.10903267522063519,0.10540286719443114,0.11294677632136148,2.1806535044127036,0.02921660181582361,0.027905836575875486,0.03059888036926833,0.20434295087290133,0.19823240644786716,0.21066950767421902,2.043429508729013,0.0272607385366598,0.026151601243610285,0.028383393415732046,0.36427012439152623,0.3557307414273542,0.3732039504970347,1.8213506219576312,0.02405735375460146,0.02328034627782334,0.02483770956913159,0.4947616583327542,0.4858676688098546,0.5046687138539172,1.6492055277758477,0.02159846394466132,0.021035014559464923,0.022192706598171488,0.6040156985701027,0.595336372643461,0.6133761902700366,1.5100392464252568,0.019636517957618876,0.01921662534093727,0.02009234011711076,0.6972520001978917,0.6892849569497732,0.7055589970183481,1.3945040003957834,0.018028045654296877,0.017702094078063967,0.018377911758422853,0.10631481297415239,0.10293379484008688,0.10992148735918268,0.4040319539607864,0.39688930209666673,0.4116258947337573
mipod_alpha0p1,MIPOD,0.1,srm_residual_stego,1000,0.012689144134521484,0.02645349015619656,0.025228301861793555,0.027707546489175474,0.6572865419604713,0.013524567749246515,0.01279113669290142,0.014304888130653927,2.7049135498493033,0.03610450038138825,0.03396948893974066,0.038297120518688034,0.025988072188030384,0.0247663876848839,0.02727422458127333,2.598807218803038,0.034695536054940856,0.032866291491797026,0.036569944677603966,0.04978777329698052,0.047747267742865404,0.05189771382445723,2.489388664849025,0.03321037573908067,0.03163030707610147,0.03483799351516307,0.11685302047258683,0.11278547021997831,0.12106560181037473,2.3370604094517367,0.031143663691157397,0.02977434576943618,0.03257196154726482,0.21772980819703872,0.21111665145791741,0.2245127528891261,2.1772980819703873,0.028920462348363467,0.027779170481422144,0.030095665484092468,0.3854747435955554,0.3765854658866967,0.3945479233858963,1.9273737179777768,0.02538261267619066,0.02458287016727384,0.026195440023651033,0.5198809844359744,0.5104103341052395,0.52944408156794,1.7329366147865817,0.02265025494958229,0.02207429205396539,0.023246663085080683,0.6306969518026332,0.6216733600772676,0.639575267053583,1.576742379506583,0.02047622498998646,0.0200399242308646,0.020928171193423488,0.7228539464029857,0.7146901579991058,0.7310250938066721,1.4457078928059715,0.018671142578125,0.01833372383117676,0.019014913749694825,0.11375654869925513,0.10999169218519213,0.11763040586396478,0.42402022116668603,0.4165458956404482,0.4315981541502707
mipod_alpha0p1,MIPOD,0.1,texture_energy_cover,1000,0.012689144134521484,0.023526048241757302,0.02253925666651854,0.024536895196759022,0.6308939330316908,0.012329657514521055,0.011809343524727697,0.01287823996980971,2.465931502904211,0.03311060259344012,0.0314026697177727,0.034900133485888635,0.023709343110525666,0.02277328595418218,0.024691592075889758,2.370934311052567,0.03178824876001527,0.030230322396032055,0.03343065623807707,0.04573130125368631,0.04406538778931975,0.04749200686679435,2.2865650626843155,0.030634560366202556,0.029235795346175854,0.03214649532710281,0.10713278659211843,0.10365966857527514,0.11081514427284696,2.142655731842369,0.028634241245136187,0.0273670023651484,0.029913986800946056,0.1991566614839764,0.19335288225133393,0.20511062520722032,1.991566614839764,0.02651758602273594,0.02545766384374762,0.02758120565346761,0.3548110737329334,0.34680247055932995,0.36323342586706425,1.7740553686646672,0.023410326346106163,0.02266851456255126,0.024151799576570217,0.48248483621922716,0.47373361516869844,0.4916576099810681,1.608282787397424,0.02105814884986585,0.020510581679234006,0.021623674389328988,0.5908614854478148,0.5823999000288582,0.5999939920248099,1.4771537136195372,0.01921179118426825,0.018800932213088175,0.01964900770565908,0.6844249079991407,0.676601589372178,0.6925980623821192,1.3688498159982814,0.017701240539550783,0.017380536270141602,0.018043717193603516,0.10418322386759422,0.10092727718425594,0.10760000931777239,0.39482628080182564,0.387944205082163,0.40200631440721174
mipod_alpha0p1,MIPOD,0.1,texture_energy_stego,1000,0.012689144134521484,0.025910151794425473,0.024579499828793577,0.027328514114666982,0.6505784749881687,0.013712744217169469,0.012858339897097453,0.014688225655546141,2.742548843433894,0.036437070938215105,0.03405644546147978,0.03896874523264683,0.026127606322869156,0.024727106494169912,0.02763123803242222,2.612760632286915,0.03472338801983976,0.032727871041587184,0.036818647462800454,0.0498619601434376,0.04754315373813721,0.05231864351449776,2.49309800717188,0.0331417127598703,0.03144095937440397,0.034939929429715806,0.1159181522681688,0.11170461686228887,0.12018499181976033,2.318363045363376,0.030790569924467843,0.029456929503318834,0.032164183260852984,0.21386923583892564,0.20733162559286508,0.22045987904871567,2.1386923583892568,0.02833089188982986,0.027228176737621117,0.02943422026398108,0.37752776085997763,0.3686614836544358,0.38621912064388486,1.8876388042998884,0.024824639035648213,0.024047582921665495,0.025609788952678864,0.5101837322058512,0.5007586647693408,0.5194938812983473,1.7006124406861707,0.022215340208283,0.021636443803008533,0.022786214602698272,0.6201058831208479,0.611093465182196,0.6290378287357046,1.55026470780212,0.020129327280703428,0.01969523403078449,0.020568460680157927,0.7129775144802534,0.704732922837204,0.7210816917519396,1.4259550289605067,0.0184183349609375,0.01808872127532959,0.01875563278198242,0.11245216958076011,0.1085985384580345,0.11635978661472898,0.41673858418540527,0.4091722850474326,0.4241097686114776
mipod_alpha0p1,MIPOD,0.1,uniform,1000,0.012689144134521484,0.012689144134521484,0.01260093469619751,0.012778335189819336,0.5,0.005,0.005,0.005,1.0,0.012686434019832191,0.01259824342105263,0.012775606025934402,0.01,0.01,0.01,1.0,0.012691274322777566,0.012603050076306754,0.012780480351011064,0.02,0.02,0.02,1.0,0.012688853709708183,0.012600646290291818,0.012778042723631509,0.05000000000000001,0.05000000000000001,0.05000000000000001,1.0,0.012689337758449685,0.01260112697413596,0.012778530174715802,0.10000000000000002,0.10000000000000002,0.10000000000000002,1.0,0.012689337758449685,0.01260112697413596,0.012778530174715802,0.20000000000000004,0.20000000000000004,0.20000000000000004,1.0,0.012689095729462703,0.012600886627629749,0.012778286444524977,0.2999999999999999,0.2999999999999999,0.2999999999999999,1.0,0.012689176404765839,0.012600966742113091,0.01277836768688885,0.4000000000000001,0.4000000000000001,0.4000000000000001,1.0,0.012689095729462703,0.012600886627629749,0.012778286444524977,0.5,0.5,0.5,1.0,0.012689144134521484,0.01260093469619751,0.012778335189819336,0.05000000000000002,0.05000000000000002,0.05000000000000002,0.25,0.25,0.25
mipod_alpha0p1,MIPOD,0.1,wavelet_energy_cover,1000,0.012689144134521484,0.02292931269961575,0.021919551482011003,0.023924339006166112,0.6240734145509598,0.0114508622475295,0.010958120808374917,0.011961143372435392,2.2901724495059,0.03077498093058734,0.029147940503432498,0.03248598398169337,0.022285912350293053,0.021391883452225025,0.02322298034067045,2.228591235029305,0.029935902327355973,0.02840631438382297,0.0314889832125143,0.04330834959978301,0.041634397126515454,0.04499626657068172,2.165417479989151,0.02904596604997139,0.02763719244707229,0.030445045775319476,0.10242847299771304,0.09887197894901988,0.10597569135103103,2.048569459954261,0.02741458762493324,0.026176148241397728,0.028646463721675442,0.1915275476074366,0.1854474031950247,0.1973689984790828,1.9152754760743655,0.025522468909742885,0.024458299000534065,0.02654852082856489,0.34402269061481583,0.3356494177927705,0.3522488632009234,1.7201134530740791,0.02271368898891835,0.02195261782601232,0.023457452459516682,0.4717285498286132,0.46271779747311675,0.4808144545362148,1.5724284994287105,0.020600574749183018,0.020044876212758925,0.02116964701244866,0.5809862775382446,0.572189007778167,0.5901478849244115,1.4524656938456115,0.01890280188445326,0.018479220231169775,0.019348052604474624,0.6762262460142848,0.6683263804702351,0.6846336557890004,1.3524524920285697,0.017499908447265625,0.017171081733703613,0.01784457893371582,0.09975893255954942,0.09638925081729224,0.10306781741034655,0.38607466947041674,0.37885208710342494,0.3933057272617246
mipod_alpha0p1,MIPOD,0.1,wavelet_energy_stego,1000,0.012689144134521484,0.022945746286337523,0.021934891769894525,0.023943883435668677,0.62421822424722,0.011429874445203983,0.01094218013505333,0.011942206065593847,2.2859748890407965,0.030727688787185358,0.029102879481311978,0.032437166285278415,0.022290194408640857,0.021393698869840067,0.023228402037104866,2.2290194408640853,0.029946966806562378,0.02841829454406715,0.03152890118275468,0.04339767620666319,0.041722536089460624,0.04509027290565766,2.1698838103331592,0.029102613007819952,0.027692084684341027,0.03050756723250048,0.10248238151349996,0.09888489759052797,0.10603177552424937,2.0496476302699995,0.02742984664682994,0.026190020599679564,0.028651716639963375,0.19167869802150767,0.18558393893520972,0.1974847513693689,1.9167869802150763,0.025541924162661177,0.024475977531090258,0.026565752079041733,0.34422588630421297,0.33582625900771557,0.3524682173328287,1.7211294315210648,0.022727784241545708,0.021964106696675506,0.02347422752675046,0.4719604341947521,0.4629456328867471,0.4810693375701981,1.5732014473158407,0.02061119235024096,0.02005515684803479,0.021180175921569625,0.5810567230223117,0.572320559061028,0.5902436240010174,1.4526418075557794,0.01890526235480364,0.018482328482328482,0.019350578401266475,0.676352923734925,0.668444293259312,0.6847613386023683,1.35270584746985,0.01750342559814453,0.017176639366149903,0.017847004890441893,0.0998354206550178,0.096470040421087,0.1031596883694153,0.3862188550109022,0.37900371804599464,0.3934854300411221
mipod_alpha0p2,MIPOD,0.2,gradient_magnitude_cover,1000,0.029989265441894532,0.04547304435372342,0.043832014800667424,0.04720750565805267,0.6005338511277939,0.007005523495155164,0.006671097662160139,0.007354666332461321,1.4011046990310327,0.04448283752860412,0.04189816933638445,0.04718403890160182,0.01433151664200195,0.01369518530204147,0.014995355787795471,1.4331516642001951,0.04549675696299123,0.043070116367798554,0.04812832888210607,0.029428739688563417,0.028239579881412884,0.030664793824586072,1.4714369844281707,0.046681098607667365,0.044292423230974626,0.04927448502765592,0.07622840784637785,0.07351654721022921,0.07901101554113099,1.524568156927557,0.0483265430685893,0.0460390707255665,0.0507345864805066,0.1538551621865628,0.1491789184562474,0.15888473592021862,1.538551621865628,0.04862741283283742,0.046595452811474786,0.05081348325322346,0.29930859440733165,0.2922044782628725,0.30677316703878904,1.496542972036658,0.046852009384119486,0.04530554321081844,0.04851424831677125,0.4291901788969401,0.4209059117062993,0.4378642124377196,1.430633929656467,0.044430680416566,0.04324004107167835,0.04574315196520988,0.5447507155735566,0.5364347547943931,0.5535372286568282,1.3618767889338914,0.04200581739113849,0.04105544689007992,0.04306993910812718,0.6468773034795683,0.6391789929769498,0.6551790898633207,1.2937546069591366,0.039662132263183596,0.03889180812835693,0.040512620162963864,0.07626604154581243,0.07371064343028864,0.07892859059050085,0.34997635265134125,0.34362458635300325,0.3566487231286811
mipod_alpha0p2,MIPOD,0.2,gradient_magnitude_stego,1000,0.029989265441894532,0.045489355472402064,0.043848725103571885,0.04722372357581482,0.6006340179714446,0.007013899038179518,0.006680976800490986,0.007363214708498912,1.402779807635904,0.044536994660564454,0.04197358886346301,0.04724689168573608,0.014335065507083102,0.013696190274083017,0.01499876049235684,1.4335065507083102,0.04551049217855781,0.04308813429988554,0.048144276993513924,0.029451214569047722,0.02825973719567967,0.030693046284046586,1.4725607284523863,0.04671790959374404,0.0443199218004959,0.049294745374785426,0.07625516376159737,0.07355752506602581,0.07903712882200604,1.5251032752319476,0.048343099107347215,0.04604109063859006,0.05075231174181736,0.1539027538147437,0.14924478982567507,0.15893083411430428,1.539027538147437,0.04864297703517205,0.046604977302204934,0.05083362420843824,0.2994433547783758,0.2923436063092824,0.3068946397644128,1.4972167738918791,0.04687344790097084,0.045327844799633796,0.04853502927768984,0.429333668808649,0.42106230398619965,0.4379674549550781,1.4311122293621634,0.0444455704894269,0.043250892323538015,0.04575485103569295,0.5448663697878696,0.5365801708543989,0.5536469173319745,1.3621659244696742,0.042015497148524664,0.04106516813214061,0.043082722109901016,0.6469827537941408,0.6392497793104005,0.6552775557459072,1.2939655075882817,0.03966917419433594,0.03890124645233155,0.04052101936340332,0.07629382173707462,0.0737478614675498,0.0789571545678537,0.3500759937832823,0.34372649369254893,0.3567687489818707
mipod_alpha0p2,MIPOD,0.2,laplacian_residual_cover,1000,0.029989265441894532,0.0518680035004395,0.04985154379568553,0.0539451468056736,0.6097040134839015,0.012588471627414475,0.012116578152707318,0.013078449945055816,2.517694325482895,0.08016399694889396,0.07630713196033562,0.08406792524790237,0.02419062547201588,0.02335701945234524,0.02507550404359131,2.4190625472015883,0.0769771079740557,0.07351944868370851,0.08055862266310569,0.04624649270326214,0.044738407703011206,0.047804383264242876,2.312324635163107,0.07347892427999236,0.07029438775510205,0.07672420370017168,0.1066453028846854,0.10351440811177516,0.10983255971647894,2.1329060576937082,0.06760593575951782,0.06479779316395819,0.07045334744792858,0.19474742566799774,0.18968068797370427,0.19985627232380038,1.9474742566799776,0.06147585259784847,0.059114353017471574,0.06380759327077135,0.33988743624636436,0.3330484713777814,0.346946091024483,1.6994371812318216,0.05310995822922429,0.051452011291460834,0.05475143193652368,0.458487145046739,0.4512192092203307,0.4662541197419437,1.5282904834891302,0.04735316557099806,0.04614212390168228,0.048579222244827885,0.5599590124241418,0.5530313087965433,0.5675164938432592,1.3998975310603545,0.04306278967746858,0.04214280574681951,0.0440244359037937,0.6492933887764412,0.6430167991980309,0.6561555779086723,1.2985867775528823,0.0397037582397461,0.03897450218200684,0.04046335868835449,0.10303799660329795,0.10016063580081369,0.10594928061651993,0.3766783995085525,0.37087074743299514,0.38281290800464324
mipod_alpha0p2,MIPOD,0.2,laplacian_residual_stego,1000,0.029989265441894532,0.05798291732032436,0.055391745771577135,0.06059440494834644,0.6343067735285847,0.013993286823667286,0.013334347372725614,0.014665840577329498,2.798657364733457,0.08825171624713958,0.08362534324942791,0.09284862700228833,0.026976908179014096,0.025757659422014138,0.0282203741608529,2.6976908179014094,0.084983975581839,0.08072513353681801,0.08931089278901182,0.05149891944888138,0.04935370177227704,0.05365138882868751,2.5749459724440693,0.08104367728399771,0.07724938012588213,0.08475342838069806,0.11827449025142532,0.11414675339055624,0.12232505699372881,2.365489805028506,0.07432890821698329,0.07125409704737927,0.077419420920119,0.21475065182888145,0.208572880964923,0.22091792437782523,2.1475065182888144,0.06730567635614557,0.06478551251239796,0.06981350137331196,0.37086165667356374,0.36265866793252455,0.37890835492223013,1.8543082833678188,0.057701195903030765,0.055939223044498276,0.05942795733277385,0.4946990313453972,0.4862431038332478,0.5031931784668914,1.648996771151324,0.05095454140864413,0.04964982484137177,0.052219681662703604,0.5967497257852679,0.5888487908861547,0.6046811087877285,1.4918743144631694,0.04580855061130291,0.04480128817066891,0.04676432890194359,0.6835387128192981,0.6763083109033997,0.690608687023824,1.3670774256385962,0.04174658966064453,0.04097775459289551,0.04249621868133545,0.11402017540217618,0.11032556822613783,0.11763739134042313,0.405095054306099,0.398258179582311,0.4119221838290373
mipod_alpha0p2,MIPOD,0.2,local_entropy_cover,1000,0.029989265441894532,0.050961305491524514,0.04884678117735608,0.05327378512784024,0.6227614924124948,0.008337604549776074,0.007920550527160952,0.008785834194409248,1.6675209099552144,0.05384820747520976,0.05054689168573608,0.057466170861937456,0.016871335157640947,0.01607980132984354,0.017731616509599216,1.6871335157640948,0.05443914536436475,0.051211951545211756,0.0579832506676841,0.03396010364156862,0.03244248099091502,0.03565186227334424,1.698005182078431,0.05470074384894144,0.051580726683196645,0.05818180431050925,0.08531539288488714,0.08191258393313952,0.08915493719836097,1.7063078576977428,0.05474547951476311,0.051947932402532995,0.05784862478065155,0.16803917274918753,0.16219071306880922,0.17436002049865046,1.6803917274918754,0.05360994125276569,0.05116798657206073,0.05623411058976119,0.3197436319437255,0.3107576717829391,0.329017389347038,1.5987181597186273,0.050398386389212076,0.04856431030536535,0.05238143441606745,0.4536623013596807,0.44335347679135506,0.46453454383411874,1.5122076711989356,0.047187556425873876,0.04577260658927051,0.04874147699095915,0.5716144636230797,0.5612993180960265,0.5827958661565613,1.429036159057699,0.04421819985122737,0.04311388377615442,0.04544280312422514,0.6756210545697732,0.6659909541139328,0.685610095150331,1.3512421091395463,0.041503440856933596,0.040646320533752445,0.0424660680770874,0.08461020143387733,0.08142954613803265,0.0881455806921805,0.3702921424039687,0.3622849199395483,0.3787193634430734
mipod_alpha0p2,MIPOD,0.2,local_entropy_stego,1000,0.029989265441894532,0.051005550099082995,0.048889669390520175,0.05331296940972114,0.6230229061398627,0.008344153755275455,0.007927122908142436,0.008789520985479823,1.668830751055091,0.053885583524027454,0.05059313501144165,0.057475076277650645,0.016863249417750865,0.01606687235139947,0.0177221615297116,1.6863249417750863,0.05441510873712324,0.05120558946966807,0.05795150705837467,0.03398630810510507,0.03246253931027447,0.03567239751521646,1.6993154052552537,0.054738699218004956,0.051626478161358,0.05822710757200076,0.08539175676903751,0.08198679750894898,0.08924676873536337,1.7078351353807502,0.05479156176089113,0.052001256961928734,0.057888746471351185,0.16818177681740037,0.1623386947574872,0.17450833113976869,1.6818177681740034,0.05365964751659419,0.05120670157167925,0.05628813420309758,0.3200285136501424,0.3110635334668731,0.32934282866659825,1.6001425682507118,0.05044427702225868,0.0486057663697572,0.05242855051593585,0.4539858813981215,0.44371229847777505,0.46484771953242854,1.513286271327072,0.0472214183080503,0.045806961522322394,0.048771409089175134,0.5719838891557634,0.5616360595563638,0.5831565140305423,1.429959722889408,0.044245961204676804,0.043147950800129696,0.045471312632321806,0.6759413456322978,0.6663527998936143,0.685957320489476,1.3518826912645956,0.04152308654785156,0.04066660366058349,0.04248399429321289,0.0846813599270812,0.08150304034617446,0.08820998064097145,0.37054824107119155,0.3625463748709167,0.3790058675440652
mipod_alpha0p2,MIPOD,0.2,local_variance_cover,1000,0.029989265441894532,0.04462232607929717,0.042973555331007114,0.04641819218589215,0.6071445542561328,0.005408066185764516,0.005104662739060875,0.005720047071858056,1.0816132371529035,0.03428527841342486,0.03204094202898551,0.036635469107551485,0.011336190255748451,0.01076402764320059,0.011943037293461299,1.1336190255748453,0.035881342998855405,0.03373475772605876,0.038198216329645165,0.023868848409452043,0.022770742538965383,0.02503945442877353,1.193442420472602,0.03771523936677475,0.03558761205416747,0.04001963570474919,0.06487688364405364,0.062230624525785795,0.06764276992975356,1.2975376728810724,0.040987640192263676,0.038908546959639884,0.04324369230182345,0.1379457306710623,0.13308589495887932,0.14301609693071354,1.379457306710623,0.04353688868543527,0.0414955281528954,0.04567301060502022,0.2849092057964859,0.27692583793981274,0.29324989104821686,1.4245460289824292,0.04471309771309771,0.04299988079116519,0.046524586583760894,0.4230906030793802,0.4133021810102656,0.43301051751365915,1.4103020102646004,0.04392593110639217,0.042568533435906566,0.045381122604681925,0.5482982680212062,0.5381028815823741,0.5584995322978835,1.3707456700530152,0.042391167102176275,0.04131743453050792,0.04357689995040913,0.6591875854754317,0.6496416551820682,0.6689895173155398,1.3183751709508633,0.04049198913574219,0.03962382335662842,0.041441320610046385,0.06633157338574679,0.06380144876941633,0.0689302834695015,0.34423926167121316,0.33693307973117914,0.3518320307450364
mipod_alpha0p2,MIPOD,0.2,local_variance_stego,1000,0.029989265441894532,0.04466124956074732,0.04302501454772987,0.04644931228732224,0.6074356641393536,0.005413158356180701,0.005108423449988823,0.0057299892281170535,1.0826316712361403,0.03431426392067125,0.0320623188405797,0.03670110602593441,0.011347124041804147,0.010776471978367244,0.011955096036266806,1.1347124041804149,0.035912628767645935,0.03375983403281191,0.03822834795879436,0.02389360941452608,0.02278640891046442,0.025070789931454816,1.194680470726304,0.037751478161358,0.03562792771314133,0.0400532519549876,0.06493550885767975,0.06226866238996535,0.06770232003951712,1.298710177153595,0.041022888532845046,0.03892128442816816,0.04326672388799878,0.13806829829756112,0.13320038517623176,0.14316503860897523,1.380682982975611,0.04357270923933775,0.041529675936522466,0.045709673266193636,0.2851658650262542,0.2770752961073807,0.29356111493618176,1.425829325131271,0.04475156878826604,0.04304640656888364,0.04657581967994812,0.42342475932134904,0.4136872810494993,0.4333905708148135,1.411415864404497,0.04395933522373257,0.04259856217336571,0.04540952436961967,0.5487044641785106,0.5385178051243044,0.5590232766033939,1.3717611604462765,0.042421522439871066,0.04134266889507716,0.043607535190448035,0.6595912899601083,0.6501261369970704,0.6693346571867076,1.3191825799202166,0.040515968322753906,0.03964798202514649,0.041457104873657225,0.06639169222131175,0.06385747786520642,0.06899976563247194,0.34450331497525205,0.33713891767616705,0.35203920234095565
mipod_alpha0p2,MIPOD,0.2,oracle,1000,0.029989265441894532,0.10716808067781829,0.10237192211026296,0.11205096069850964,0.7468361923455672,0.03140960178415365,0.03040188487224479,0.03249075063251491,6.28192035683073,0.19871014492753625,0.19081626620900072,0.20698918764302057,0.05678401901460545,0.05500037644371596,0.0586722692573017,5.6784019014605445,0.1799668065623808,0.17280387256772223,0.18739915108737124,0.10072264096114719,0.09765777761438162,0.1039653511774771,5.036132048057359,0.15974423040244137,0.15339910833492273,0.16639221342742702,0.20627528279774185,0.20043110210765863,0.2124169015307312,4.1255056559548375,0.13068497749294272,0.1256631513694972,0.13585406080720225,0.3387260330617821,0.330260458752172,0.3473998493834078,3.3872603306178206,0.10674303807125964,0.10297454699778745,0.11056737621118487,0.5240549908736721,0.5141116244915577,0.534160093021236,2.620274954368361,0.08156489728966793,0.07927880180815962,0.08389280074004844,0.6531122608102845,0.6435888630997741,0.6623396288740024,2.1770408693676155,0.06711104611980723,0.06554989700291187,0.06866476927380695,0.7494233633112363,0.7410937350661434,0.7577155505972197,1.8735584082780905,0.05732187339068073,0.056220016832287466,0.05842299490739857,0.8238761152259196,0.8169837915893992,0.8306829299012869,1.6477522304518393,0.05011669921875,0.049317478752136226,0.050914839363098145,0.1931654310920748,0.18800214135132529,0.19857969359398378,0.5402114240462238,0.5322604899194865,0.5481989869648114
mipod_alpha0p2,MIPOD,0.2,srm_residual_cover,1000,0.029989265441894532,0.05561779461576131,0.05331648898568474,0.05798790129546971,0.6373681292919229,0.011765760570000264,0.011316897069030604,0.012240955006531946,2.353152114000053,0.07512967200610221,0.07154937070938214,0.07899651029748282,0.02278210097965573,0.02196889842950872,0.023656624331137025,2.278210097965573,0.07270164059519268,0.06936892407478061,0.0762903662724151,0.044086027005543114,0.042600627466977375,0.04567185468628876,2.2043013502771553,0.07022105664695785,0.06713947167652108,0.07360247949647147,0.1049956988075027,0.10172641883025355,0.10850733077380798,2.0999139761500536,0.06676043335622185,0.06387762645914397,0.06978743038071258,0.19796961775846608,0.19245735074218132,0.2037035956694579,1.9796961775846607,0.06270634012359808,0.060194998855573355,0.06529408999008164,0.356387235884398,0.3485456941660602,0.3647003407598635,1.78193617942199,0.05588212630414466,0.05405422285376415,0.057722227679337774,0.48669245058314836,0.47818947168257736,0.4960672660067822,1.6223081686104943,0.050421385247256596,0.04906295665221316,0.05184075156085093,0.5970068301078146,0.5885418362195648,0.6059125724381248,1.4925170752695365,0.046031938431021005,0.0449922809895287,0.047125354050239376,0.6914067154710165,0.6835443863503482,0.699599054392273,1.382813430942033,0.042369293212890624,0.04154991054534912,0.04322956790924072,0.10260483496570041,0.09958983145663634,0.10584161536959337,0.3974759036311606,0.39080082180101244,0.40475925936621765
mipod_alpha0p2,MIPOD,0.2,srm_residual_stego,1000,0.029989265441894532,0.05970446380736931,0.057224505049240745,0.06223475547960409,0.6557852585691784,0.012705064458226634,0.012131224735611058,0.013296623370056106,2.5410128916453267,0.08051945080091534,0.07648560259344012,0.0847384248665141,0.024571495543341194,0.023566790557204245,0.025608068789159086,2.4571495543341197,0.07783708508202976,0.07407962609690957,0.0816303128576879,0.04745685805740583,0.04572284213315426,0.04926103402699942,2.3728429028702913,0.07507705512111386,0.07169795918367347,0.07856966431432384,0.11218398116305538,0.10852768492536094,0.11590429512147328,2.2436796232611074,0.07092690928511483,0.06795436789501794,0.07393114938582435,0.21078643713089912,0.20480399020857362,0.2169262855524993,2.1078643713089913,0.0664528496223392,0.0638982204165713,0.06898394560158692,0.37739851368841404,0.36894959727131854,0.3857656685874699,1.88699256844207,0.058986610463674684,0.0571084399855042,0.06084287369585535,0.5124214275604443,0.5033612930426987,0.5214881636821653,1.7080714252014808,0.052971707589995295,0.051567305418155455,0.054389215505512255,0.6242784655325389,0.6154071580975462,0.6331150399882745,1.5606961638313468,0.048062188864941166,0.04697781642793112,0.04914971222987278,0.717734113494442,0.7096538452464229,0.7257160800784032,1.435468226988884,0.043933647155761715,0.04308826141357422,0.04479169044494628,0.10953968874809002,0.10610467795555183,0.11297635063716373,0.41757967416843156,0.410311619401294,0.42470246217039054
mipod_alpha0p2,MIPOD,0.2,texture_energy_cover,1000,0.029989265441894532,0.05363281487673663,0.05146058675895238,0.05587869233183788,0.6289153515551891,0.011703838370849477,0.011254577180649447,0.012162655131217089,2.340767674169895,0.07451868802440885,0.07094496567505722,0.07820869565217392,0.022637073442591568,0.021829220632241943,0.023486801927079085,2.2637073442591564,0.0719988553987028,0.06870268981304846,0.07543025562762304,0.043740520196880385,0.04227841501921485,0.04527293826543006,2.1870260098440184,0.06951058554262826,0.0664268167079916,0.07268904730116345,0.10316523999934,0.09998869908472904,0.10640565002972832,2.0633047999868,0.06544335088120852,0.06264608415350575,0.06829471465629053,0.1931487258592241,0.18783693546138505,0.1985847967321816,1.9314872585922407,0.0610630579079881,0.05866227683680476,0.06350427920195315,0.3471126082954675,0.3395501428617892,0.35491964525177383,1.7355630414773373,0.05437364817181332,0.05260119494936009,0.05614536086898473,0.4751558364742575,0.46683303627587913,0.48408606681114874,1.583852788247525,0.04920942741248426,0.04788950796637972,0.05056848479839274,0.5843219468241331,0.5761481564423877,0.5931047661224099,1.4608048670603326,0.04505545594995137,0.044052974260428396,0.046127965438974614,0.6790327386911652,0.6714932211068599,0.6869451342996061,1.3580654773823304,0.04162016296386719,0.04082200374603272,0.042468857574462886,0.10058435393065494,0.09762028287024574,0.10361140149230069,0.3886530955599415,0.3821590443580336,0.39547530019295063
mipod_alpha0p2,MIPOD,0.2,texture_energy_stego,1000,0.029989265441894532,0.05835026478817048,0.05580539732769942,0.06095236968422631,0.6493839947315487,0.012751880708604474,0.01216063540363278,0.013381538363366436,2.550376141720895,0.0804881769641495,0.07628352402745994,0.08484435545385202,0.02460575393171821,0.023494725234748062,0.025767291883784457,2.4605753931718213,0.0776241892407478,0.073702327355971,0.08162702212895843,0.0474379017207291,0.04551424431419474,0.049458052083297246,2.371895086036455,0.07480850658020216,0.07127361243562846,0.07837515258439826,0.11141978690593254,0.10750856517389046,0.11533064728772667,2.2283957381186505,0.0702013427939269,0.06722314984359502,0.07325355344472419,0.20726211673898848,0.20116407085888816,0.2133180574863204,2.072621167389885,0.06515232318608377,0.06263503280689707,0.06763250839246206,0.36981906184377206,0.36141023490731106,0.377981577415387,1.8490953092188598,0.05771115222491369,0.0558749246600164,0.059506771538652276,0.5032266317103493,0.49414148877208736,0.5120961672099809,1.6774221057011645,0.05198344417176354,0.050602815253741586,0.05334855041135257,0.6144792301162401,0.6056946408345413,0.6231016723756082,1.5361980752906002,0.04729529458887257,0.04622420749966622,0.048355517223292455,0.7086370149765674,0.7005366087434045,0.7166133835951053,1.4172740299531348,0.043379112243652346,0.04254590034484863,0.04420813217163086,0.10835404987157504,0.10480858352371863,0.1118600572066983,0.4107657078799429,0.4034574498382042,0.41790954336851965
mipod_alpha0p2,MIPOD,0.2,uniform,1000,0.029989265441894532,0.029989265441894532,0.02974455976486206,0.030227974605560304,0.5,0.005,0.005,0.005,1.0,0.029982860411899313,0.029738206998474445,0.030221518592677347,0.01,0.01,0.01,1.0,0.029994299885539866,0.029749553128576876,0.03023304912247234,0.02,0.02,0.02,1.0,0.029988579057791342,0.02974387898149914,0.030227282757962996,0.05000000000000001,0.05000000000000001,0.05000000000000001,1.0,0.02998972304875258,0.029745013637750825,0.030228435854886705,0.10000000000000002,0.10000000000000002,0.10000000000000002,1.0,0.02998972304875258,0.029745013637750825,0.030228435854886705,0.20000000000000004,0.20000000000000004,0.20000000000000004,1.0,0.029989151042362053,0.0297444462988041,0.03022785929542811,0.2999999999999999,0.2999999999999999,0.2999999999999999,1.0,0.029989341708734407,0.02974463540938163,0.030228051479470514,0.4000000000000001,0.4000000000000001,0.4000000000000001,1.0,0.029989151042362053,0.0297444462988041,0.03022785929542811,0.5,0.5,0.5,1.0,0.029989265441894532,0.02974455976486206,0.030227974605560304,0.05000000000000002,0.05000000000000002,0.05000000000000002,0.25,0.25,0.25
mipod_alpha0p2,MIPOD,0.2,wavelet_energy_cover,1000,0.029989265441894532,0.052336569126975846,0.05013097903918001,0.05451108623213609,0.6224432728465462,0.01083692195118271,0.010425019588204923,0.011261584303804568,2.167384390236542,0.06906025934401219,0.06564805491990847,0.07249979023646072,0.02124645791916328,0.020472226733286605,0.022037269124238743,2.124645791916328,0.06766768409004198,0.06444497329263639,0.0708587561999237,0.04140794900311597,0.03993596563977492,0.04286919601687545,2.0703974501557987,0.0658695403395003,0.06282185294678619,0.06890032424184628,0.09867661227454638,0.09546182336742381,0.10184864449839622,1.9735322454909279,0.06267093919279774,0.0598875486381323,0.06536694705119403,0.18586790886185703,0.18041391812503027,0.19115255287187763,1.85867908861857,0.05880582894636454,0.05638691729610132,0.06112713149462119,0.3370400997651478,0.3292421999062949,0.3449353255096155,1.685200498825739,0.05283686509374583,0.05105453565774667,0.054604648667722064,0.4649710314360174,0.4564130249984654,0.4736711157541417,1.549903438120058,0.048187085945347964,0.04686869619673715,0.04954753315616139,0.5752240999046785,0.5667774409521815,0.5840146737687505,1.438060249761696,0.044384787045337507,0.043338371416582436,0.045441636784985404,0.6713284269340959,0.6636171505611209,0.6794342860899912,1.3426568538681918,0.04117605590820313,0.04036122798919678,0.04201833400726318,0.09635454236740237,0.09332628998203842,0.09934454574666222,0.3804375882742445,0.37356329544910855,0.3873838781924884
mipod_alpha0p2,MIPOD,0.2,wavelet_energy_stego,1000,0.029989265441894532,0.05240792680971015,0.05019950889730938,0.054593246174469395,0.6227494428197345,0.01084787040177171,0.010436854297685899,0.011274958855141166,2.169574080354342,0.06913806254767355,0.06572881388253242,0.07261676201372996,0.021271424984397175,0.0204956018521656,0.022062114252935167,2.127142498439717,0.0677546737886303,0.06452329263639833,0.07094265547500954,0.041486592307195556,0.040012445749038686,0.042960611004855695,2.0743296153597783,0.06599885561701316,0.06295697596795728,0.06902145718100323,0.09877406803520432,0.09554790455143437,0.10194521069382399,1.9754813607040864,0.06273334859235523,0.059936493858243685,0.0654293812466621,0.1860382624571032,0.18056126529821737,0.19135531933169395,1.8603826245710318,0.05886171511406119,0.05642879663538567,0.06118578717479209,0.33748801121149197,0.3296818862233317,0.3453898728384762,1.68744005605746,0.05290882908314101,0.051130176524442586,0.054665834747944834,0.4654339250324299,0.4568695875634425,0.47409574721341013,1.5514464167747666,0.04823587604745496,0.046917068906323516,0.0496014352834963,0.5755118661564161,0.5670547223502386,0.584324722642133,1.43877966539104,0.04440896259703599,0.04336149340059891,0.04546971952545347,0.6717798825356387,0.664035838499052,0.6798615408657097,1.3435597650712774,0.04120413208007812,0.040386634445190424,0.04204576816558838,0.09645426168371501,0.09342819869404859,0.09943693844539891,0.3807594273160848,0.37386874465379444,0.3877347652666756
mipod_alpha0p5,MIPOD,0.5,gradient_magnitude_cover,1000,0.09955155563354492,0.1410531934456028,0.13717106208915186,0.1451767952833989,0.5992009334033302,0.006588063013141996,0.006324815836971985,0.006844303739483054,1.3176126026283992,0.13766285278413426,0.131336117467582,0.1441344584286804,0.013519003056936632,0.013031673733953112,0.0140003781474988,1.3519003056936632,0.1412411293399466,0.1351883822968333,0.14750568485310953,0.027820020448349973,0.026899095462577394,0.028774919802547524,1.3910010224174985,0.145196261682243,0.13924678619111194,0.1513245041007057,0.07202314462961387,0.06992610900010299,0.07418382901013801,1.440462892592277,0.15022697795071338,0.14460963035019456,0.15589756046387424,0.1457354570561229,0.14199213419942833,0.14958154881884653,1.457354570561229,0.1516873426413367,0.14645359063859006,0.1570248178454261,0.2860787635690913,0.28007080551554503,0.2922094806990145,1.4303938178454565,0.1480801464838162,0.14381530927540104,0.15262483406130195,0.4142207361191425,0.4072001791725576,0.42167594440717054,1.3807357870638084,0.1421684574596595,0.138544549737421,0.14611789192935165,0.5302091688203198,0.5228406807775868,0.5380224362560874,1.3255229220507991,0.13574929905205135,0.13275744196913922,0.13911448363501117,0.6341315635313438,0.6270567406299458,0.6416924468397252,1.2682631270626876,0.12919300842285156,0.126711429977417,0.13195960121154784,0.07215045458547362,0.07017413835751903,0.0741993627148834,0.33851852667755206,0.3330452268431691,0.3442561827695082
mipod_alpha0p5,MIPOD,0.5,gradient_magnitude_stego,1000,0.09955155563354492,0.14114480763490742,0.1372859948576126,0.14525294430039853,0.5994361651458521,0.006596960413511843,0.006336855709667564,0.006851935350828748,1.3193920827023684,0.13784439359267733,0.13149641495041953,0.14431691456903126,0.013520161290758828,0.013032971690781157,0.014006280728776216,1.352016129075883,0.14125486455551317,0.13517424647081266,0.14753279282716525,0.027827760742318443,0.026905950052322773,0.02878246396642985,1.3913880371159224,0.14524032042723634,0.1392987840930765,0.15139715334732023,0.07205821390037363,0.06996963972175677,0.07421931170390261,1.4411642780074727,0.15029541466392005,0.14467484740978104,0.15599229419394214,0.1458126740377714,0.14205649919627558,0.1496639902401768,1.4581267403777138,0.15176634622720683,0.14654904345006484,0.1570856317235065,0.2862825808192676,0.28026584584567893,0.29239508790303703,1.4314129040963377,0.14818432546872917,0.14392592315321673,0.1527182155867936,0.4144988843767801,0.407469867329441,0.4219690928013047,1.3816629479226004,0.1422670040563051,0.13864646313085716,0.14619962139033352,0.5305015943869233,0.5231596504056554,0.5383038711490231,1.326253985967308,0.1358264796200576,0.13282514996471417,0.1391923727803315,0.6343977718991405,0.6272773339473197,0.641961039630041,1.268795543798281,0.12925118255615234,0.1267630178451538,0.13202642879486082,0.07218586633553849,0.07019975721367426,0.07423495932504516,0.33871482977739303,0.3332405511654556,0.34445061471302424
mipod_alpha0p5,MIPOD,0.5,laplacian_residual_cover,1000,0.09955155563354492,0.1530524184250471,0.14884121351718596,0.15745496088420813,0.6052800152032396,0.010540632483990411,0.010243921637211321,0.010829168537441708,2.108126496798082,0.21956445461479784,0.211812585812357,0.2274059305873379,0.020602673381545478,0.02006552890635244,0.021136038259094134,2.0602673381545475,0.214543685616177,0.20730293780999617,0.2218215089660435,0.04001455914585083,0.039014457701443114,0.041001338841452954,2.000727957292541,0.20821285523555216,0.2013169368682052,0.21520468720198357,0.09448716594386056,0.09232426641201748,0.09664756805374089,1.8897433188772113,0.1965268940260929,0.19023397993438623,0.20299589341573204,0.17678483523172797,0.17313217875849507,0.1805360610574738,1.7678483523172799,0.18359380483710996,0.1780310883497368,0.18935440222781721,0.31864702425577923,0.3132186755289019,0.32446321139602535,1.5932351212788955,0.1646882450552175,0.16029698401647943,0.16933400217436914,0.43826223381929597,0.4320799517428805,0.4448649456114017,1.4608741127309866,0.15014615413959284,0.14656397168215862,0.15389770672532838,0.5421647853999897,0.5360657812046777,0.5490357849837695,1.3554119634999742,0.1384729538995594,0.1356005452612104,0.14154399068263745,0.6343751039806941,0.6286239138150399,0.6405822139468345,1.2687502079613882,0.12888868713378906,0.1265814992904663,0.13139885959625244,0.09206621914246182,0.09004681811856971,0.09408356416958022,0.3593440464447475,0.35451136167723907,0.3644548107088731
mipod_alpha0p5,MIPOD,0.5,laplacian_residual_stego,1000,0.09955155563354492,0.1681022398051757,0.16306795663385015,0.1730587520870411,0.6327367475763189,0.011405643922615028,0.011076390775372962,0.01173210017462951,2.2811287845230055,0.23587185354691076,0.22777765064836003,0.24400360411899316,0.02232878823993248,0.02170599363844719,0.022948611251633336,2.2328788239932473,0.23081152231972527,0.22298546356352536,0.23851814193056087,0.04350866660237076,0.04231555591439277,0.04468650832811968,2.175433330118538,0.22466183482738888,0.21709845985123016,0.23185004768262446,0.10331644074494802,0.10058206177477275,0.10586978804517418,2.06632881489896,0.21321675440604257,0.20638552872510874,0.21990330930037386,0.19397118750579317,0.18949973443895876,0.1984378415256185,1.9397118750579319,0.19999584191653316,0.1938753795681697,0.20593773270008392,0.34855786050012655,0.341693965763248,0.35527984972522647,1.742789302500633,0.17932688016174256,0.17447027265444698,0.18416020379942397,0.47542101974613726,0.4678649168552527,0.4829580326582467,1.5847367324871242,0.16242877306308254,0.15844733510929135,0.16625692782574417,0.5812613289270557,0.5739029707035862,0.5886686561965857,1.4531533223176392,0.1482145854393561,0.14510503871902955,0.15142315512407256,0.6716165334984194,0.6649128345673192,0.6783428086282172,1.3432330669968389,0.13631776428222656,0.1338389398574829,0.1389442975997925,0.10076604780902734,0.09824206210179605,0.10319345215172554,0.38776002349689065,0.3819055991436899,0.3935636768441233
mipod_alpha0p5,MIPOD,0.5,local_entropy_cover,1000,0.09955155563354492,0.15325164473926506,0.1484744359407163,0.15857977234411766,0.6202147441644535,0.007628110495582926,0.007332014247960908,0.007943407676240922,1.5256220991165854,0.16148436308161707,0.15405486270022883,0.16970825705568265,0.015366164199333752,0.014793110292669446,0.015972872903155164,1.5366164199333752,0.16252155665776422,0.15513809614650897,0.1704907764212133,0.031013712201770204,0.029927152138521356,0.03217148312645727,1.5506856100885102,0.16371237840930764,0.15657613007819948,0.17135924566088118,0.07822269583258752,0.07572764129615574,0.0808821934036682,1.5644539166517502,0.164690547035935,0.1580731536583505,0.1719435912108034,0.15553186735229427,0.15104407708846282,0.16021573475523232,1.5553186735229423,0.16313252460517283,0.15702265201800564,0.1695609378576333,0.30129467558011724,0.2939776955310246,0.3087967155600759,1.506473377900586,0.15693677163401934,0.15183787741517102,0.1623700537870263,0.4338194416977066,0.4251323804456718,0.44302855269164915,1.446064805659022,0.14963853108350395,0.14530781538089851,0.15425217247561765,0.5530531342305887,0.5439249840420612,0.5626831655652541,1.3826328355764714,0.14211635735947664,0.1386204991512331,0.14597617659119955,0.6597214552888424,0.6510218757441559,0.6686946270120995,1.3194429105776848,0.13472756195068358,0.13190614414215088,0.13781646862030028,0.07790865545119177,0.07553960367423043,0.08041055311566578,0.35474051365603454,0.34810748697928107,0.3617528596963571
mipod_alpha0p5,MIPOD,0.5,local_entropy_stego,1000,0.09955155563354492,0.1534432626957124,0.1486476771087018,0.15876281064785627,0.6206608316762686,0.007636083643592229,0.007337009129490719,0.007952165974152908,1.527216728718446,0.16164530892448511,0.15411964149504195,0.16991304347826086,0.015373708956352424,0.014799721420757871,0.015982928979103053,1.5373708956352425,0.1625959557420832,0.1552552747043113,0.1704614841663487,0.03104358724637418,0.029956142593595546,0.03221080928018387,1.552179362318709,0.16387163837497615,0.15672882891474346,0.1715136086210185,0.07831904249099977,0.07581624145983334,0.08098324630545224,1.5663808498199956,0.16489410238803692,0.15826525139238576,0.17213471046005951,0.15572394870591683,0.15122975567089225,0.16042277930816212,1.5572394870591681,0.16333684290836956,0.15722211890592813,0.16978245021744104,0.30166403874997205,0.2943293082851898,0.30920885419312244,1.50832019374986,0.15713408609738885,0.15201011224703886,0.16256422066032158,0.4343022638476141,0.4255924348068736,0.44352761616640385,1.4476742128253803,0.14980954439683125,0.1454631461159925,0.1544422116399425,0.5536237376701043,0.5444973650922259,0.5632214332303364,1.3840593441752609,0.14226413816780792,0.13877326980297164,0.1461280906082512,0.6602745118778326,0.6515344830743357,0.6692495081367918,1.3205490237556652,0.13484571075439453,0.13202660713195802,0.1379415855407715,0.07800215397606,0.07563470166150615,0.08051406806660283,0.35511828490712505,0.348500719478723,0.3621672752716533
mipod_alpha0p5,MIPOD,0.5,local_variance_cover,1000,0.09955155563354492,0.13942642234937921,0.1354081192510246,0.1436256147741072,0.606259458880591,0.00535172796215419,0.005106591968753898,0.005603880289045765,1.0703455924308383,0.11191609458428681,0.10597820366132724,0.11807204424103737,0.011173993426452014,0.010708166986585745,0.011661874386204807,1.1173993426452014,0.11676077832888211,0.11103949828309805,0.12275836512781381,0.023438215316602763,0.022534946184418717,0.024360586931272056,1.1719107658301382,0.1222778943353042,0.11676490082014114,0.12814435914552738,0.06293439459964764,0.060860961462962264,0.06503884428027548,1.258687891992953,0.13112512397955292,0.12584385824368657,0.13659100099183644,0.13263643191392313,0.12879136720580073,0.13655549749511867,1.3263643191392311,0.1379869153887236,0.13288265335317004,0.1432305075532158,0.273405287648274,0.26680700361942916,0.28014124109151634,1.3670264382413697,0.14175277041332088,0.1370453470407599,0.14653796801388547,0.4081751074705974,0.3997756420066096,0.4166788882101909,1.360583691568658,0.1404443116361278,0.1364187832992129,0.1446431891586028,0.5325518609205996,0.5235675438403392,0.5415793872572983,1.331379652301499,0.1367001945488184,0.13335773498445516,0.1403824829769784,0.6450058996176169,0.6363858851531724,0.6538039729412287,1.2900117992352338,0.13167720794677734,0.1288967456817627,0.13474477195739745,0.064126144786752,0.062140695771163566,0.06615845329534276,0.3334159133183986,0.32705342868619286,0.33994764532102245
mipod_alpha0p5,MIPOD,0.5,local_variance_stego,1000,0.09955155563354492,0.13958413027091474,0.1355737543996335,0.14378923119897194,0.6067323533202399,0.005359063226590859,0.005112240818142516,0.005614843839982618,1.0718126453181718,0.11205873379099925,0.1060974446987033,0.1182633295194508,0.011184126496862101,0.01071272599345991,0.011674103571698433,1.11841264968621,0.11685921404044258,0.11107160434948493,0.12283620755436855,0.023459340086508143,0.022556329173457543,0.024384091524132845,1.172967004325407,0.12238107953461758,0.11682598703032616,0.12822819950410072,0.06297586630106639,0.06088493160437406,0.06509855456289089,1.2595173260213277,0.1312055390249485,0.12591908712901503,0.13668567940794996,0.13275174324897493,0.1289041894621241,0.1367066202321639,1.3275174324897492,0.1380991836423285,0.1329778562981613,0.14336741817349508,0.2736598369261876,0.26704147344755397,0.2804647837174904,1.3682991846309382,0.14187989471475712,0.13717551593583704,0.1466222014533941,0.40859040348616044,0.4001838695558424,0.416997771823852,1.361968011620535,0.1405838154699083,0.13653411428862072,0.144795326348181,0.5331141171133424,0.5240457893153007,0.5420683690024546,1.3327852927833557,0.13684297812279464,0.13346911036830764,0.14053810081252743,0.6456483947962761,0.6369466076051916,0.6544042122843052,1.2912967895925522,0.13180731201171875,0.1290312810897827,0.134854154586792,0.06417691299856611,0.062186044626949696,0.06622392060700033,0.3337482679093764,0.3273960721963513,0.3402582310984548
mipod_alpha0p5,MIPOD,0.5,oracle,1000,0.09955155563354492,0.253295944851258,0.24604155119139903,0.2609419718130451,0.7392760104695307,0.019747161142902574,0.0193990311331746,0.0200887921545915,3.949432228580515,0.40256445461479784,0.39339866514111366,0.4118155606407323,0.03753705956271787,0.03687954030597042,0.03820111995170925,3.753705956271787,0.38374284624189237,0.3747928653185807,0.3929020221289585,0.07044335062992965,0.06917352836577766,0.07174910302219355,3.5221675314964824,0.3611352279229449,0.3522406923517071,0.37022153824146475,0.1577964563280683,0.15494567206808305,0.16074557302257178,3.1559291265613654,0.32500846875715267,0.31653672655832765,0.33373361943999386,0.2807850158531962,0.27576049517638257,0.2858956072065576,2.807850158531963,0.2898628595407034,0.282152771419852,0.29792912279697875,0.47228864793256137,0.46462647137966134,0.47999887092828775,2.3614432396628073,0.2434067023975281,0.23727001564019912,0.24989833584466614,0.6131053087685308,0.6047911818480313,0.6214371635499816,2.0436843625617693,0.20949260582632911,0.20476865646020628,0.214405852714164,0.7195846724830415,0.7118861344336241,0.7273540857867782,1.7989616812076035,0.18320642201834864,0.17963657923095996,0.18689256542180857,0.8022487900126971,0.7955752564588281,0.8088912896162512,1.6044975800253942,0.16241063690185548,0.1597146120071411,0.16520369586944578,0.15120614414486128,0.14851214023657755,0.15398981196176637,0.49954033525238833,0.493195772411858,0.5057565888426284
mipod_alpha0p5,MIPOD,0.5,srm_residual_cover,1000,0.09955155563354492,0.16303316040590926,0.1582703105381071,0.1681145886103558,0.6327196054006186,0.010016383876482697,0.009726591096440147,0.010311498719635468,2.003276775296539,0.2092700228832952,0.20174166666666665,0.21716054538520213,0.019618804506295696,0.0190783277335101,0.020162985773642526,1.9618804506295695,0.20487790919496376,0.1976523082792827,0.21236632010682946,0.03842829491550835,0.03745291046070501,0.03943938688371213,1.921414745775418,0.20045908830822048,0.19362797062750334,0.2075285475872592,0.09294141027995674,0.09073099645735139,0.09524842442767857,1.858828205599135,0.19374990463111316,0.1873141165026322,0.20035389105058365,0.17849145330846955,0.1744983904781834,0.1826039347130503,1.7849145330846954,0.18578679331654843,0.1799660009918364,0.19195864042114902,0.3309892984103865,0.3247592840650467,0.33744151408612033,1.6549464920519321,0.17154092200881194,0.16674664069503523,0.17660535199984742,0.4617315204987611,0.4544593049311367,0.4694777515410204,1.5391050683292038,0.15865325585239629,0.15469493788385488,0.16294668438386126,0.5748008596577893,0.5671890532797494,0.5828630755702242,1.4370021491444727,0.14724238493963265,0.14400063490625417,0.1507411616185699,0.6731490601542164,0.6660069913737464,0.6805300964689793,1.3462981203084328,0.13713299560546874,0.13449986000061034,0.13999260196685792,0.09145731595399806,0.08933013380127972,0.09362577537648803,0.37695985025045553,0.3712818927293615,0.3828365146425639
mipod_alpha0p5,MIPOD,0.5,srm_residual_stego,1000,0.09955155563354492,0.1730883379524494,0.16782735251743494,0.17834434045112393,0.6528993051612719,0.010598766372427793,0.010280643176252317,0.010929536248610861,2.1197532744855585,0.22022730739893212,0.21226660945842868,0.22831914569031275,0.020785232446068738,0.02019104282842225,0.021388826039260372,2.078523244606874,0.2158653185806944,0.20836854254101492,0.22347856734070967,0.04075532869048671,0.03966767667827719,0.041868570505298165,2.037766434524335,0.21144020598893765,0.20434396814800687,0.21868409307648293,0.09844707816642972,0.09602980980917193,0.10086914806898488,1.9689415633285945,0.2041880674448768,0.1975895017929351,0.2107423838406958,0.18897711436685502,0.1847827670856597,0.19313009000210618,1.8897711436685505,0.19581013962005037,0.1897860351338979,0.2019092889295796,0.350079631833133,0.3434262926674146,0.356715951784912,1.7503981591656648,0.18084733639779513,0.17585912233687462,0.18595556419157339,0.48687941327942436,0.4791665539851028,0.49466121600768026,1.6229313775980814,0.1669342217362003,0.1628171738107651,0.1712341254148494,0.6028062463769125,0.5949701622094967,0.6106967361663524,1.507015615942281,0.15420373266703544,0.15077143088748593,0.15779015358866277,0.7011841086181121,0.6935391676369705,0.7087042666567123,1.4023682172362242,0.1427107391357422,0.1399958650588989,0.14560339946746828,0.09686300634845953,0.09457401147853119,0.09910423129405069,0.39634178186608254,0.39038837336422183,0.40224410260063576
mipod_alpha0p5,MIPOD,0.5,texture_energy_cover,1000,0.09955155563354492,0.15835804349451263,0.15378992025572136,0.1631648652312654,0.6245742316909492,0.00995386449421041,0.00966796473648592,0.0102376648771169,1.9907728988420823,0.20752784134248667,0.19990911517925247,0.21509353546910756,0.019527991713047036,0.019000350865318146,0.020061159192497777,1.9527991713047037,0.20346127432277758,0.19644989507821445,0.21064648988935517,0.03823566904679427,0.03724918624110858,0.03923429130943518,1.9117834523397133,0.199104520312798,0.19235506389471677,0.2060488794583254,0.09180292284633118,0.08963555778254277,0.0940229897706153,1.8360584569266234,0.1910817883573663,0.18477921339742123,0.19751774624246585,0.17526644598710334,0.17139809283128538,0.1791939874912053,1.7526644598710333,0.18216582742046233,0.17654200331883727,0.18809372281986725,0.32372705814864333,0.31774376490629286,0.33003132656405604,1.6186352907432164,0.16759699784470428,0.16293973516565263,0.17253164470045204,0.45190795919825244,0.4449066366374797,0.45939438862958654,1.5063598639941747,0.15519289701562758,0.15136294489020002,0.1593126225474613,0.56363888748907,0.5563381498517834,0.5713400073486147,1.4090972187226747,0.14435679681092528,0.14117452531041982,0.14777750290869557,0.6618309015886344,0.6548532210107144,0.6691609557440944,1.323661803177269,0.13483716583251953,0.13223772583007815,0.13767003746032716,0.09014720704785621,0.08808619710617228,0.09226864133090569,0.3695939571343382,0.3641610601214476,0.37541718900259746
mipod_alpha0p5,MIPOD,0.5,texture_energy_stego,1000,0.09955155563354492,0.16990213485875613,0.16472566199366948,0.17502966593551633,0.647472520251132,0.010573039123822342,0.010255299550319332,0.010893925980024676,2.114607824764468,0.2191762013729977,0.21126975591151795,0.22708733790999236,0.020752255891047174,0.020142258586160273,0.02135817899558949,2.075225589104717,0.2149629912247234,0.20755075352918734,0.2224072396032049,0.040724151398030484,0.03958563972414568,0.04187297171263748,2.0362075699015243,0.21079134083539958,0.20365054835018123,0.2178988365439634,0.09801261786188697,0.09544814789360812,0.10046070045037184,1.9602523572377395,0.2027865262836652,0.19610499732967118,0.2093256427862974,0.18715948128387436,0.18280536020127244,0.1914769937591728,1.8715948128387436,0.19345563439383537,0.18741341935606928,0.19937530708781567,0.3452170519102015,0.33828857874342183,0.3519686675607582,1.7260852595510072,0.17800913616509947,0.17301416296324554,0.18296435322054588,0.48017948273211297,0.4722243094465549,0.4879829399879004,1.6005982757737098,0.16446049870935747,0.16035127315845019,0.16858935633177774,0.595286826977757,0.5872888587052439,0.6032847604374979,1.4882170674443926,0.15219712372923383,0.1487849715806138,0.1556859927234927,0.6937023540993079,0.6860508126226252,0.7012731351392302,1.3874047081986158,0.14116770935058592,0.13841144485473633,0.14405826339721678,0.09622481889334912,0.0938013954323036,0.09855023362649269,0.3914678196410024,0.3853274030708525,0.397500578536743
mipod_alpha0p5,MIPOD,0.5,uniform,1000,0.09955155563354492,0.09955155563354492,0.09869472322463989,0.10043100214004516,0.5,0.005,0.005,0.005,1.0,0.099530293668955,0.09867364426010677,0.10040955234553775,0.01,0.01,0.01,1.0,0.09956826783670356,0.09871129158718046,0.10044786198016024,0.02,0.02,0.02,1.0,0.09954927713141332,0.09869246433339691,0.10042870350944116,0.05000000000000001,0.05000000000000001,0.05000000000000001,1.0,0.09955307469291219,0.09869622920958267,0.10043253461890593,0.10000000000000002,0.10000000000000002,0.10000000000000002,1.0,0.09955307469291219,0.09869622920958267,0.10043253461890593,0.20000000000000004,0.20000000000000004,0.20000000000000004,1.0,0.09955117587594653,0.09869434673558528,0.10043061902763739,0.2999999999999999,0.2999999999999999,0.2999999999999999,1.0,0.09955180880688681,0.09869497421893873,0.10043125754994087,0.4000000000000001,0.4000000000000001,0.4000000000000001,1.0,0.09955117587594653,0.09869434673558528,0.10043061902763739,0.5,0.5,0.5,1.0,0.09955155563354492,0.09869472322463989,0.10043100214004516,0.05000000000000002,0.05000000000000002,0.05000000000000002,0.25,0.25,0.25
mipod_alpha0p5,MIPOD,0.5,wavelet_energy_cover,1000,0.09955155563354492,0.15509131346098626,0.15053655048523196,0.15983974817390426,0.6182738895440627,0.00938605478686092,0.009128939865929204,0.009635448264521385,1.8772109573721838,0.19559191456903124,0.18845795194508008,0.2025676964149504,0.018552283819193015,0.018055813274369756,0.019039709852485407,1.8552283819193014,0.19332086989698588,0.18634113887829074,0.20008975581838995,0.036463531656951174,0.035513089738418685,0.03740513035829749,1.8231765828475586,0.1898872782757963,0.18318209994278087,0.19649678619111197,0.0882037341556649,0.08603909645505806,0.09034803508898463,1.764074683113298,0.18363279163805601,0.17734280727855342,0.18987290569924467,0.16907578406545545,0.1652131789468775,0.17297080131208006,1.6907578406545545,0.175752880140383,0.17014892805371176,0.18145936903944457,0.314860122427726,0.3088864318955359,0.3209339031929224,1.5743006121386298,0.16302470007057163,0.1584199498369223,0.16790206755803086,0.4426201372833605,0.43572084815168455,0.44977350331187266,1.4754004576112016,0.15203743499103545,0.14815626438462418,0.1561094674669074,0.5552396193865257,0.5480848567386359,0.5627339348156808,1.3880990484663138,0.14226913540216293,0.1390679127963532,0.14567999151233096,0.6546675939352008,0.6477480626715154,0.6619712599855746,1.3093351878704016,0.13345230865478516,0.13083252449035646,0.1362700464248657,0.0867038700358026,0.08462075224762428,0.08875801370898621,0.3622590876267485,0.356914017416717,0.3678236218739419
mipod_alpha0p5,MIPOD,0.5,wavelet_energy_stego,1000,0.09955155563354492,0.15540186348139276,0.15083002767827597,0.16015378076894668,0.6189075311213926,0.00939868000876243,0.009138515301134149,0.009650953342780353,1.8797360017524858,0.1958276125095347,0.18871819221967964,0.20275558733790996,0.018586538372424622,0.01809018438420168,0.019079426831050687,1.8586538372424626,0.19365814574589849,0.18666680656238077,0.20043657954979016,0.03655952993925768,0.035601254349332624,0.037502001042827124,1.8279764969628838,0.19036772839977112,0.18369972820904062,0.19693262445164983,0.0883607319926085,0.08616663248595591,0.09050360461182674,1.7672146398521695,0.18395048447394524,0.1776475204089418,0.19016727130540934,0.16938862719113515,0.16552706349847193,0.173289046896737,1.6938862719113512,0.17607808804455635,0.17044716849774932,0.18179749561303124,0.3154664466108267,0.3094060712273213,0.32153617975630827,1.5773322330541333,0.16333904899959947,0.15871548284346448,0.16820208806195044,0.44340400927046936,0.43649463224759694,0.45058762625387927,1.478013364234898,0.15231220833386316,0.14842137094210547,0.1564091320905866,0.5560163314493256,0.548851174068128,0.5635478895794648,1.3900408286233141,0.14247452745617883,0.13928674063972232,0.14588196871006504,0.655559618626181,0.6486456285366776,0.6629079117006594,1.311119237252362,0.13363995361328124,0.13101499099731445,0.13647706985473632,0.08686727996104869,0.08477651728552078,0.0889252420504045,0.3628456380400657,0.3574583680436619,0.36842561778968713
suniward_alpha0p001,SUNIWARD,0.001,gradient_magnitude_cover,1000,7.561874389648438e-05,0.0007648003705177446,0.0006419735489537254,0.0009148805017895137,0.7245986569708246,0.03655619984433022,0.03298221826345771,0.040523161150476945,7.311239968866045,0.0006079328756674293,0.0005430968726163235,0.0006788710907704043,0.06364099618637105,0.05855816535095302,0.06903181547314026,6.364099618637104,0.0005223197252956886,0.0004769076688286913,0.0005719191148416634,0.10927227287814281,0.10189030288396837,0.11706465860525933,5.46361364390714,0.00044955178333015445,0.00041483406446690826,0.00048636276940682813,0.21932868372215905,0.20908417612809138,0.23113008112054187,4.386573674443182,0.0003566796368352789,0.00033676661326009007,0.0003804913405050736,0.34770838835244205,0.335382781328666,0.3617295149050735,3.47708388352442,0.00027870603494316017,0.0002658493553063249,0.00029335469596398865,0.5214396169112047,0.5078612875538628,0.5363664839722864,2.607198084556023,0.0002053062236548475,0.00019792433576837248,0.0002135845619790574,0.6408425263283769,0.627817610717757,0.6542164780658123,2.1361417544279235,0.00016646109634678227,0.0001613872181885228,0.00017191676309398168,0.7281245899197458,0.7158083772828291,0.7400918539172934,1.8203114747993645,0.00014078086555150776,0.00013722367392092163,0.0001446246352209655,0.7967084995878845,0.7856714488203856,0.8066696345133498,1.593416999175769,0.0001225738525390625,0.0001197427749633789,0.00012559528350830079,0.20311390985879704,0.19442917933029344,0.21315411243419743,0.5331458173976575,0.5222242561357452,0.5447113722437209
suniward_alpha0p001,SUNIWARD,0.001,gradient_magnitude_stego,1000,7.561874389648438e-05,0.0007641295078207166,0.0006414034432258504,0.0009144350649447088,0.7246097832716782,0.03657108079671119,0.032948581190779924,0.040575386779298,7.314216159342236,0.000608695652173913,0.0005438596491228069,0.0006788710907704043,0.0635955416409165,0.05851274579784312,0.06899036704323903,6.359554164091649,0.0005219381915299503,0.000476526135062953,0.0005715375810759251,0.10930930991517986,0.10200005280119852,0.11715340596812182,5.465465495758992,0.000449742513827961,0.00041502479496471483,0.00048655826816707996,0.21914044425271248,0.208980600823997,0.23090369822569778,4.38280888505425,0.0003564507515068284,0.0003365358205539025,0.00038033684290836957,0.34790200458914655,0.33571501626721034,0.3622049950172863,3.4790200458914646,0.00027889677271686884,0.0002659637979705501,0.00029354638742656603,0.5214120984836862,0.5077133084383839,0.5363457160617074,2.6070604924184306,0.0002053062236548475,0.0001979620057601709,0.00021358551564973582,0.6406204111549031,0.6276512612348336,0.654162694208319,2.1354013705163437,0.00016642294927711302,0.00016133635542896378,0.0001718280711570006,0.7281678220215458,0.7156967564569597,0.7401607974687926,1.8204195550538642,0.00014079040225829217,0.00013722367392092163,0.0001446251120563047,0.7971095630922337,0.7861811421300835,0.807133975498294,1.5942191261844674,0.00012262725830078125,0.00011977367401123046,0.00012564144134521484,0.2030917604943119,0.19444866222536922,0.2131507027915727,0.5331595751990273,0.5223029916167609,0.5448377424944537
suniward_alpha0p001,SUNIWARD,0.001,laplacian_residual_cover,1000,7.561874389648438e-05,0.0024085582524448184,0.001999437016802878,0.002876166730102482,0.7358278507333273,0.09028898922491328,0.08477337954701254,0.09627430179193866,18.05779784498266,0.0014767353165522504,0.0013752860411899315,0.0015873379099923721,0.13728301081406993,0.13057730716304758,0.14466604147304948,13.728301081406993,0.0011125524608927887,0.0010473006486074019,0.0011850438763830596,0.1986778986519533,0.19043276948531243,0.20824965279330998,9.933894932597665,0.0008037383177570093,0.0007612054167461377,0.0008506627884798779,0.31286643416873067,0.3019061944045826,0.324568037652315,6.257328683374613,0.0005019455252918288,0.000479972533760586,0.000526359960326543,0.42745435708630364,0.4151685420485156,0.4400774619950745,4.2745435708630355,0.0003392080567635615,0.00032642767223620974,0.00035233176928358887,0.5646299774178383,0.552785855412271,0.5771476095736272,2.823149887089192,0.00022106086326269814,0.00021432699460222397,0.0002285381182170173,0.6592135125276256,0.6478559567391872,0.6708009828801882,2.1973783750920854,0.00017059369556095266,0.00016604084279592588,0.00017561766463639484,0.7304678611605707,0.7206153423873409,0.74065154042907,1.8261696529014266,0.0001409620629804116,0.00013751907341356883,0.00014465300692364914,0.7859119065756826,0.7771718846009668,0.7951873881650887,1.571823813151365,0.00012084197998046875,0.00011824779510498047,0.00012368011474609374,0.28655641794175973,0.2772104624789278,0.29639837651443623,0.5695101801757576,0.5595277808928233,0.5799217430547506
suniward_alpha0p001,SUNIWARD,0.001,laplacian_residual_stego,1000,7.561874389648438e-05,0.002531763354504127,0.002110657009882218,0.003019880607715057,0.7481776651104922,0.09335673419057847,0.08772220693158721,0.09912911201462782,18.671346838115692,0.001517162471395881,0.0014164759725400458,0.001623989321128909,0.139521663981109,0.13258636411395588,0.1471202937995206,13.952166398110897,0.0011316291491797021,0.0010648512018313619,0.001201840900419687,0.20477016521041808,0.19636051330688062,0.21415667148174228,10.238508260520902,0.0008216669845508296,0.0007793248140377647,0.0008653490368109861,0.32352708157786286,0.31305521251407287,0.33530769581233405,6.470541631557256,0.000515754940108339,0.0004941538872358282,0.00053979171435111,0.44072188089341763,0.42901270365125,0.4534066625684443,4.407218808934177,0.00034813458457312883,0.00033543049515526055,0.00036167792019531553,0.5833713194822316,0.5717727775853222,0.5951274845823877,2.9168565974111575,0.00022762211753037443,0.00022098409277308362,0.00023487096835720687,0.6757143778173095,0.6646938408714413,0.686822844413841,2.252381259391032,0.00017434482407843036,0.00016995695738972316,0.00017926579606576554,0.747588501122424,0.7375894345384029,0.7572613056924784,1.8689712528060602,0.00014389936867001087,0.00014057081958458105,0.00014743963264605468,0.8040670791953737,0.7952889805008182,0.8125613520972668,1.6081341583907474,0.000123321533203125,0.000120697021484375,0.00012612953186035155,0.2956772974046952,0.28664047310644286,0.30587557725051334,0.5849491951742112,0.5751987200599535,0.5948765530451368
suniward_alpha0p001,SUNIWARD,0.001,local_entropy_cover,1000,7.561874389648438e-05,0.0011069350429254664,0.0009025455220673792,0.001334722416368801,0.7689736907295562,0.05082799631809922,0.04596702075391368,0.0559623179544509,10.165599263619843,0.0008581235697940504,0.0007703852021357741,0.0009527269260106789,0.08610149252428599,0.07938052569793581,0.09349498116659385,8.6101492524286,0.0007191911484166348,0.0006566196108355589,0.0007867321632964516,0.1423221608224258,0.13326116884786096,0.1525816770308608,7.116108041121289,0.0005918367346938776,0.0005481499141712761,0.0006381890139233264,0.26421069872681446,0.2512812654676319,0.27857549113208846,5.284213974536289,0.00043427176317998017,0.0004084821087968261,0.00046227397573815523,0.40494925126291875,0.3894091115056247,0.4212123723762849,4.049492512629187,0.00032665751125352866,0.0003107099259937438,0.00034348058289463643,0.5840437316693613,0.5677547104802853,0.6006070594989922,2.9202186583468066,0.00023116977245417613,0.00022233782830113105,0.00024032644147323047,0.7056417511592852,0.6913244097864244,0.7211260008700137,2.3521391705309505,0.00018385616011596707,0.00017837537988123545,0.0001897947051867299,0.7874114033497599,0.7746959344705141,0.8002135976250778,1.9685285083743997,0.00015248240477598276,0.00014864817181330943,0.00015666925747200976,0.8504319148983523,0.8393401905341378,0.860886789430378,1.7008638297967047,0.00013091278076171874,0.00012803592681884766,0.0001340188980102539,0.24438503622616706,0.23332938654054378,0.2565034606255309,0.5898345010970417,0.577327621178108,0.6028903098590739
suniward_alpha0p001,SUNIWARD,0.001,local_entropy_stego,1000,7.561874389648438e-05,0.0011089069515618473,0.00090366063403953,0.0013367667107950746,0.7690553320828418,0.05087817270517963,0.046029975143959116,0.05598600826893693,10.175634541035926,0.0008588863463005338,0.0007703852021357741,0.0009542334096109839,0.08587976408418614,0.0790767821577251,0.09331878220548921,8.587976408418614,0.0007180465471194199,0.0006558470049599389,0.000785196489889355,0.1425907039469397,0.13340701533223343,0.15279735999134078,7.129535197346983,0.0005927903871829106,0.0005489176044249476,0.0006393286286477209,0.26425347557004497,0.25145872516017204,0.278588856228379,5.285069511400899,0.0004343480582894637,0.0004086289768825818,0.00046227779049362935,0.4053464073960094,0.3897691916829481,0.4216179613096413,4.053464073960094,0.00032692454413672085,0.00031090161745632103,0.0003436007476920729,0.5846785022765155,0.5683327350148937,0.6011879229314409,2.923392511382577,0.00023137958000343323,0.00022250853535257207,0.00024053529535180914,0.7056624172041471,0.691212463140101,0.7209541096906291,2.3522080573471573,0.0001838561601159671,0.000178400811261015,0.00018971968261638036,0.7875695159337517,0.774660381202602,0.8003226877712288,1.968923789834379,0.0001525014781895516,0.00014864793339563982,0.00015669786759236302,0.8507108107992688,0.8397549497438227,0.8612514484496203,1.7014216215985376,0.00013094329833984375,0.0001280515670776367,0.00013404884338378905,0.24454102380798123,0.23341015684772062,0.25663716163325484,0.5900960136640069,0.5775480940449922,0.6031407915190116
suniward_alpha0p001,SUNIWARD,0.001,local_variance_cover,1000,7.561874389648438e-05,0.0006039596208396831,0.00048757718867201676,0.0007636566194774975,0.7532982692531822,0.028133120412478826,0.024768083679430734,0.03148409057812402,5.626624082495765,0.0004622425629290618,0.0004042715484363082,0.0005232646834477497,0.05185567959061939,0.047047648706292904,0.057081756774841105,5.185567959061938,0.00043037008775276606,0.00038648416634872183,0.00047806180847004954,0.0931932112095904,0.08557087610452296,0.1012086570328179,4.65966056047952,0.00038546633606713717,0.0003507486172038909,0.00042323097463284375,0.2029672649899104,0.19107620191980054,0.21505378766569122,4.059345299798208,0.00033134966048676276,0.0003092221713588159,0.0003546959639887083,0.3436773919196642,0.32896266063330354,0.359135945708468,3.4367739191966415,0.00027691309987029833,0.00026192015716792555,0.00029244106202792403,0.5438311434218004,0.5281376850585907,0.5608645072122708,2.7191557171090013,0.00021514810505636196,0.00020688884014572088,0.00022417078334509527,0.6831294489265138,0.6690122121340707,0.6983075072086504,2.2770981630883798,0.00017812138397568761,0.00017279223834289128,0.00018394707729867886,0.7773832638787042,0.7648189724689912,0.7903032552799755,1.94345815969676,0.00015071811402086633,0.0001469027160540922,0.00015489614526311774,0.8462458286201013,0.8358023093645576,0.8567418052216773,1.6924916572402027,0.00013022613525390624,0.00012741813659667968,0.00013333911895751954,0.19104072820771867,0.18131450169406851,0.2014312062134368,0.558069238940924,0.5462503556558133,0.5702849282775377
suniward_alpha0p001,SUNIWARD,0.001,local_variance_stego,1000,7.561874389648438e-05,0.0006039526429518365,0.00048758136817313695,0.0007635891326678338,0.7533746511506907,0.028133120412478826,0.024768083679430734,0.03148409057812402,5.626624082495765,0.0004622425629290618,0.0004042715484363082,0.0005232646834477497,0.05192313990807971,0.047058303558466116,0.05716022812767507,5.19231399080797,0.0004307516215185043,0.00038687523845860357,0.00047806180847004954,0.09328032554715847,0.08561038455344756,0.10133012159788464,4.6640162773579235,0.00038584779706275036,0.0003513208086973107,0.0004234312416555407,0.20322656450681859,0.19128031235693457,0.21526569521904979,4.0645312901363715,0.0003316548409246967,0.00030952925917448695,0.00035492675669489585,0.3436390522093643,0.3290222030407509,0.35923955619052245,3.436390522093644,0.0002768749523155566,0.0002618429083695735,0.00029236285954070343,0.5440449252619408,0.5283116315438976,0.5609506491749802,2.720224626309704,0.00021520532529706844,0.00020696513379999618,0.00022417078334509527,0.6832022336037104,0.6690181124417927,0.6983780216018078,2.2773407786790347,0.00017812138397568761,0.00017275504494996375,0.00018395820352733237,0.7775856285546672,0.7650568880727227,0.7904774301301508,1.943964071386668,0.00015075626084800397,0.00014694157813423869,0.0001549433519617006,0.8465626867619596,0.8361003665470704,0.8570235920786102,1.6931253735239191,0.0001302642822265625,0.00012744884490966795,0.0001333852767944336,0.19115734547823013,0.1814293396137051,0.20149513806447553,0.5582182004768421,0.5464178972162764,0.5704815304785825
suniward_alpha0p001,SUNIWARD,0.001,oracle,1000,7.561874389648438e-05,0.00821528532555702,0.007406052694515609,0.009098911219146728,0.9082270199733874,0.23108198026103877,0.22082415247986265,0.2424072229185133,46.216396052207756,0.003749046529366895,0.0035537566742944314,0.003965713196033561,0.3233465394107528,0.3107628497514895,0.3366170715656019,32.334653941075274,0.0026123616940099195,0.0024864364746280047,0.0027462800457840517,0.43571323780225274,0.4219168303249565,0.45031616765636573,21.785661890112642,0.00174537478542819,0.001672892427999237,0.0018220627503337783,0.614329731443778,0.5999524546322247,0.62897921587934,12.286594628875559,0.0009691004806591897,0.0009370546272983902,0.0010029011215381095,0.7407318086764283,0.727798064763641,0.7537397307643946,7.407318086764283,0.0005762951094834821,0.0005608072022583353,0.000592813000686656,0.8535247999006109,0.8436720932101442,0.8635776733784215,4.267623999503056,0.00032815808045165846,0.0003210813671822846,0.00033565536249022493,0.9098602842586649,0.9023904379557415,0.9173078736220849,3.0328676141955495,0.00023193418358913063,0.00022730503668476533,0.00023671560087992576,0.9440917540859503,0.9383143648973914,0.949673528176286,2.3602293852148755,0.00017980506971332661,0.00017655233744683286,0.00018318130233267848,0.9662737281925791,0.9619565485919508,0.9703423594986665,1.9325474563851581,0.0001468353271484375,0.00014439201354980467,0.00014946765899658205,0.5538625817759272,0.5413087380962164,0.5668804306424763,0.8229684376911314,0.8147847784050274,0.8310454824586676
suniward_alpha0p001,SUNIWARD,0.001,srm_residual_cover,1000,7.561874389648438e-05,0.002203889566924139,0.0018767930138035868,0.0025478861650449526,0.7879248958356032,0.08729968175825564,0.08154507357913392,0.09338932163718565,17.45993635165113,0.0014363081617086194,0.001333295194508009,0.0015492181540808542,0.13500331777022162,0.12760815072569237,0.14340796534435923,13.500331777022161,0.001107210988172453,0.0010354635635253717,0.0011854254101487979,0.2057261409463463,0.19605046077890168,0.2163648202769014,10.286307047317317,0.0008361625023841313,0.000789047301163456,0.0008880507343124165,0.3369975333830977,0.3247551957938361,0.35070408676032905,6.739950667661953,0.0005412375066758221,0.0005170500495918211,0.0005688582436865797,0.4695450287716203,0.45648879377688945,0.48378896364708285,4.695450287716203,0.00037273975738155187,0.00035881589990081637,0.00038845654993514915,0.6299947808484555,0.6173137026815297,0.6430059627111214,3.149973904242278,0.0002465238703770814,0.00023921827614488165,0.00025434683095233555,0.7328257586786388,0.7214087543813715,0.744471687972415,2.442752528928796,0.00018951464211690804,0.00018473322482611294,0.00019470264359192806,0.803999502856914,0.7935569736210971,0.8142316880395134,2.009998757142285,0.0001549619485399302,0.00015154709225810144,0.00015873872284422744,0.8585877112938844,0.8497101408767976,0.8669941822278868,1.717175422587769,0.0001316986083984375,0.00012899761199951172,0.00013460655212402343,0.3078207316560928,0.29750941141072174,0.3194157861811084,0.6277414288145707,0.6175413293469552,0.6385584119051676
suniward_alpha0p001,SUNIWARD,0.001,srm_residual_stego,1000,7.561874389648438e-05,0.002207371517879962,0.0018863579571761204,0.0025589743610772903,0.7973710849132636,0.0877851061321196,0.08213244096209775,0.09392863853766276,17.557021226423917,0.00144698703279939,0.0013409420289855073,0.0015644546147978642,0.1379758763720931,0.13049375307577646,0.14610129469736122,13.797587637209308,0.001126669210225105,0.0010549408622663105,0.001202241510873712,0.2094278470275438,0.20015813044929637,0.21964309007758237,10.47139235137719,0.0008474156017547205,0.0008012492847606332,0.000897773221438108,0.342736010305688,0.3309260097541348,0.3556581593310297,6.854720206113759,0.0005481803616388189,0.0005244430457007705,0.0005752689402609292,0.4805072289079153,0.46732443010183206,0.4943950791094775,4.805072289079153,0.0003796063172350652,0.00036564431219958805,0.0003948662928206302,0.6429906460072852,0.6305313989814425,0.6560461053182731,3.2149532300364254,0.0002507963150164985,0.00024341442713002347,0.0002586960460813672,0.7480045093445596,0.7368696888814814,0.75946485573634,2.4933483644818657,0.00019276985872868533,0.00018801387281766973,0.00019786916826672432,0.8165999271172223,0.8065308120735454,0.8261865395006812,2.0414998177930554,0.0001569741936714414,0.00015353978714070457,0.0001606558393255641,0.8711463144181325,0.8630081634764524,0.8793413071513821,1.742292628836265,0.00013339996337890625,0.00013083610534667968,0.0001362457275390625,0.3138442267892757,0.303862868600355,0.3253173288700602,0.6394532161842734,0.6293603937488875,0.6500612098811552
suniward_alpha0p001,SUNIWARD,0.001,texture_energy_cover,1000,7.561874389648438e-05,0.0021809702409306114,0.0018298734849445312,0.002592529923519586,0.7722341129180486,0.08596491438159735,0.0804411665715642,0.09199572630970158,17.19298287631947,0.0013989321128909228,0.0012989893211289092,0.0015080282227307397,0.13038093198807374,0.12346920474284973,0.13808580994733133,13.038093198807372,0.0010599008012209079,0.0009946489889355208,0.00113429988553987,0.19614289800107604,0.1871001334789289,0.20588718157969502,9.807144900053803,0.0007949647148579057,0.0007509059698645814,0.0008436009917985885,0.3239484113524252,0.3125356113303954,0.3369832634154604,6.478968227048503,0.0005207141222247654,0.0004976672770275424,0.0005474231326771953,0.4523136304455935,0.43986614194205,0.46670274305868215,4.523136304455935,0.0003597695887693599,0.00034622434576943615,0.00037480354009308,0.6052394400695583,0.5926085997435496,0.6189900717997445,3.0261972003477915,0.00023761658624043948,0.000230197028362166,0.0002456665204371627,0.7048560768014857,0.6931332009515067,0.7171843479269503,2.349520256004952,0.00018261002250677112,0.0001776381877598769,0.00018788735170326666,0.7808307193237152,0.7702205365129798,0.7912835677046497,1.952076798309288,0.00015050830647160923,0.00014698878483282153,0.00015433252589215892,0.8407370168472439,0.8320430652500221,0.8496191212460124,1.6814740336944878,0.0001290435791015625,0.00012641849517822267,0.0001320198059082031,0.29596316737076905,0.28591012968445445,0.30703300677142903,0.6066829454423894,0.5959408834834468,0.6181236659291232
suniward_alpha0p001,SUNIWARD,0.001,texture_energy_stego,1000,7.561874389648438e-05,0.0022990932569311646,0.001915907436617892,0.0027159301103274964,0.7825485774793944,0.0880626691969271,0.08265645805103426,0.09395469063039909,17.612533839385417,0.0014271548436308162,0.0013279748283752861,0.0015370327993897786,0.1326820288178773,0.12566672950087618,0.14036979851038212,13.26820288178773,0.001077451354444868,0.001011818008393743,0.0011518504387638304,0.2007923288203803,0.19189860037932555,0.21065347467244694,10.039616441019016,0.0008107953461758535,0.0007676854854091168,0.0008598130841121496,0.3321929302352871,0.3204375676620955,0.34511097644439853,6.643858604705742,0.0005320057984283207,0.0005083524071107042,0.0005581769283588922,0.46219262814810924,0.44924001560937543,0.47616520546375474,4.621926281481092,0.0003662165255207141,0.0003528639276722362,0.000381551842526894,0.6196312984047371,0.6072623144805648,0.6331548586278917,3.0981564920236853,0.00024223235232409546,0.00023515611589006085,0.0002501106257986992,0.721881642640315,0.7101903124228601,0.7333972713551875,2.406272142134383,0.00018629757257480005,0.00018161756291087573,0.0001914728583599303,0.7947823678980344,0.7844332674553492,0.8051203797968127,1.986955919745086,0.00015307368059661638,0.00014964022773655803,0.00015679299624253755,0.8533585347970749,0.8446530685635744,0.8616522273238759,1.7067170695941498,0.00013071441650390624,0.00012811946868896483,0.00013355274200439453,0.3029380805164054,0.2928280985573034,0.31387306113093144,0.6194017941864167,0.6092838705416757,0.6300718546285575
suniward_alpha0p001,SUNIWARD,0.001,uniform,1000,7.561874389648438e-05,7.561874389648438e-05,7.447423934936523e-05,7.684326171875e-05,0.5,0.005,0.005,0.005,1.0,7.560259344012205e-05,7.445833333333335e-05,7.682684973302823e-05,0.01,0.01,0.01,1.0,7.563143838229683e-05,7.44867417016406e-05,7.685616177031666e-05,0.02,0.02,0.02,1.0,7.561701316040436e-05,7.447253480831585e-05,7.684150295632273e-05,0.05000000000000001,0.05000000000000001,0.05000000000000001,1.0,7.56198977645533e-05,7.447537575341422e-05,7.684443427176319e-05,0.10000000000000002,0.10000000000000002,0.10000000000000002,1.0,7.56198977645533e-05,7.447537575341422e-05,7.684443427176319e-05,0.20000000000000004,0.20000000000000004,0.20000000000000004,1.0,7.56184554349692e-05,7.447395525377177e-05,7.684296858608786e-05,0.2999999999999999,0.2999999999999999,0.2999999999999999,1.0,7.561893620538381e-05,7.44744287476317e-05,7.684345714176723e-05,0.4000000000000001,0.4000000000000001,0.4000000000000001,1.0,7.56184554349692e-05,7.447395525377177e-05,7.684296858608786e-05,0.5,0.5,0.5,1.0,7.561874389648438e-05,7.447423934936523e-05,7.684326171875e-05,0.05000000000000002,0.05000000000000002,0.05000000000000002,0.25,0.25,0.25
suniward_alpha0p001,SUNIWARD,0.001,wavelet_energy_cover,1000,7.561874389648438e-05,0.0007866999034886585,0.00061126097775393,0.0010055207261568267,0.7016712617471496,0.03588929860000261,0.03209585863480571,0.039880317334146397,7.17785972000052,0.0006033562166285278,0.0005354691075514875,0.0006765827612509534,0.06077009392542521,0.05553272557577165,0.06609635465382004,6.077009392542521,0.0005051507058374666,0.0004574589851201831,0.0005532239603204882,0.10308540077371069,0.09572859801071773,0.11023577650582646,5.154270038685534,0.0004272363150867824,0.0003930812511920656,0.00046137707419416363,0.20228018736712908,0.1910997886775647,0.21320266598195314,4.045603747342582,0.00033104448004882893,0.0003099050125886931,0.0003521801327534905,0.31811703332429736,0.3049354982963995,0.3312102219273039,3.1811703332429735,0.0002567330434119173,0.00024338139925230795,0.0002700093461509118,0.4807334590938268,0.46650810498091794,0.4950744787521255,2.403667295469134,0.00019090579641038358,0.00018344809170497246,0.00019851656525968455,0.599110603880425,0.5854816778932792,0.6124718624586907,1.9970353462680834,0.00015675902496089925,0.00015162156835319098,0.00016178235825184693,0.6939516180007906,0.6818395569199284,0.7059937094138355,1.7348790450019764,0.000134877644051956,0.00013111016803677355,0.00013872212897442254,0.7662030989376476,0.7555809246466711,0.7769156362693643,1.5324061978752952,0.00011826324462890625,0.00011545562744140624,0.00012123126983642578,0.18741063540707514,0.17790947796029624,0.19655888994316997,0.5006732765026181,0.4889404407775235,0.5120974538943659
suniward_alpha0p001,SUNIWARD,0.001,wavelet_energy_stego,1000,7.561874389648438e-05,0.0007864896434524939,0.0006118156942312259,0.0010042554699036493,0.7016723959006284,0.03579657791489062,0.032007782759614856,0.039740981955334924,7.159315582978124,0.0006018306636155605,0.0005339435545385203,0.0006750572082379862,0.060747456562787856,0.0555836633791827,0.06604590830729483,6.074745656278785,0.0005051507058374666,0.00045784051888592137,0.0005536054940862266,0.10312355699700015,0.0957083119956886,0.11021818108163169,5.156177849850008,0.00042742704558458897,0.0003930955559794011,0.00046194926568758344,0.20218592630411805,0.1910726331498016,0.21304654149301616,4.043718526082361,0.0003308918898298619,0.0003097543297474632,0.0003521019302662699,0.3180938380525512,0.3049406051656728,0.33115678571626855,3.180938380525511,0.0002566948958571755,0.00024330510414282447,0.00026993209735255973,0.4802306879118261,0.466063148381107,0.49448340238696786,2.4011534395591307,0.00019071506227469532,0.00018331314730397303,0.00019832535428865704,0.5994602204474329,0.585878661620246,0.6126561287275053,1.9982007348247763,0.00015683531910023777,0.00015171089607466653,0.0001618456188090485,0.6940835624452351,0.6821020442663696,0.7061318147606296,1.7352089061130875,0.00013490625417230922,0.0001311483148639112,0.00013874215605866983,0.7659648523313128,0.7553574561888874,0.7767176570972761,1.5319297046626257,0.00011823272705078125,0.00011543254852294922,0.00012118549346923828,0.18736842957213865,0.17785092756078183,0.19655007471853297,0.5006344491137129,0.4889835972895297,0.5120952903601719
suniward_alpha0p0025,SUNIWARD,0.0025,gradient_magnitude_cover,1000,0.00020575332641601562,0.001198832756440373,0.001076268510760804,0.0013357661316002179,0.7138133454296846,0.033335328085445155,0.03082377036709425,0.03602310292843942,6.6670656170890314,0.001472921434019832,0.0013524027459954234,0.0016079328756674295,0.058283658904651744,0.05443612879031084,0.06241877437669734,5.8283658904651725,0.0012869133918351774,0.0011896127432277756,0.0013914727203357495,0.10041422749382999,0.09470628073975622,0.10656477828101106,5.020711374691499,0.0011079534617585351,0.001032028418844173,0.0011878790768643907,0.202451077881288,0.19356586721357463,0.21193192894897422,4.04902155762576,0.0008861676966506446,0.000840007248035401,0.0009383554589150835,0.3303337296694773,0.31927749143515616,0.34260639375920776,3.3033372966947736,0.0007159533073929961,0.0006864623865110247,0.000749926565957122,0.5013537443598747,0.48918266095932433,0.5146738812934847,2.5067687217993733,0.0005362299490739858,0.0005194429609567225,0.0005554201873009213,0.6208063896850624,0.6086703915436681,0.6336068536583402,2.069354632283541,0.00043855142860775906,0.0004265589435804839,0.0004513945932886589,0.7130864517076734,0.7022577380674043,0.7242326329053048,1.7827161292691835,0.00037496423734955845,0.0003664558259741746,0.00038410993915581073,0.7844150601918375,0.7749210160571253,0.7935592056038439,1.568830120383675,0.0003281936645507813,0.0003216167449951172,0.0003348697662353516,0.1896847498907717,0.18204993772406114,0.19799629623584114,0.5164611461148079,0.506228020457667,0.5270715142448998
suniward_alpha0p0025,SUNIWARD,0.0025,gradient_magnitude_stego,1000,0.00020575332641601562,0.0011984817206840861,0.0010756725924727342,0.0013354254551607738,0.7138046128932383,0.033362926106000924,0.030845993797514463,0.03606107119508876,6.672585221200185,0.0014744469870327992,0.001353146453089245,0.0016094584286803965,0.05827151652513727,0.05444480770003287,0.06237851089512924,5.827151652513726,0.0012865318580694391,0.0011896127432277756,0.001390709652804273,0.10048518899205137,0.09476361094355519,0.10664568686998209,5.024259449602568,0.0011087163837497616,0.0010324146481022315,0.0011886372305931717,0.20248378820578938,0.19356556669564046,0.21197214577064716,4.049675764115787,0.0008863202868696116,0.0008402265964751658,0.0009388132295719844,0.33047041658100473,0.3194176499735487,0.3427493748580598,3.304704165810047,0.0007162203402761884,0.0006868076218814374,0.000750156404974441,0.5013702737149771,0.48907798334371005,0.5146710772758629,2.506851368574886,0.0005362871693146922,0.0005194410536153656,0.0005554797917183238,0.6208220534371537,0.6087317273013662,0.6337841104862185,2.0694068447905125,0.0004385641442976489,0.00042663587350431697,0.00045146071487608556,0.7129728440711225,0.7021344733098466,0.7241671687627375,1.7824321101778065,0.00037494516393598963,0.0003664744225524042,0.0003840727459993515,0.7844706057030824,0.7749822979537783,0.7936190681467572,1.5689412114061647,0.0003281936645507813,0.000321563720703125,0.00033487720489501954,0.18974666727066256,0.18210023277599613,0.19803922992332523,0.5164764699271919,0.5062808450523865,0.5270903351610605
suniward_alpha0p0025,SUNIWARD,0.0025,laplacian_residual_cover,1000,0.00020575332641601562,0.0027920305543459372,0.0025217984478419072,0.0030848226755411687,0.7257395987439043,0.07746334652436407,0.0734396115395072,0.08171607171122812,15.492669304872814,0.0034187643020594963,0.0032112890922959573,0.0036399885583524028,0.11951537574377663,0.11432697105253584,0.1252404057134922,11.95153757437766,0.0026249523082792826,0.0024875810759252197,0.0027741415490270885,0.17722546771029954,0.17042586561548506,0.1846638264134392,8.861273385514979,0.001942017928666794,0.0018474060652298302,0.002043295823002098,0.2895964507942797,0.2805893448252535,0.2993427747170042,5.791929015885594,0.0012593270771343557,0.0012090447852292669,0.0013146429388876172,0.40411362343588975,0.3939222783069613,0.4152867776825778,4.041136234358897,0.0008704127565423057,0.0008406948577096209,0.0009024652857251849,0.5459285000648461,0.535414292553159,0.5573136499568712,2.7296425003242306,0.0005808045165843332,0.00056411527971161,0.000598085506113029,0.6440209250225173,0.6342615590713763,0.6545721132589991,2.1467364167417244,0.0004528438640438437,0.0004422888877586054,0.0004640349427158171,0.7190309487909586,0.7104791976822272,0.7279436805562983,1.7975773719773964,0.0003770527761353449,0.00036938431020999826,0.0003854176600736234,0.7782729632982709,0.7708359560065052,0.7858809582539916,1.5565459265965418,0.00032518768310546873,0.0003192361831665039,0.0003315517425537109,0.2651489002257457,0.2573884858644974,0.2739172216029901,0.5530645134942296,0.5442609212245028,0.5625091163279093
suniward_alpha0p0025,SUNIWARD,0.0025,laplacian_residual_stego,1000,0.00020575332641601562,0.0029226111808152277,0.0026352087989213874,0.003223412584492108,0.7385589145860904,0.08069975918498451,0.07643780447862837,0.08502415787576695,16.139951836996904,0.0035347063310450038,0.00333102593440122,0.0037628337147215863,0.12281400600321447,0.11732601168237272,0.12870746234738395,12.281400600321449,0.0026837085082029757,0.002542130866081648,0.0028386112170927123,0.18448627871874498,0.1773739067000513,0.19203873590276266,9.224313935937246,0.002006103375929811,0.0019128361625023842,0.0021058649628075527,0.30174252773136606,0.2927954532252278,0.3117562780952723,6.03485055462732,0.0013027389944304571,0.001252145799954223,0.0013574521248187993,0.41898338837300514,0.40902800372541653,0.4299814919429428,4.189833883730053,0.0008966964217593653,0.0008667086289768826,0.0009288242923628595,0.5662760161318734,0.5557840663146154,0.5773844967690391,2.8313800806593665,0.0005991149936104065,0.0005830918957065747,0.0006160540922008813,0.6619947556627286,0.6522365069023,0.6722917548413468,2.206649185542428,0.00046376664165914314,0.0004535041262413692,0.0004751983647622802,0.7357849235729976,0.7274285743411991,0.7442668882146591,1.8394623089324942,0.00038490148581891704,0.00037741254839878703,0.0003930188922161399,0.794627046026288,0.7872689056569626,0.8017474814287657,1.589254092052576,0.0003311767578125,0.0003254079818725586,0.00033733386993408206,0.27558615233903705,0.26763750634622063,0.2842031995678082,0.5692894129812567,0.5606096610254615,0.5783717200293519
suniward_alpha0p0025,SUNIWARD,0.0025,local_entropy_cover,1000,0.00020575332641601562,0.001612881239822595,0.0014415397019798158,0.0018075901962590782,0.75694051882604,0.04259933085967271,0.039274082566767586,0.046169811368441886,8.519866171934542,0.0019199084668192219,0.001744469870327994,0.0020976544622425624,0.07505591800726329,0.06983369641874095,0.08055842185271447,7.505591800726328,0.0016863792445631438,0.0015547310186951545,0.001824904616558565,0.12863316958491436,0.12141870701333014,0.13688992198484212,6.431658479245718,0.0014392523364485982,0.0013423564753004004,0.0015479734884608046,0.2436493216780595,0.23242691523985312,0.2558169861369685,4.87298643356119,0.0010809491111619745,0.0010209658960860608,0.0011490062561989776,0.3812635882971269,0.3671863562876072,0.39624154665840045,3.8126358829712697,0.0008341344319829099,0.0007958304722667278,0.0008751211184863049,0.5632765617174877,0.5485392259929879,0.5783572063537157,2.8163828085874383,0.0006050086784031739,0.0005843497873314386,0.0006264529172786054,0.6852806896005518,0.6718519679492904,0.6994633323620958,2.2842689653351727,0.00048517986343349064,0.00047205568200602715,0.0004992322902229061,0.7730196263654047,0.7610704292249442,0.7851097086851859,1.9325490659135114,0.0004070457189723245,0.0003975183104770261,0.00041712792538480616,0.838815911641562,0.8287450669278206,0.848562094999941,1.677631823283124,0.000350982666015625,0.0003440467834472656,0.0003582393646240234,0.2262614200560168,0.2164986630368124,0.2370388714844714,0.5715756095417611,0.5596091814796303,0.5839125970016497
suniward_alpha0p0025,SUNIWARD,0.0025,local_entropy_stego,1000,0.00020575332641601562,0.0016074834763692746,0.00143998533814799,0.0017998542227022774,0.7570580275796441,0.04264680491852639,0.03932809880557927,0.046208587653637286,8.529360983705278,0.0019221967963386729,0.0017490465293668956,0.002099160945842868,0.07493908120102799,0.0697355246228611,0.08048066620896097,7.493908120102797,0.0016840900419687142,0.0015524513544448683,0.0018230160244181606,0.12844983183033087,0.12125672424914996,0.13674951988551273,6.422491591516544,0.0014371543009727254,0.0013391140568376882,0.0015470150677093265,0.24369234246051438,0.2325081530385527,0.2559188777007572,4.873846849210287,0.0010811017013809415,0.001021278706034943,0.0011494659342336155,0.3814987839668877,0.36741964025920676,0.3964187856349529,3.8149878396688766,0.0008345159075303273,0.0007962891966124972,0.0008753500038147554,0.5638024995752605,0.5489660899723928,0.5789119959770058,2.8190124978763027,0.0006055045871559634,0.0005848824124053482,0.000627020351332278,0.685467285293023,0.6720733383776055,0.6995930257924824,2.2848909509767426,0.00048528158895260864,0.0004721841104739137,0.0004992469132662792,0.7732858941468594,0.7613755521122098,0.7854038105679171,1.9332147353671485,0.0004071696961605219,0.0003976613610787923,0.0004172788437696695,0.8388603082985623,0.8288526169835682,0.8485066101239007,1.6777206165971246,0.000350982666015625,0.0003440469741821289,0.00035822334289550785,0.2262943706779973,0.21652254032440618,0.23697522112204106,0.571805919165173,0.5598496054315711,0.5841314223654638
suniward_alpha0p0025,SUNIWARD,0.0025,local_variance_cover,1000,0.00020575332641601562,0.0010564896786016587,0.0009502684641410306,0.0011797168242867935,0.7416455706986758,0.02462568009163443,0.022275057308957624,0.02709300293797664,4.925136018326885,0.0010755148741418764,0.0009679633867276888,0.0011922196796338672,0.04594324317947478,0.04217212852168482,0.04988628660347882,4.594324317947477,0.001011446012972148,0.000921785578023655,0.0011079740557039294,0.0854266799277043,0.07966977246339829,0.09154694182941342,4.271333996385214,0.0009406828151821476,0.0008678189967575815,0.0010186963570474918,0.18793111556969982,0.17830286162107353,0.19806412051029035,3.7586223113939963,0.0008238345922026398,0.0007739909971770809,0.0008768692301823453,0.32218606362911917,0.3094685477900244,0.3359384902899068,3.2218606362911912,0.0007010757610437171,0.0006674248493171588,0.0007376983672846571,0.5230883709243844,0.5086978424342401,0.5385088578762331,2.6154418546219222,0.0005613877815712678,0.0005418365789925424,0.0005823909477579202,0.6620919901946404,0.6488687709678513,0.6758833029845498,2.206973300648802,0.0004687130450262579,0.00045555198809811424,0.0004826507127144184,0.7618516681822429,0.7500869626133857,0.7739223219659053,1.904629170455607,0.00040115203417955713,0.00039184420835796985,0.00041114745656030063,0.8331965582067205,0.8234959106080129,0.8428607209855177,1.666393116413441,0.00034867095947265625,0.00034181938171386715,0.0003559427261352539,0.1774813253637429,0.16909781677004346,0.18626018450746798,0.540440933116586,0.5293263142779531,0.5519162801751811
suniward_alpha0p0025,SUNIWARD,0.0025,local_variance_stego,1000,0.00020575332641601562,0.0010566703991191277,0.0009502658736198789,0.001179844665763843,0.7417895082836948,0.02460568009163443,0.02223168530956703,0.02707424728320312,4.9211360183268855,0.0010747520976353928,0.0009679443173150266,0.0011914569031273837,0.04592783011740286,0.04220440320247881,0.04987417007840602,4.592783011740287,0.0010110644792064097,0.0009225200305227013,0.0011075925219381914,0.085414184972863,0.07970456753890665,0.09151361604695722,4.27070924864315,0.0009404920846843409,0.0008674327674995231,0.001018124165554072,0.18813033926537134,0.17844742228109578,0.19829366705040882,3.7626067853074265,0.0008244449530785076,0.0007743018997482261,0.0008771019302662699,0.32219939726641555,0.3094528991877922,0.33582764596009057,3.2219939726641553,0.0007010376134889753,0.0006672360189211872,0.0007372854200045776,0.5234380789650579,0.5091072856905825,0.5388139595547711,2.6171903948252893,0.0005617120296019379,0.0005420854870396154,0.000582714242117912,0.6623325043518732,0.6490041934452934,0.6761720691852444,2.207775014506244,0.0004688529176150452,0.0004556921785791488,0.0004827651539234261,0.7621477058331606,0.7503553137005203,0.7743096662417215,1.9053692645829012,0.00040129508478132337,0.0003920251673692041,0.0004112993286158424,0.8335822833146215,0.8239367798348597,0.8432130750248541,1.667164566629243,0.00034880828857421876,0.0003419795989990234,0.00035608005523681636,0.17755969328071194,0.16919174852474442,0.18636739582125245,0.5406737645442644,0.5295563960928866,0.5519954725664651
suniward_alpha0p0025,SUNIWARD,0.0025,oracle,1000,0.00020575332641601562,0.009195555102015139,0.008489221234218842,0.009975458583076632,0.8926666561495752,0.1811823222192071,0.17391819020956648,0.18932114510763315,36.23646444384142,0.007996186117467581,0.0076086765827612516,0.008443192219679634,0.2685959502280775,0.25899439137436575,0.27913274693701445,26.85959502280775,0.005894696680656238,0.005625705837466616,0.006186207554368561,0.37808944102619413,0.36645633165738933,0.3907577477487027,18.90447205130971,0.004119206561129124,0.0039572477589166506,0.004297801831012779,0.5568669103037647,0.5437636777892698,0.5706626331452589,11.137338206075293,0.002392843518730449,0.0023169279774166475,0.002475474937056535,0.696523334295499,0.684296088260733,0.7091622788802487,6.96523334295499,0.001478065156023499,0.0014397621499961852,0.001517509727626459,0.825042516201888,0.8152618625452275,0.8348162855520774,4.125212581009439,0.000864864864864865,0.000847927673615747,0.000882492036849835,0.8902337389498314,0.8826604547645294,0.8976448062349849,2.967445796499438,0.0006179825286420915,0.0006079107485726638,0.0006285750162125046,0.9298632295466086,0.9245303728772257,0.9352614063740926,2.3246580738665217,0.0004821282114860097,0.00047520456236052567,0.0004895384710751683,0.9560691099918963,0.9519453141812405,0.9598608928982915,1.9121382199837926,0.00039540863037109374,0.0003902889251708984,0.00040084896087646486,0.5016992982786856,0.49030054419408775,0.513716997025917,0.7946270010241422,0.7867875172052743,0.8026848576489819
suniward_alpha0p0025,SUNIWARD,0.0025,srm_residual_cover,1000,0.00020575332641601562,0.002827242682408521,0.002575026070799686,0.003104915071184704,0.7747242467866885,0.07423641745754418,0.07033402389716345,0.07860488328270922,14.847283491508835,0.003302822273073989,0.003100648360030511,0.0035369946605644546,0.11673853601507786,0.11124623550261063,0.12274905159460407,11.673853601507785,0.0025890881342998853,0.002439908431896223,0.002752384586035864,0.18215922393268885,0.1747487590736327,0.19057791243522432,9.107961196634442,0.0020078199504100706,0.0019061319855044822,0.002120932672134274,0.30812514692483967,0.29789525053098875,0.31946789337961096,6.162502938496792,0.0013444724193179215,0.0012877832455939573,0.0014066567483024337,0.44105024847446084,0.4292550743856625,0.45365432260010774,4.410502484744607,0.0009518577859159227,0.0009191195544365607,0.0009892099641412985,0.6063526655089,0.5946104218063513,0.6187313804571237,3.0317633275445,0.0006451772873791223,0.000627206317114574,0.0006643126895420473,0.713041831751693,0.7026394911896691,0.7242955991169352,2.376806105838977,0.0005013923680429282,0.0004897041058962654,0.0005137930267156644,0.7890676878905947,0.779748722905259,0.7980153861093661,1.9726692197264866,0.0004133780922771749,0.00040514553014553016,0.0004220388525434397,0.8464186891652051,0.8386560321082168,0.8540068719651731,1.6928373783304103,0.0003530120849609375,0.00034676342010498047,0.00035950508117675784,0.28241167674909684,0.27365031265997186,0.29217581170166224,0.6069216661440234,0.5974306750181007,0.617097185598424
suniward_alpha0p0025,SUNIWARD,0.0025,srm_residual_stego,1000,0.00020575332641601562,0.002950073178672446,0.0026822549620814057,0.003234252945071231,0.7848239738879947,0.07646325759796938,0.07253211694808713,0.0809294331345374,15.292651519593873,0.0033752860411899316,0.0031693173150266966,0.003607170099160946,0.12000291866762773,0.11450736489157068,0.1259633390701357,12.00029186676277,0.0026466997329263635,0.002497119420068676,0.00280543685616177,0.18650517503928846,0.1790076622655595,0.19473581406024693,9.325258751964423,0.002044821666984551,0.0019416316994087357,0.0021541340835399578,0.3172921661634348,0.3071716399268512,0.32822386428579614,6.345843323268695,0.0013772030212863356,0.0013210460059510187,0.0014393186846723127,0.4530602416105811,0.44132734431567044,0.4653936535639793,4.53060241610581,0.0009734111543450065,0.0009408302815289539,0.0010095035095750362,0.6206007622502868,0.6093030080800318,0.6327384550097398,3.1030038112514338,0.0006583379427416125,0.000641053615365542,0.0006776817219477769,0.7274630345004692,0.7171752279360597,0.7378977060025618,2.4248767816682313,0.0005099754587185128,0.0004985694848874025,0.0005219161273094872,0.8027087879450148,0.793981341409594,0.8113080601236278,2.006771969862537,0.00041955787827347465,0.00041155586602834314,0.0004279406435369738,0.8596829902692313,0.852437787414241,0.8666443253811513,1.7193659805384627,0.0003578338623046875,0.0003518825531005859,0.00036403732299804687,0.2903063436558474,0.28159301897452,0.29984996074873677,0.6194901088583049,0.6103465915213463,0.6292797777189031
suniward_alpha0p0025,SUNIWARD,0.0025,texture_energy_cover,1000,0.00020575332641601562,0.0026913242388025816,0.0024205185585840505,0.002963129262603702,0.7617219617028536,0.07233401814811077,0.06861463855574916,0.07652991763943603,14.466803629622154,0.003195270785659802,0.003001506483600305,0.0034164950419527072,0.11438786512274614,0.10907075670279096,0.12020128538810461,11.438786512274612,0.0025192674551697825,0.002381896222815719,0.002673092331171308,0.17533363949414538,0.16813960684230714,0.18306903153379328,8.76668197470727,0.0019258058363532328,0.0018285285142094218,0.0020316707991607855,0.296053625689997,0.2862483635188926,0.30680383328126987,5.921072513799939,0.001291218432898451,0.0012358987563897154,0.0013509708552681774,0.4264213300324668,0.4149221414033981,0.43854723177646854,4.264213300324667,0.0009200808728160526,0.0008878433279926757,0.0009557116426337071,0.5848544603707603,0.5731780060685416,0.5970957688647802,2.924272301853801,0.0006229758339850083,0.0006056748173720652,0.0006416549047282992,0.6901282261750722,0.6793069448315334,0.7013540770854935,2.3004274205835746,0.000485624912579632,0.00047407843037524,0.0004979362435308929,0.7704302974443394,0.7612838247313476,0.7802963745352957,1.9260757436108487,0.0004036792614774266,0.0003954388315626848,0.0004123683934463751,0.8326984041450674,0.82500570868051,0.8406650306651287,1.6653968082901347,0.0003473968505859375,0.0003412616729736328,0.00035391330718994137,0.27228930147455604,0.26379761615929426,0.28165657932226607,0.5894524305106991,0.5800636581649258,0.5995462958573603
suniward_alpha0p0025,SUNIWARD,0.0025,texture_energy_stego,1000,0.00020575332641601562,0.0027655174199473897,0.002500170445596493,0.0030405366278013534,0.772870302543724,0.07569784645976663,0.07171180775664321,0.07979618001630763,15.139569291953327,0.0033142639206712433,0.0031181540808543095,0.00352938596491228,0.11728986374223416,0.11176124200458722,0.12313472460200031,11.728986374223417,0.002566959175887066,0.0024234929416253334,0.0027203357497138495,0.18015778071310726,0.17282039918811826,0.18818879688622045,9.00788903565536,0.001970055311844364,0.001874108334922754,0.0020764924661453364,0.30603825719327404,0.2961215728140688,0.3167253546286091,6.120765143865479,0.0013271534294651713,0.00127206645304036,0.0013866693369954987,0.4392095890995073,0.4279121688202374,0.45148126014538803,4.392095890995074,0.0009426642252231632,0.0009110017547875181,0.000978484779125658,0.5997524747469603,0.5882662598376251,0.6120673163091502,2.9987623737348015,0.0006361174159339298,0.0006191015468538405,0.0006545065707909746,0.708086022268232,0.6976885522809576,0.719068096410092,2.360286740894107,0.000496420533296034,0.00048549711989623995,0.0005083618376715029,0.785098554827372,0.7758616394226098,0.794353279133801,1.96274638706843,0.00041045032329436006,0.00040256298994831107,0.0004188528772244369,0.8472739355139473,0.8395835615655444,0.854857341316357,1.6945478710278945,0.000352752685546875,0.00034664859771728514,0.00035910892486572265,0.2808308883984638,0.2723024329262594,0.2900598510453818,0.6034019405095511,0.5941204579124569,0.6136745766972111
suniward_alpha0p0025,SUNIWARD,0.0025,uniform,1000,0.00020575332641601562,0.00020575332641601562,0.0002035064697265625,0.00020815668106079102,0.5,0.005,0.005,0.005,1.0,0.00020570938215102978,0.00020346300533943557,0.0002081122234935164,0.01,0.01,0.01,1.0,0.00020578786722624953,0.00020354063334605113,0.00020819162533384207,0.02,0.02,0.02,1.0,0.0002057486172038909,0.00020350181193972916,0.00020815191684150295,0.05000000000000001,0.05000000000000001,0.05000000000000001,1.0,0.00020575646601052878,0.00020350957503624022,0.00020815985732814532,0.10000000000000002,0.10000000000000002,0.10000000000000002,1.0,0.00020575646601052878,0.00020350957503624022,0.00020815985732814532,0.20000000000000004,0.20000000000000004,0.20000000000000004,1.0,0.00020575254153235806,0.0002035056934139503,0.00020815588700909802,0.2999999999999999,0.2999999999999999,0.2999999999999999,1.0,0.00020575384967511413,0.00020350698727159442,0.000208157210431952,0.4000000000000001,0.4000000000000001,0.4000000000000001,1.0,0.00020575254153235806,0.0002035056934139503,0.00020815588700909802,0.5,0.5,0.5,1.0,0.00020575332641601562,0.0002035064697265625,0.00020815668106079102,0.05000000000000002,0.05000000000000002,0.05000000000000002,0.25,0.25,0.25
suniward_alpha0p0025,SUNIWARD,0.0025,wavelet_energy_cover,1000,0.00020575332641601562,0.0011274602043981415,0.0009855731951040332,0.0013020590162073327,0.6910833370404112,0.03002227168096143,0.027429803279377003,0.032818825945920074,6.004454336192285,0.001364607170099161,0.00123339054157132,0.0015095537757437072,0.05305571001174799,0.04914981184651279,0.05712214903058797,5.305571001174799,0.001199542159481114,0.0010965280427317817,0.0013048645555131628,0.0922669021397661,0.08659711047359937,0.09815293314118612,4.613345106988305,0.0010387182910547397,0.0009622305931718482,0.0011197787526225442,0.18615243837163695,0.17712787433247715,0.19585210831857705,3.7230487674327386,0.0008275730525673303,0.0007793507286182955,0.000880521858548867,0.30059340597681217,0.2892711475080854,0.31323890408592503,3.005934059768121,0.0006589990081635768,0.0006268358510719463,0.0006928397039749752,0.4647147728267469,0.45207957481353056,0.47860779431134987,2.3235738641337345,0.0005014209693108776,0.00048293835472734556,0.0005210312994716665,0.5828465086621639,0.5707923554563339,0.5958396340389371,1.9428216955405466,0.0004146967943745788,0.00040199382017471364,0.0004277182966061824,0.6771909324146504,0.6660885608723462,0.6889439733113062,1.6929773310366258,0.00035833222071754184,0.0003490909134257758,0.00036772993000057223,0.7542854398443346,0.7445463644119991,0.7643404383975234,1.5085708796886692,0.00031700897216796876,0.0003101425170898438,0.0003242120742797851,0.17354299910574023,0.16563325741066098,0.1820125532813397,0.485146927183975,0.4747513606438701,0.4964255810616947
suniward_alpha0p0025,SUNIWARD,0.0025,wavelet_energy_stego,1000,0.00020575332641601562,0.0011280385838430963,0.0009865396936221216,0.0013019624767555275,0.6910897746996402,0.02996288135641363,0.027400451997595495,0.03269797924690061,5.992576271282726,0.0013615560640732264,0.0012303394355453851,0.0015057208237986269,0.05291867476489246,0.04904110599115757,0.05696531420741328,5.291867476489246,0.001196871423120946,0.0010942388401373522,0.0013018313620755432,0.0923209075296947,0.0866151188260539,0.098216981688681,4.616045376484735,0.0010392904825481594,0.0009626168224299065,0.0011201649818806025,0.18605137186536463,0.17701628198193758,0.19566067585268815,3.7210274373072925,0.0008271152819104295,0.0007788185702296481,0.0008796139467460135,0.3005891044691366,0.28932733523226334,0.3132308329896923,3.005891044691366,0.0006589990081635768,0.0006269111924925612,0.0006927977416647592,0.4646478803579422,0.45217512264430154,0.4785863750225966,2.3232394017897104,0.0005013256022430335,0.000483012741040264,0.0005208768048217589,0.5827967724221178,0.5707471304645622,0.5957610933307889,1.942655908073726,0.00041465864730490953,0.0004019677530104396,0.00042765471815673354,0.6772660380929904,0.6660785583286442,0.6890393646230458,1.693165095232476,0.00035836083083789507,0.0003491195235461291,0.00036784341681130674,0.7541542437147059,0.7444071101395591,0.7641752373422253,1.5083084874294117,0.00031696319580078126,0.0003100431442260742,0.00032414340972900386,0.17349905104455657,0.16558350731197452,0.18195400339035192,0.4851162832019057,0.4746471039498527,0.4964496983141239
suniward_alpha0p005,SUNIWARD,0.005,gradient_magnitude_cover,1000,0.00044232177734375,0.0019083929689734213,0.001769832521188409,0.0020697642408703133,0.7046771501389848,0.02961778296808173,0.027563090317977643,0.03187862771900525,5.923556593616346,0.0027986270022883294,0.0025796910755148737,0.003038157894736842,0.052837476581045484,0.049564518359933696,0.056399331925105455,5.283747658104549,0.0025001907668828686,0.0023246375429225486,0.002694086226631056,0.09298263188791966,0.08808597870178077,0.09822076510778935,4.649131594395984,0.002194545107762731,0.002058926187297349,0.0023418319664314322,0.1901493105000142,0.18230808710732876,0.19888879175624022,3.8029862100002836,0.0017856107423514153,0.0016941252765697717,0.001883899824521248,0.31412337688572756,0.3038095797542268,0.3253391691272949,3.1412337688572762,0.001461394674601358,0.0014015287632562752,0.0015266708628976881,0.4858206308800613,0.4740998531303735,0.4979396258324628,2.4291031544003063,0.0011159282076713272,0.0010815002193442563,0.0011541742165595377,0.6057967415393207,0.5946807442692852,0.6176701701333821,2.019322471797736,0.0009196749869664178,0.0008957946034612108,0.0009453355670561906,0.7005823078196671,0.6902916441659093,0.7113006212793603,1.7514557695491677,0.0007921665490472831,0.0007750569818230369,0.0008099079230959966,0.7744041066327862,0.7655109040378723,0.7835911414080772,1.5488082132655725,0.000696685791015625,0.0006837453842163087,0.0007100879669189453,0.178630794691004,0.17176473566238468,0.1861687561028461,0.503018843337862,0.4935070011615003,0.5132059689899441
suniward_alpha0p005,SUNIWARD,0.005,gradient_magnitude_stego,1000,0.00044232177734375,0.0019081275860764677,0.0017693998465838517,0.0020693403034704695,0.7046699983646261,0.029624152394833323,0.027569047080547745,0.03189120733683965,5.924830478966665,0.002799389778794813,0.002579710144927536,0.0030389588100686493,0.052875849950550405,0.04960433305341631,0.05644762582934272,5.28758499505504,0.0025020984357115605,0.0023254292254864554,0.002696356352537199,0.0929633566253564,0.08806697773997153,0.09821539045284623,4.64816783126782,0.0021941636467671176,0.0020583539958039286,0.002341450505435819,0.19009924481779525,0.1822636128537894,0.1988558049471587,3.801984896355904,0.0017851529716945145,0.0016937399862668801,0.00188334859235523,0.3140800636311979,0.3036861766433562,0.3253290497334972,3.1408006363119787,0.001461242084382391,0.001401560234988937,0.0015264820325017166,0.48574136242961563,0.4740422536452384,0.49790546318645834,2.4287068121480777,0.0011157374735356388,0.0010813662286139351,0.0011540573919014288,0.6057618404688754,0.5946974198540368,0.6177343730361201,2.0192061348962516,0.0009196241242068588,0.0008958057296898643,0.0009454369746830613,0.7005854666459511,0.6902308082427026,0.7113741371624636,1.7514636666148777,0.0007921570123404987,0.0007750545976463408,0.0008098585706383872,0.7744239854395553,0.7655178844184418,0.7835536851856342,1.5488479708791105,0.0006967010498046875,0.0006837747573852539,0.0007101421356201171,0.1785992815260218,0.171729972090161,0.1861619144172814,0.5029879951211681,0.493451236323026,0.5132161847458913
suniward_alpha0p005,SUNIWARD,0.005,laplacian_residual_cover,1000,0.00044232177734375,0.003781526560813968,0.0034871627260381214,0.004102456606782487,0.7149007286618705,0.06644938633565836,0.06327669541352836,0.07000589806999097,13.289877267131672,0.0062982456140350885,0.005950324180015255,0.006691094584286803,0.10408100189117744,0.09978883709848525,0.10890494551443737,10.408100189117745,0.00491835177413201,0.0046653662724151085,0.00519459175887066,0.1585187501313729,0.15239706206131498,0.16530702756163337,7.925937506568645,0.0037331680335685674,0.003554448788861339,0.003925820141140569,0.2683707038801761,0.2598358520886692,0.27728632007937326,5.367414077603522,0.0025069810025177388,0.0024043411917296104,0.002615482185091936,0.38112805870518696,0.3713202541209307,0.3917235247721371,3.811280587051869,0.0017632181277180132,0.001702766651407645,0.0018277819104295413,0.5271139788254181,0.5171077248904576,0.5377935082181173,2.63556989412709,0.0012050201224513154,0.001172060310133705,0.001240441835625322,0.6276956556040827,0.618321797447155,0.6377141205364882,2.092318852013609,0.0009490355149218621,0.0009277484963696706,0.0009716093612908967,0.7050491011338588,0.6968789205171372,0.7136943495753537,1.762622752834647,0.000794865437067272,0.0007796129050716207,0.0008109066547139943,0.7679802448811353,0.7611074795281392,0.7754792719210082,1.5359604897622705,0.0006896514892578125,0.0006780235290527344,0.000702103042602539,0.24546259071326296,0.23812055441492386,0.25336361032541244,0.5359750956139567,0.5275186387147363,0.5449732074961933
suniward_alpha0p005,SUNIWARD,0.005,laplacian_residual_stego,1000,0.00044232177734375,0.003963502976707521,0.003665890301358315,0.004291995035674659,0.7289789491650588,0.0695417298279277,0.06622136219164965,0.0731009746976873,13.908345965585537,0.0065408085430968725,0.006181502669717773,0.006938253241800152,0.10823828112260553,0.10357058493580983,0.11323815576023329,10.823828112260552,0.0050843189622281565,0.004830560854635635,0.005361007249141548,0.16593227776120284,0.15985493255151229,0.17253060190663083,8.296613888060143,0.0038764066374213234,0.003705864962807553,0.004065043868014496,0.280681678585108,0.2723809688344727,0.28950602783449964,5.613633571702159,0.0026028076600289923,0.0025035858701457237,0.0027079594872968646,0.39835210467326115,0.3886652754380355,0.4087583093848222,3.9835210467326116,0.0018310444800488288,0.0017714932860303655,0.001894831006332494,0.5485239218702023,0.5385936512843137,0.5589369143773577,2.742619609351011,0.0012471723664384217,0.0012154518491674455,0.0012806910297735988,0.6490308677343644,0.6398834007371402,0.6584404384062649,2.163436225781215,0.000977327924926567,0.0009568766450923795,0.0009988177587325002,0.7245261593463563,0.7163984824620615,0.7325381691575756,1.8113153983658907,0.0008142726353735529,0.0007993650937458277,0.0008295032329435999,0.7846366885511759,0.7777811597917959,0.791391830713235,1.5692733771023517,0.0007027740478515625,0.0006914976119995117,0.0007143865585327148,0.25664211073019083,0.24929336454650328,0.26449093433679394,0.5540434912586665,0.5458047411697812,0.5627247901329367
suniward_alpha0p005,SUNIWARD,0.005,local_entropy_cover,1000,0.00044232177734375,0.002554014455392818,0.00234736786875206,0.0027905362264874127,0.7462297441176873,0.03729549198495075,0.03464985358529003,0.04011641509847454,7.459098396990152,0.003593440122044241,0.0032959191456903127,0.0039001144164759723,0.06622266791862277,0.062048566858068414,0.0707172901705281,6.622266791862278,0.003188477680274704,0.0029575448302174745,0.0034414536436474623,0.11497157257056978,0.10856462135039001,0.12193608416369345,5.748578628528488,0.0027577722677856187,0.002577140949837879,0.002958277703604806,0.22680556608707061,0.21668155958551993,0.23802921907502408,4.536111321741412,0.002155718318455787,0.0020408922713054094,0.0022846704051270312,0.36078923541119723,0.3479104974527301,0.37489204623129957,3.607892354111972,0.0016932936598764018,0.0016200093461509117,0.001774320973525597,0.5428529110149698,0.5290782600160656,0.5574553097660713,2.714264555074849,0.0012523412615155737,0.001211846497167598,0.0012959063686127906,0.6670912821772053,0.6541258871123758,0.6805309767940173,2.223637607257351,0.0010147374845822258,0.000988501837417189,0.0010426372976615845,0.7575804154866842,0.7462102379810999,0.769290332001776,1.8939510387167107,0.0008573308665051784,0.0008386639550630376,0.0008767962387228443,0.8279650698758286,0.8185063427338813,0.8375261338834514,1.6559301397516573,0.0007444992065429687,0.0007310539245605469,0.0007586538314819336,0.21074532449488576,0.20207558871095432,0.22051335041627124,0.5545294171634516,0.5433713176410522,0.5663934077276948
suniward_alpha0p005,SUNIWARD,0.005,local_entropy_stego,1000,0.00044232177734375,0.0025534281704166746,0.0023464990057906585,0.0027885962201088274,0.746343109142275,0.0372315408611604,0.03461327971982625,0.040018249467182423,7.446308172232079,0.0035873379099923717,0.0032905987795575895,0.0038917238749046528,0.06625511425896083,0.062072693287225304,0.07074224322637594,6.625511425896082,0.0031900038153376575,0.002959137733689431,0.0034418351774132007,0.11491186084165546,0.10849550430775048,0.12185646520501392,5.745593042082772,0.002756437154300973,0.002575052450886897,0.002958039290482548,0.22683676738251216,0.21661151192006248,0.2380890591922064,4.536735347650243,0.002155947203784238,0.0020408827344167236,0.002284662775616083,0.36096425048908154,0.34813811286474877,0.3751967518121184,3.609642504890815,0.0016939803158617533,0.001620468070496681,0.0017748922331578545,0.5430957835417133,0.5294035775788423,0.5576251115639207,2.715478917708567,0.0012528753170955008,0.0012123009212458753,0.0012965009822807987,0.6671198665120328,0.6541511770535049,0.6805747211317388,2.2237328883734424,0.0010147629159620055,0.0009886146891649606,0.0010428273972254364,0.7577917355082062,0.7464863309902368,0.7695357093048779,1.8944793387705157,0.0008575406740544356,0.0008388651795761888,0.0008769678994449637,0.8280551855945071,0.8186480590952804,0.837588516350185,1.6561103711890142,0.00074456787109375,0.000731116485595703,0.000758738899230957,0.21078885235608644,0.20215724715474775,0.22062961010101773,0.5546611911919667,0.5435199226231673,0.5665160226829382
suniward_alpha0p005,SUNIWARD,0.005,local_variance_cover,1000,0.00044232177734375,0.0018031625112912967,0.0016547162448456105,0.0019621158094699593,0.7312652490826611,0.021994885440064366,0.020148242134336334,0.023910735968298683,4.398977088012874,0.0020541571319603355,0.0018703089244851258,0.0022517353165522496,0.04177248671070465,0.0388253441707371,0.04500072397825738,4.1772486710704655,0.0019671880961465086,0.0018103681800839373,0.0021362170927127053,0.07884396809928546,0.07381708920048134,0.0842779181409283,3.942198404964274,0.0018621018500858289,0.0017264733930955562,0.0020074432576769026,0.17561857899225936,0.16697663311042552,0.18498299595947645,3.512371579845187,0.0016531624322880904,0.0015572442206454567,0.0017563172350652323,0.3066053480063124,0.2950592615114999,0.3192275475544527,3.0660534800631245,0.0014320210574502174,0.0013653343633173113,0.0015025253681239033,0.5031801363444722,0.4896707497669004,0.5174915305151673,2.515900681722361,0.0011600259398424537,0.001120676057143947,0.0012024461652902021,0.6438137966023966,0.6311023445933991,0.6570607857383878,2.146045988674655,0.000979298856859479,0.0009534335541624809,0.0010068842745063133,0.7452021114592654,0.7341154208035524,0.7569053629018139,1.8630052786481635,0.0008433977378931507,0.000825362156440138,0.0008626013275095843,0.8211014119034901,0.8120948917490186,0.8305719464708607,1.6422028238069801,0.00073846435546875,0.0007250587463378906,0.0007525724411010742,0.166900242993645,0.15941135267888695,0.17474483665867727,0.5245899334709361,0.514298768874945,0.5354352889721341
suniward_alpha0p005,SUNIWARD,0.005,local_variance_stego,1000,0.00044232177734375,0.0018038581422832735,0.0016556742819167313,0.0019628235154576473,0.7314129869915376,0.02198361155925456,0.020139800149257262,0.02390282552968611,4.396722311850912,0.002053394355453852,0.0018688024408848208,0.0022509725400457663,0.0417239880741722,0.03877499714597319,0.044970643189634237,4.17239880741722,0.001964898893552079,0.001808441434566959,0.002133927890118276,0.07884313688532435,0.07383838826854426,0.08426898672927903,3.9421568442662176,0.0018619111195880222,0.0017262683578104139,0.002007252527179096,0.17565532253606847,0.1670686272289834,0.18499346723328058,3.5131064507213696,0.0016533150225070575,0.0015569428549629966,0.0017565442130159457,0.3067092439168968,0.29501069353299764,0.31938211058548593,3.0670924391689676,0.001432402532997635,0.0013655184252689403,0.0015031376363775083,0.5032996843784194,0.48969728829910353,0.5176531717449899,2.5164984218920963,0.0011602548208052795,0.001120904938106773,0.00120260638196418,0.6439597047188582,0.631328031324259,0.6572654316779631,2.1465323490628605,0.0009794768765179354,0.0009535476774792417,0.0010069917220858818,0.7453778919961035,0.7341483220109963,0.7570605319901983,1.8634447299902586,0.0008435789353220546,0.0008254963855881287,0.0008626962177420893,0.8213203343343659,0.8122334996842242,0.830717280685717,1.6426406686687318,0.0007386322021484374,0.0007252103805541993,0.0007526628494262695,0.1669365470542421,0.1594030694349216,0.17474419243193554,0.524717723454651,0.5144397642447245,0.5355968328875703
suniward_alpha0p005,SUNIWARD,0.005,oracle,1000,0.00044232177734375,0.011751130305403937,0.010956975061564175,0.012620301852925932,0.8768529136827676,0.14777729072106593,0.14198235866465997,0.15414569498770464,29.555458144213176,0.013976353928299007,0.013295175438596492,0.014738386727688787,0.2266726565060266,0.21868925969079342,0.2356730670766625,22.667265650602662,0.010683708508202976,0.010205217474246471,0.011213687523845859,0.33072662900015565,0.32057525783697155,0.3421435013639946,16.53633145000778,0.0077421323669654785,0.00743973393095556,0.008086601182529088,0.5055724574035484,0.4931904950710222,0.5190525392070753,10.111449148070967,0.0046749065384908825,0.004527426184481575,0.004840468833447776,0.6510830710972427,0.6391512263277467,0.6639646890102053,6.510830710972426,0.0029744411383230336,0.0028989080262455183,0.0030568789578088043,0.7951627043316585,0.7856233349116728,0.8050923005200294,3.9758135216582917,0.0017938354727345556,0.0017600731465410363,0.00183016412672376,0.8692817080294569,0.8617890226231837,0.876827416388321,2.897605693431523,0.0012985516829215568,0.0012783582136998842,0.0013201305265567185,0.9150326024636591,0.9093952989524166,0.9207888197752921,2.2875815061591473,0.0010207041904289611,0.001006894323752122,0.0010350204562360524,0.945952867637015,0.941842032431363,0.95008367263364,1.89190573527403,0.0008415451049804687,0.0008313446044921875,0.000851784324645996,0.45553439030976645,0.44476107306343565,0.46721876295724557,0.766705874900334,0.7589345261342992,0.7749858666408672
suniward_alpha0p005,SUNIWARD,0.005,srm_residual_cover,1000,0.00044232177734375,0.003920218086429455,0.0036329269642658858,0.004243613203330253,0.7615863565914535,0.06336890778866697,0.06007376918295736,0.06698586547223209,12.673781557733397,0.006042715484363082,0.00567353165522502,0.006446224256292906,0.10187297089171911,0.09716760846862865,0.10686709800459421,10.18729708917191,0.004844334223578786,0.0045795497901564295,0.005136236169400992,0.16187232429129766,0.15547316551213902,0.16908970087758965,8.093616214564884,0.003828533282471867,0.003637783711615487,0.004034550829677666,0.28373259789696054,0.27433031283146525,0.29418843378883375,5.6746519579392105,0.0026584267948424503,0.0025454165712977795,0.0027798943312733653,0.4150210795090344,0.4039164927672334,0.42706558498475305,4.150210795090343,0.0019240863660639352,0.0018570916304264896,0.001998634317540246,0.5823340746684964,0.5711320485575335,0.5943428531013216,2.9116703733424814,0.0013318773960975796,0.0012962034370291252,0.0013709411775925538,0.6917494751560936,0.6816483252122186,0.7027081519434836,2.3058315838536454,0.0010460053660211336,0.0010229756621695511,0.0010708413336215558,0.7722826995284088,0.7634426476075696,0.7813382251465033,1.930706748821022,0.0008702244940777052,0.0008539610711629062,0.0008872968681454921,0.8347594556521268,0.8273668223747377,0.8421504969887863,1.6695189113042537,0.0007486038208007812,0.0007367586135864258,0.0007611492156982422,0.2604316921006147,0.25233927032655223,0.26948391520601633,0.5863376418068388,0.5771368140991697,0.5962321458260414
suniward_alpha0p005,SUNIWARD,0.005,srm_residual_stego,1000,0.00044232177734375,0.004056166843758375,0.0037617911286943386,0.004374998353260075,0.772754853646436,0.06498149716682117,0.06171412488654927,0.06854257939413269,12.996299433364234,0.0061601830663615565,0.00580848588863463,0.006555320366132723,0.10447735108278543,0.09973601908781009,0.10949308231775781,10.447735108278545,0.004939717665013354,0.004672644028996566,0.005225114460129721,0.16644427991324298,0.15992188315126232,0.17337986445418505,8.32221399566215,0.003915697119969483,0.0037276320808697313,0.004119287621590691,0.29162707908357594,0.2825212232196023,0.3015181889405536,5.832541581671519,0.0027196154726482034,0.0026085278858625164,0.0028372644388494697,0.4271116742667131,0.4166917699908932,0.4388920875388992,4.27111674266713,0.001972114137483787,0.0019061522468909742,0.002043948844129091,0.5974711694372717,0.5866563500043472,0.6090590565056455,2.987355847186358,0.001362604665356959,0.0013274518873142727,0.0014010280569913599,0.7095217261238795,0.6995087322075554,0.7196022085310649,2.3650724204129316,0.0010697582747351956,0.0010468058186996934,0.0010937534173416578,0.7894153593259043,0.7807753579659479,0.7978963259514188,1.9735383983147607,0.0008871140017929009,0.0008712732934063209,0.0009034086574224189,0.8492547833013603,0.8421653711845554,0.8560381859891703,1.6985095666027206,0.0007599105834960937,0.0007479610443115235,0.0007717451095581054,0.2678024823723072,0.2600142301445024,0.2764951886223415,0.6004787932086799,0.5915665123023609,0.609824841723189
suniward_alpha0p005,SUNIWARD,0.005,texture_energy_cover,1000,0.00044232177734375,0.0037687716073610176,0.0034794666726796404,0.004084237122224747,0.7497247297391163,0.061884302332974754,0.05884777817170394,0.06524317893901205,12.37686046659495,0.005870327993897788,0.005536994660564455,0.006238749046529367,0.09983426722252775,0.09545055200021135,0.10464943569458798,9.983426722252775,0.004722243418542541,0.004475371995421595,0.004995068676077833,0.15708254898788368,0.15080242538464972,0.1639870795412065,7.854127449394185,0.003706275033377837,0.0035204844554644283,0.0039048731642189584,0.2737539524887485,0.26453125182150383,0.28360345481038685,5.475079049774969,0.002563591973754482,0.0024516651407644773,0.0026793316548409246,0.4023929752009908,0.39140552370353054,0.4138602736622827,4.0239297520099075,0.0018652628366521706,0.0017981221866178376,0.0019356832227054245,0.5639332921656832,0.5525093759923617,0.5759914637001309,2.8196664608284157,0.001290545308893933,0.0012545518701482005,0.0013291355928970608,0.6727840363230448,0.6623495789359861,0.6836947207624898,2.2426134544101495,0.001017738387396208,0.0009944162226771614,0.0010421038744707096,0.754495919192709,0.7456930288627258,0.7638225446818294,1.8862397979817722,0.0008505311945678918,0.0008340670239752809,0.0008676882069083904,0.8189202232454299,0.8114935541394078,0.8266647048066583,1.6378404464908598,0.0007348098754882813,0.0007228458404541016,0.000747492218017578,0.25209811975166213,0.2441550138488432,0.2606090307333821,0.5707935933312619,0.5614756729883317,0.5808488850151828
suniward_alpha0p005,SUNIWARD,0.005,texture_energy_stego,1000,0.00044232177734375,0.0039115325000084284,0.003611381562723101,0.004233836584284148,0.7615727746756417,0.06447650715551921,0.06135023639723345,0.06795979037922743,12.895301431103844,0.006070938215102975,0.005731483600305111,0.006451582761250954,0.10325124979253822,0.0985805973555443,0.1081917144829929,10.325124979253822,0.004859977107974056,0.004605475009538344,0.00513926936283861,0.16170585080677405,0.15526587224083696,0.16866705323752884,8.0852925403387,0.003795918367346939,0.003614705321380889,0.0039912311653633415,0.2830145403544382,0.2738042630417013,0.29289692202880757,5.660290807088764,0.0026347753109025713,0.0025257362478065155,0.002749765392538338,0.41554728050529716,0.40500673833940315,0.4270318969517956,4.1554728050529715,0.001917219806210422,0.0018517576485847257,0.0019860503929198135,0.581293102344367,0.5703381174103188,0.5931260095862989,2.9064655117218354,0.001324705792595701,0.0012890566289648858,0.0013615284479963378,0.6906833659090493,0.6807790737863025,0.7011443068556221,2.302277886363498,0.0010413895705911524,0.0010189447884744985,0.0010646983838358151,0.7714805584887434,0.7629536243938164,0.7804369343380495,1.9287013962218584,0.0008673157985084592,0.0008515895306032921,0.0008842172271071354,0.8354368101159173,0.8282787008903396,0.8428016634280137,1.6708736202318346,0.00074786376953125,0.0007361967086791993,0.0007601242065429688,0.2604014755216707,0.25239614264981813,0.26895105903753286,0.5858701095148876,0.5769370190032642,0.5956401750333912
suniward_alpha0p005,SUNIWARD,0.005,uniform,1000,0.00044232177734375,0.00044232177734375,0.0004382892608642578,0.0004463552474975586,0.5,0.005,0.005,0.005,1.0,0.0004422273073989321,0.0004381956521739131,0.0004462599160945843,0.01,0.01,0.01,1.0,0.00044239603204883636,0.0004383628386112171,0.0004464301793208699,0.02,0.02,0.02,1.0,0.000442311653633416,0.00043827922944878893,0.00044634503147053214,0.05000000000000001,0.05000000000000001,0.05000000000000001,1.0,0.000442328526741436,0.0004382959487296865,0.00044636205844205394,0.10000000000000002,0.10000000000000002,0.10000000000000002,1.0,0.000442328526741436,0.0004382959487296865,0.00044636205844205394,0.20000000000000004,0.20000000000000004,0.20000000000000004,1.0,0.0004423200900265121,0.0004382875889297908,0.0004463535447939118,0.2999999999999999,0.2999999999999999,0.2999999999999999,1.0,0.00044232290222906044,0.00043829037549432246,0.00044635638264054015,0.4000000000000001,0.4000000000000001,0.4000000000000001,1.0,0.0004423200900265121,0.0004382875889297908,0.0004463535447939118,0.5,0.5,0.5,1.0,0.00044232177734375,0.0004382892608642578,0.0004463552474975586,0.05000000000000002,0.05000000000000002,0.05000000000000002,0.25,0.25,0.25
suniward_alpha0p005,SUNIWARD,0.005,wavelet_energy_cover,1000,0.00044232177734375,0.0017757457905061714,0.001622940064396674,0.0019503841571292826,0.683011515357625,0.02738509703526802,0.025384922540455362,0.029577365420710586,5.477019407053604,0.002664378337147216,0.002440884820747521,0.0029084858886346296,0.04895702376010893,0.045814038946386346,0.05233622249482159,4.8957023760108935,0.0023685616177031663,0.0021880961465089656,0.0025547596337275845,0.08666765311371158,0.08183157393295296,0.09185523946827423,4.333382655685579,0.0020835399580392904,0.0019465716193019262,0.002232934388708754,0.17540356214314323,0.16736460818086496,0.1842208224668893,3.508071242862864,0.0016699473563744562,0.0015744754711223012,0.0017699034866865036,0.28676796634936264,0.2760991810202137,0.29825940681188345,2.8676796634936252,0.0013489356832227055,0.001286101892118715,0.0014148212787060347,0.4496199440125723,0.4377102350465457,0.4626479184464855,2.2480997200628616,0.0010413702340307846,0.0010048446470464821,0.0010801278872379792,0.5696013803532808,0.5579231178168834,0.5819916790261217,1.8986712678442692,0.0008702109532952711,0.000845347646961586,0.0008963728494589474,0.6662515777559456,0.6556992426544722,0.6775610337672853,1.6656289443898638,0.0007572335920959775,0.0007393796849072078,0.0007760070762364339,0.7462885632029106,0.7370199211254034,0.7558914623718069,1.4925771264058212,0.0006739349365234375,0.0006605209350585936,0.0006879972457885743,0.1642279787011118,0.1571615500412121,0.17203655484373181,0.4732458291198094,0.463226815494506,0.4839704842568455
suniward_alpha0p005,SUNIWARD,0.005,wavelet_energy_stego,1000,0.00044232177734375,0.001775645204042469,0.0016229005240800886,0.001950436578257718,0.6830057822484746,0.02738663806325133,0.025414323594770336,0.029620922069209292,5.477327612650266,0.002664378337147216,0.002441590389016018,0.002910755148741418,0.04904968098549903,0.04592236464339394,0.05239875608732595,4.904968098549903,0.0023731400228920252,0.002191148416634872,0.0025578214421976345,0.08667700678127474,0.08185223340649864,0.09189471594783218,4.333850339063736,0.002083921419034904,0.0019454463093648673,0.0022351897768453175,0.1752683797136021,0.16724378709278784,0.18413030856645157,3.5053675942720415,0.001668802929732204,0.0015728179598687724,0.0017689192797741662,0.2868623425574859,0.27620101272437864,0.2983603775576921,2.868623425574859,0.0013493553063248646,0.001287052719920653,0.0014151731898985273,0.4494782940847692,0.437506818718852,0.46242514488256986,2.247391470423846,0.0010410841328272523,0.0010048932842510825,0.001080032520170135,0.5695901141549505,0.5579679380464275,0.5819813584945267,1.8986337138498353,0.0008701600905357121,0.0008452850221888788,0.0008963331129280418,0.6661964058358876,0.6556053803131325,0.6775327493655002,1.665491014589719,0.0007571668351484866,0.0007393687176944058,0.0007760232886379676,0.7461643258949706,0.7369818655914857,0.7557728789599494,1.4923286517899412,0.0006738433837890625,0.0006604455947875977,0.0006879365921020508,0.16420639685814226,0.15714478434710563,0.17201263111240903,0.47319690903199557,0.4632018686919278,0.48394543443831667
suniward_alpha0p01,SUNIWARD,0.01,gradient_magnitude_cover,1000,0.000947784423828125,0.0033296561709076,0.0031270997423704784,0.0035570709308329943,0.6945028164963656,0.02567807345358593,0.024090558214289255,0.027397465304828145,5.135614690717186,0.005196796338672768,0.004826067887109077,0.005594279176201373,0.04708040710119004,0.04442815452030858,0.04996793962037593,4.708040710119004,0.004778710415871805,0.004458985120183136,0.005124093857306371,0.08472016537371778,0.0804789989298202,0.08921591410306752,4.236008268685888,0.004290482548159451,0.004033373068853709,0.004560370970818234,0.1773307080362216,0.17017393473576684,0.18511450246572903,3.546614160724432,0.003572213321126116,0.0033981822690165565,0.0037613069352254516,0.2963655746940201,0.28675050041704725,0.306859668093936,2.9636557469402,0.0029592965590905626,0.0028385957885099563,0.0030887178606851303,0.46722664709036243,0.4563530847380031,0.4787102702574676,2.336133235451812,0.0023036678174292854,0.002232292719678041,0.002383251158709874,0.58989770297489,0.579258857176302,0.6014425698060938,1.9663256765829666,0.0019214678992408737,0.0018725878336279134,0.001975891369861272,0.6856495626347571,0.6757842014983334,0.6960726655405138,1.714123906586893,0.0016634782276984113,0.001628225075816819,0.0017016400751492494,0.7630403335886923,0.754531553589528,0.7720840598748819,1.5260806671773846,0.0014725570678710937,0.001445600700378418,0.001501763916015625,0.16678264416800573,0.16054315542527953,0.17363271839892552,0.4878519022018743,0.478935943901916,0.4974534290976281
suniward_alpha0p01,SUNIWARD,0.01,gradient_magnitude_stego,1000,0.000947784423828125,0.0033297762637702205,0.003126833917594012,0.0035572892750351318,0.6945126004248506,0.025677562162452372,0.024109473879148285,0.027388722512350017,5.135512432490474,0.005196033562166285,0.004828337147215866,0.0055972730739893214,0.04710080861308975,0.0444960565581463,0.049934440288918545,4.710080861308974,0.004780618084700496,0.004461989698588325,0.005127050743990843,0.08474120293218763,0.08050558692533556,0.08924875802620075,4.237060146609381,0.00429162693114629,0.004034898912836162,0.004563050734312416,0.17737081515442832,0.17017535578369303,0.18515695105339658,3.5474163030885664,0.0035728999771114673,0.0033993991760128176,0.003762144274052033,0.29637961495726217,0.2867717934049701,0.30681014395666556,2.9637961495726217,0.002959334706645304,0.0028386682688639657,0.0030885194934004733,0.46721624887220436,0.4563280507629063,0.47874085839153585,2.3360812443610217,0.002303610597188579,0.0022322159491884267,0.0023833074252799023,0.5899020464837518,0.5792691417374737,0.6014972488890927,1.9663401549458395,0.0019215060463105425,0.0018727277062167008,0.00197570476711214,0.6857625553986747,0.6759004125940629,0.6961079963321086,1.7144063884966867,0.0016637166453680216,0.0016283230654790288,0.001701899235156116,0.7630688662327395,0.7545710225068196,0.7720301507127825,1.526137732465479,0.0014725799560546876,0.0014457075119018554,0.0015017707824707032,0.1668079091416288,0.16058337215573762,0.17367152264526864,0.4878826000982522,0.47895635832033195,0.4974527051263998
suniward_alpha0p01,SUNIWARD,0.01,laplacian_residual_cover,1000,0.000947784423828125,0.00564432033657724,0.005275239431552647,0.006046124472862543,0.7020127303947573,0.0553478036475331,0.05296289318954328,0.05801674291052714,11.069560729506618,0.011242562929061783,0.01065209763539283,0.0118802822273074,0.08869906159972556,0.08520310999639555,0.09250591622434871,8.869906159972555,0.008988935520793589,0.008550877527661196,0.009476564288439526,0.1395353365871033,0.134432107677437,0.14518862608579572,6.9767668293551655,0.007044821666984551,0.006721495327102804,0.0074001573526606915,0.24413821388651008,0.23661014443491557,0.2525779849117297,4.8827642777302005,0.004893492027161059,0.0046986648355840386,0.005109124895094224,0.3565582892941737,0.34776526903179633,0.3664199734379515,3.5655828929417366,0.0035401312275883117,0.003422375448233768,0.0036725089646753644,0.505353490703594,0.49560723920675115,0.5154636193613584,2.5267674535179703,0.002479162295676057,0.002412760113677545,0.0025513980812145952,0.6081101808254834,0.5994354732193531,0.6174117777561094,2.027033936084945,0.0019727502765662553,0.0019289698383835815,0.002020452551403177,0.6887325360307832,0.6810540429871452,0.69687975435817,1.721831340076958,0.0016656144500181197,0.0016339141982490606,0.0017002424707699935,0.7547667212334457,0.7481738389508464,0.7617962802264913,1.5095334424668914,0.00145330810546875,0.0014289768218994142,0.0014789926528930666,0.2241217449979242,0.2175957205201888,0.2314396580404498,0.516396091564319,0.5084906153285776,0.5248468025835504
suniward_alpha0p01,SUNIWARD,0.01,laplacian_residual_stego,1000,0.000947784423828125,0.005999922794347469,0.005616258085757778,0.006423974343833025,0.7178830448512822,0.058194021811521744,0.05566246716813957,0.06091970136426566,11.638804362304349,0.011728451563691837,0.011139569031273838,0.012375324180015256,0.09326720363424157,0.08959182767363981,0.09724363217759921,9.326720363424156,0.009379244563143837,0.008948063716138878,0.009857830980541778,0.14634357753967792,0.141213468965712,0.1519771967387777,7.3171788769838955,0.007330726683196643,0.007014600419607095,0.007680435819187487,0.25557956103887114,0.24811989045549773,0.263522386930224,5.111591220777424,0.005086137178606851,0.004892498283360037,0.005297497520408941,0.37438798305704857,0.3654631320639393,0.38407459366949637,3.7438798305704855,0.003692645151445792,0.003573964293888762,0.003823116464484626,0.5277478492565975,0.5185298233486627,0.537795236724024,2.6387392462829866,0.0025749871254458416,0.002509564840069428,0.0026471251597398383,0.6321169605707757,0.6234516868709493,0.6412234922283613,2.107056535235919,0.0020419872080159715,0.0019990584031636636,0.00208847290922269,0.7115294156385844,0.7038817841833009,0.7192690544277838,1.778823539096461,0.0017149001506799673,0.00168400026702779,0.001747861631921265,0.7759417984397607,0.7693430088564444,0.7826216013416496,1.5518835968795215,0.0014899139404296875,0.0014667192459106445,0.0015146730422973633,0.23500227705089044,0.22843305257249558,0.24205527044963826,0.5363122786530505,0.5285893831589551,0.544642716368823
suniward_alpha0p01,SUNIWARD,0.01,local_entropy_cover,1000,0.000947784423828125,0.004420515419979489,0.0040945687114419494,0.0047829752592103165,0.7346529655881413,0.03253652346016389,0.0303394152814385,0.03479202416048237,6.507304692032778,0.006722349351639969,0.006213577421815409,0.0072617086193745226,0.05837413027449661,0.054806139512463034,0.06209115137293856,5.83741302744966,0.006027851964898893,0.0056004864555513146,0.006474666157954978,0.10264623007636726,0.09716926630819975,0.1084804126113726,5.132311503818363,0.005283425519740607,0.004947930574098799,0.005643915697119969,0.2088040271745771,0.19974208896468962,0.21893167109780515,4.176080543491542,0.0042616922255283435,0.004031649118791486,0.004512018387121385,0.339099561266952,0.327162683380722,0.35217929114534646,3.3909956126695198,0.0034174486915388726,0.0032680590524147403,0.0035805895704585336,0.5212863236845673,0.5085436403262469,0.5353795729868757,2.6064316184228358,0.0025814720860592422,0.0024981770584981593,0.00267323761658624,0.6478316938503806,0.6351368656493723,0.6613072049786674,2.1594389795012683,0.002114517503147133,0.002059597802728787,0.002174884923006498,0.7420021913996996,0.7309352755690532,0.7536606958582707,1.8550054784992487,0.0018011596635449847,0.0017623359686433082,0.0018428565297831355,0.8159645036367547,0.8068164119398905,0.82542863379689,1.6319290072735093,0.0015737991333007813,0.001545819091796875,0.001604454231262207,0.19483063314543772,0.1869374053654551,0.2038106036531408,0.5366965749063877,0.526191110788423,0.5481647533560432
suniward_alpha0p01,SUNIWARD,0.01,local_entropy_stego,1000,0.000947784423828125,0.004413103686744967,0.004092007269202866,0.004771138405127465,0.7347834762474873,0.0325293113455661,0.03032970319628096,0.03479274703224946,6.505862269113219,0.006720823798627002,0.006213520213577422,0.00726241418764302,0.05840970495718146,0.05484020197465784,0.06212306151070628,5.840970495718147,0.006032430370087752,0.005603958412819535,0.006484586035864174,0.10262542359813824,0.0971190593748151,0.10848860302586523,5.1312711799069115,0.005282853328247187,0.00494811653633416,0.005642575815372879,0.20884867780507993,0.19976081551391967,0.21900180363818705,4.176973556101598,0.004262531471732662,0.004032345311665522,0.004513172350652323,0.3392768238822304,0.32732389044824556,0.35235056498588097,3.392768238822304,0.0034190127412832842,0.0032701142519264517,0.0035835107194628823,0.5213475636343279,0.508500101810881,0.5354123978916773,2.6067378181716396,0.0025817391138492052,0.0024985938125846384,0.0026731780121688384,0.647983926137066,0.6353463926876918,0.6614939868986254,2.1599464204568863,0.0021149879836730545,0.0020602962119959816,0.0021754809709700795,0.7420720256922269,0.7310331589941187,0.7537180292977927,1.8551800642305671,0.0018013217875603197,0.001762324524595167,0.0018429147036945204,0.8159965308253624,0.8068409540322256,0.8254474045231983,1.6319930616507248,0.0015738525390625,0.0015459270477294921,0.001604524803161621,0.19489095525128414,0.18699018522820784,0.20388171959167684,0.5367862296137401,0.5263329196587523,0.5482258021994395
suniward_alpha0p01,SUNIWARD,0.01,local_variance_cover,1000,0.000947784423828125,0.003240441444624227,0.003029698400157163,0.0034800046616461854,0.7202849558373063,0.019837242349685518,0.018391431037229733,0.021377170887080237,3.967448469937103,0.003971014492753623,0.0036498665141113653,0.004315045766590388,0.037991125386091826,0.03551737810710067,0.04057547538135759,3.799112538609182,0.003828691339183517,0.0035367989317054557,0.004133927890118274,0.07239286928638168,0.06818233690235183,0.07702243171133366,3.619643464319084,0.0036633606713713522,0.0034108048827007436,0.00393959565134465,0.1622088504235741,0.15451383813318878,0.17056135988310797,3.2441770084714823,0.0032781719691767756,0.003089316777294575,0.0034889009689478903,0.288531768310441,0.27787017774333234,0.3000678422140415,2.885317683104409,0.002893186846723125,0.0027574044403753718,0.003038797016861219,0.4827644674906458,0.4701901944781722,0.4960664791012722,2.413822337453229,0.0023889641229090774,0.002306223178012169,0.0024762736271910584,0.624278117671907,0.6120698939283108,0.6373322065841984,2.080927058906357,0.0020378291774220208,0.001983404753124881,0.002096894510636674,0.7293761592219116,0.7183666972360714,0.7408939987052289,1.8234403980547786,0.0017708806195044727,0.001733247105609491,0.0018128247248660094,0.808944624549898,0.7998930991252576,0.8184950193509815,1.617889249099796,0.0015605087280273437,0.0015327814102172853,0.001590779685974121,0.15533625262575737,0.1485972718334442,0.16249118902200732,0.5080986386880784,0.4982213423004305,0.5185703145514425
suniward_alpha0p01,SUNIWARD,0.01,local_variance_stego,1000,0.000947784423828125,0.0032414235093685645,0.0030308872298893137,0.0034807126761807693,0.7204492769943299,0.019815857247561998,0.018365309503889895,0.02135789820590732,3.9631714495123997,0.0039679633867276895,0.0036468154080854308,0.004311994660564454,0.03796917652030838,0.03550219346832967,0.04055727576841727,3.7969176520308383,0.0038264021365890877,0.0035367893933613125,0.004132029759633728,0.07240160535167178,0.0681590201049706,0.07703982699638494,3.6200802675835884,0.0036637421323669653,0.0034104520312798017,0.003941259774938013,0.16227942733234127,0.15455195752361345,0.17063249621792675,3.2455885466468253,0.0032793163958190277,0.0030912088960097653,0.0034892900740062563,0.28868680855665785,0.27807081030251585,0.30026110349306084,2.8868680855665785,0.002894407568474861,0.002758812085145342,0.0030396248187991148,0.4829427753303313,0.4703785121734615,0.4962901031581072,2.414713876651656,0.0023897079860382615,0.002307023307711381,0.0024771405138377615,0.6243750582409714,0.6121496795216143,0.6373727615695223,2.081250194136571,0.0020380962069097056,0.0019835309563470366,0.0020967524128021565,0.7296252493625522,0.7186240521492583,0.7411164208990904,1.8240631234063809,0.0017714337484979687,0.0017337251330370599,0.0018132834404623397,0.8091653600735783,0.8001005048948531,0.8185593284707177,1.6183307201471566,0.0015608673095703126,0.0015331636428833008,0.0015910598754882812,0.15540227524383657,0.14866774082800005,0.1626501609403235,0.5082542884985619,0.4983713802978992,0.518752226510975
suniward_alpha0p01,SUNIWARD,0.01,oracle,1000,0.000947784423828125,0.016186074833808337,0.015193535261329763,0.01731283785704624,0.8588124607684238,0.1185136381938248,0.11403402006838591,0.12346835951767178,23.70272763876496,0.024017543859649125,0.022903871090770404,0.02529979023646072,0.18651944608095505,0.18005543734211613,0.19377634979407615,18.6519446080955,0.018860740175505535,0.01805069629912247,0.019780827928271648,0.28206485775667167,0.2734080720063472,0.29200148684712174,14.103242887833586,0.014183292008392141,0.013620637039862675,0.014819831203509442,0.45142868783754514,0.4401099633736549,0.4636899544375493,9.0285737567509,0.008975051499198902,0.008681446936751354,0.009305638208590828,0.6028656360131995,0.5912555040674647,0.6153916734571366,6.028656360131994,0.005922980086976425,0.005763463225757229,0.00609944304570077,0.7593439451951102,0.7496761189326654,0.7697270886619103,3.7967197259755507,0.0036804249556543138,0.003608130996204391,0.0037609586297659694,0.8430454128603961,0.8352439875886263,0.8510389969314248,2.8101513762013206,0.002703571837290032,0.002660215785257429,0.0027509667103238684,0.8967467834807814,0.89065387629956,0.9028149479981961,2.2418669587019537,0.002146254935245761,0.0021175220297926724,0.0021774177935875187,0.9328245234288564,0.9282414472625371,0.9373082666713279,1.8656490468577127,0.0017800750732421876,0.0017593749999999999,0.0018029727935791014,0.4076154960554151,0.39774801426985806,0.41829900160862615,0.7349193434625461,0.7271508923814372,0.7434366817274816
suniward_alpha0p01,SUNIWARD,0.01,srm_residual_cover,1000,0.000947784423828125,0.006018393700951899,0.005629699686334164,0.00645897234907446,0.7465188753379544,0.05315659345372001,0.05059245593457963,0.055920651936834084,10.631318690744,0.010858886346300533,0.010237890922959573,0.011520270785659798,0.08687012199935952,0.08322419643296107,0.09098008518198049,8.687012199935952,0.008855017169019458,0.008394477298740939,0.009365518885921404,0.14131572892860408,0.1359787024076213,0.1472283263902631,7.065786446430206,0.007170513065039099,0.006822210566469578,0.00755144001525844,0.2572063987877884,0.24878423979306508,0.26650434883207347,5.144127975755768,0.005175478751812009,0.004960093842984665,0.00541764705882353,0.3859785151005516,0.37577370457224823,0.3972616854896529,3.859785151005516,0.003843137254901961,0.003709352826733807,0.003995309758144503,0.5543301525446428,0.5439168668002631,0.5658979813665695,2.7716507627232136,0.002722462759160007,0.0026481250834461847,0.0028045909706460167,0.6676848058333335,0.6578234999439128,0.6783713713936943,2.225616019444445,0.002166842567043475,0.0021176449270755185,0.002219923578703763,0.7531478511487996,0.7444657992278593,0.7622086819519562,1.8828696278719987,0.0018210723073108395,0.0017865708863415287,0.0018580816437467813,0.8193177096715667,0.8119456292573516,0.8268441706299243,1.6386354193431334,0.0015764541625976562,0.001550559425354004,0.0016036685943603515,0.23681342289861204,0.22949457337411147,0.2449942442259515,0.5629248689622893,0.5541531314900232,0.5724547227584554
suniward_alpha0p01,SUNIWARD,0.01,srm_residual_stego,1000,0.000947784423828125,0.006233843051226202,0.005833897136540421,0.006678531180632589,0.7586451769148757,0.05494998241437208,0.05238052363136448,0.057683161245761186,10.989996482874416,0.01116094584286804,0.010536155606407324,0.011838329519450802,0.08943069350198479,0.08559201300173591,0.09351776494521609,8.94306935019848,0.009068294544067148,0.008604330408241129,0.009568122853872566,0.14534047831238303,0.13994642498172516,0.15119931199993447,7.267023915619151,0.0073402632080869735,0.006998192828533283,0.007718872782757963,0.2648048370038781,0.2566181462956853,0.2737199900076851,5.296096740077561,0.005304570077058061,0.005087890058747235,0.00553773556115053,0.3985556527863349,0.38863379006485765,0.40966010369970574,3.985556527863349,0.003951514457923247,0.0038194829098954757,0.00409709220263981,0.5716934334587652,0.5613441027645263,0.5828013831644785,2.8584671672938256,0.0027980316237196973,0.002725051975051975,0.0028784069884987317,0.6867505419224451,0.6772552300208318,0.6968429681656859,2.289168473074817,0.0022221176709942402,0.0021749024070800965,0.0022735704385641446,0.771054755869364,0.7627500778303294,0.7797193882935509,1.9276368896734102,0.0018596196761334375,0.0018263024757290815,0.0018946203437029126,0.8355381821813542,0.8287483232498017,0.8425195262172387,1.6710763643627085,0.0016042938232421874,0.0015793811798095704,0.0016297698974609375,0.24408374479397907,0.23698294910119994,0.251874549371298,0.5781258787056798,0.5695844146044831,0.5873439435249023
suniward_alpha0p01,SUNIWARD,0.01,texture_energy_cover,1000,0.000947784423828125,0.005674555225153902,0.005300259818014893,0.006074856922293459,0.7356592223138162,0.05160066216816571,0.04942381307472937,0.0541078617424366,10.320132433633141,0.010485125858123568,0.009927498093058732,0.011093840579710145,0.08487916082476142,0.08144815704098432,0.088711092454388,8.487916082476143,0.008613887829072873,0.008180837466615794,0.009083307897748949,0.13720942677847736,0.13204270387948708,0.1429880480325681,6.860471338923868,0.0069443066946404735,0.006607824718672516,0.0073088689681480076,0.2482524694521281,0.24019797201439183,0.2572478024979033,4.965049389042561,0.0049877927824826425,0.004778328374151218,0.0052148336766613245,0.3747381683801813,0.3646687182213805,0.3855908489393678,3.747381683801813,0.003728236820019837,0.003596128023193713,0.0038713130388342105,0.5386511718885099,0.5278804590806591,0.5500506765926909,2.693255859442549,0.0026458639302676,0.0025717184191954836,0.0027263966507085776,0.6512881939812434,0.641192995245486,0.6617659720163546,2.1709606466041445,0.002114199610899889,0.0020650528336914917,0.0021666422949277115,0.7373563085890992,0.7285685430523867,0.7462571389365069,1.8433907714727478,0.0017832974117377787,0.0017486405424478818,0.001819632979839402,0.8048946489292789,0.7975167124066724,0.8124035656090808,1.6097892978585577,0.0015493087768554687,0.001523868179321289,0.0015766427993774413,0.22937338540185742,0.22231007483909268,0.23716909544049325,0.549297093703088,0.5403682407875426,0.5586916812243422
suniward_alpha0p01,SUNIWARD,0.01,texture_energy_stego,1000,0.000947784423828125,0.005938451444788468,0.0055521417857132375,0.006355587950245664,0.7488956765101451,0.05369691451291783,0.05130942254513859,0.05631654853493872,10.739382902583566,0.010834477498093058,0.010259324942791762,0.011463081617086193,0.08785035830671602,0.08417273608434521,0.09176992167000728,8.785035830671601,0.008861884776802746,0.008424256009156809,0.009334671880961463,0.14234924572148036,0.1369583848491521,0.14810069696569744,7.1174622860740175,0.007162693114629029,0.006836658401678428,0.007526611672706467,0.25797656370184796,0.25007484335928337,0.26670388066409845,5.159531274036959,0.005153429465171283,0.004947119859616999,0.005377689402609293,0.3883728964969818,0.37842649526271493,0.39894039808149284,3.883728964969818,0.0038448538948653395,0.003714224269474327,0.003986431868467231,0.5563612812905876,0.5462238854157573,0.5675802623115702,2.781806406452938,0.002721470941654428,0.0026497863777680294,0.002800162600850674,0.6711951615194031,0.6616154855961683,0.6814983393439077,2.2373172050646772,0.0021713312055745585,0.00212407843037524,0.0022216605419427033,0.75642228426617,0.7479584537853621,0.7653651532415412,1.8910557106654249,0.0018243624711514622,0.0017913661809304013,0.001860192832211181,0.823587909164851,0.81645039306309,0.8306568350914655,1.647175818329702,0.001581390380859375,0.0015568454742431641,0.0016073619842529297,0.2380273213479303,0.23092391683209978,0.2454842756162592,0.5655972902510015,0.557256929480719,0.5747771036302934
suniward_alpha0p01,SUNIWARD,0.01,uniform,1000,0.000947784423828125,0.000947784423828125,0.0009400214195251465,0.0009561922073364257,0.5,0.005,0.005,0.005,1.0,0.000947581998474447,0.000939820652173913,0.000955987986270023,0.01,0.01,0.01,1.0,0.0009479435330026708,0.0009401792254864555,0.0009563527279664249,0.02,0.02,0.02,1.0,0.0009477627312607286,0.0009399999046347511,0.0009561703223345413,0.05000000000000001,0.05000000000000001,0.05000000000000001,1.0,0.0009477988860914018,0.0009400357633325706,0.0009562067978942551,0.10000000000000002,0.10000000000000002,0.10000000000000002,1.0,0.0009477988860914018,0.0009400357633325706,0.0009562067978942551,0.20000000000000004,0.20000000000000004,0.20000000000000004,1.0,0.0009477808083312671,0.0009400178336416868,0.0009561885597665416,0.2999999999999999,0.2999999999999999,0.2999999999999999,1.0,0.0009477868341746881,0.0009400238101293185,0.0009561946390651423,0.4000000000000001,0.4000000000000001,0.4000000000000001,1.0,0.0009477808083312671,0.0009400178336416868,0.0009561885597665416,0.5,0.5,0.5,1.0,0.000947784423828125,0.0009400214195251465,0.0009561922073364257,0.05000000000000002,0.05000000000000002,0.05000000000000002,0.25,0.25,0.25
suniward_alpha0p01,SUNIWARD,0.01,wavelet_energy_cover,1000,0.000947784423828125,0.0031224525634167594,0.002896506313043341,0.0033603108322874035,0.6749192184254441,0.024147714912874024,0.02257908905966404,0.025870554345248802,4.8295429825748055,0.005016781083142639,0.004627688787185355,0.005429557589626238,0.04405673740607317,0.04150635586848741,0.046881917067615374,4.405673740607316,0.004557802365509347,0.004241119801602442,0.0049084605112552455,0.07922582166754989,0.07498523624838734,0.0835987835319608,3.9612910833774944,0.004074766355140187,0.003811157734121686,0.00435173564753004,0.16368332654520884,0.15652035832064182,0.1713733207228493,3.273666530904177,0.003336461432822156,0.003154707408255131,0.003526565957122148,0.27314188557373487,0.26328475880964247,0.28332231721510864,2.731418855737348,0.0027534523537041276,0.00262931544213016,0.0028847810330357823,0.4351164544540053,0.4236355186583735,0.4472197811180919,2.1755822722700264,0.0021608270232123445,0.0020845586412100176,0.0022407832497282035,0.5565099131533302,0.5453113775409835,0.5682863509481151,1.855033043844434,0.0018226669887974772,0.0017712186717190343,0.0018763208422872982,0.6557425114844241,0.6456659112260923,0.6662544754597935,1.63935627871106,0.001597369776268859,0.0015605480745389002,0.0016371957790535772,0.7371107618616629,0.728253512953793,0.7461818127402599,1.4742215237233258,0.0014268798828125,0.0013994827270507812,0.0014563810348510741,0.15411560739612643,0.14770244872051908,0.16082112277505542,0.4613221620411169,0.45180192210142595,0.4713824197613021
suniward_alpha0p01,SUNIWARD,0.01,wavelet_energy_stego,1000,0.000947784423828125,0.0031220851769301096,0.0028963700367656948,0.0033606247793092825,0.674921016412115,0.024111611514190258,0.022544882844594775,0.025830705674726086,4.82232230283805,0.005009153318077803,0.004623855835240274,0.005417429443173149,0.04413968345767361,0.04159256219052254,0.046951312282951206,4.413968345767362,0.004566577642121327,0.004246461274322778,0.0049134109118657,0.07927401220725225,0.07503016013367661,0.08368115318758447,3.9637006103626113,0.004077436582109479,0.003813212855235552,0.004352112340263207,0.16358381306303596,0.1564232595335405,0.1712729041023046,3.271676261260719,0.0033347066453040357,0.0031530346379797054,0.0035245536736095216,0.27323287407253677,0.26337683361380504,0.2833821754856238,2.7323287407253685,0.0027543297474631875,0.0026302681773098346,0.002886612115663386,0.43512464399206235,0.42388378357585005,0.447259925746468,2.175623219960312,0.002160865170039482,0.002085040244902631,0.00224069408151977,0.5566145963674466,0.5453752052202591,0.5683213011204722,1.8553819878914886,0.001822997596734611,0.0017711398344417177,0.0018766330124740918,0.6557650509912729,0.6456538439141272,0.6662563992462663,1.6394126274781822,0.001597369776268859,0.0015605835987716724,0.0016373576646512428,0.7370989494620623,0.7282274952975176,0.7462073880150129,1.4741978989241247,0.0014268569946289061,0.0013995283126831055,0.001456330680847168,0.15411260301983407,0.14773605358119032,0.1607861371521095,0.4613565612275831,0.45182827330718783,0.4714294747884829
suniward_alpha0p02,SUNIWARD,0.02,gradient_magnitude_cover,1000,0.0020568771362304687,0.0061025513379638335,0.005772237620242048,0.006470319327745643,0.6826959203069917,0.022511675015748415,0.02125171428949258,0.023868345124493654,4.502335003149684,0.009808543096872617,0.009185335621662852,0.010501182303585049,0.041582564869740504,0.03941810971588909,0.04390236705110708,4.158256486974049,0.009090423502479968,0.008528796260969094,0.00969158718046547,0.07597508689009265,0.07247766875891291,0.07980055891635339,3.798754344504633,0.008300591264543201,0.007839776845317566,0.008803209040625598,0.1627202905849985,0.15642632538030854,0.16947823928706737,3.25440581169997,0.007087281605249103,0.006750808728160525,0.007450373846036469,0.2776123284239908,0.26923104307140006,0.28700183855204636,2.7761232842399077,0.006003051804379339,0.005768620775158312,0.006266623750667583,0.4463328082884151,0.43617781830233343,0.45732056962289747,2.2316640414420754,0.004771328844723341,0.004625644681378627,0.00492823628144729,0.5707997145691525,0.5606585485390839,0.5816538599921832,1.9026657152305084,0.004033353254580828,0.003934113334943987,0.0041441917907506075,0.6690732601834295,0.659608097814618,0.6790808182600095,1.6726831504585735,0.003522334967289096,0.003449199631883118,0.003603993019130634,0.7493766385716796,0.7411531380823339,0.7579127686919903,1.4987532771433592,0.00313848876953125,0.0030833839416503908,0.00319948616027832,0.1539304918340336,0.14836677504252638,0.15988713405730648,0.4707261516745731,0.46234971910466893,0.47977228128525456
suniward_alpha0p02,SUNIWARD,0.02,gradient_magnitude_stego,1000,0.0020568771362304687,0.006103155319833665,0.005772502070144187,0.006471664819075469,0.6827092618666321,0.02251749311377831,0.021259814820828466,0.02387439750097061,4.503498622755662,0.00981159420289855,0.009183829138062547,0.0105022120518688,0.04156798061346431,0.03940439061461992,0.04386510990471687,4.156798061346431,0.009086226631056847,0.00852645936665395,0.009692130866081648,0.07598656851872079,0.07249900390381053,0.07980730302987661,3.79932842593604,0.008301926378027848,0.00784578962426092,0.00880432958230021,0.16276209624611288,0.1565099528506812,0.16954069402569585,3.255241924922257,0.00708896009765774,0.006753257801174945,0.007451819638361181,0.2776111092859865,0.2692090153647407,0.28700758528218245,2.7761110928598645,0.006003051804379339,0.005768252651255055,0.0062659714274814985,0.44635462082467986,0.43622046694704314,0.4573454199217284,2.231773104123399,0.004771576799099736,0.004626057143947053,0.0049281781075359065,0.5708257578335094,0.5607040604724777,0.5816880240364347,1.902752526111698,0.004033531274239284,0.003934521508589448,0.004144249965031853,0.6690959728589828,0.659642070500852,0.6791236038656439,1.6727399321474568,0.0035224494077705087,0.0034491977245417614,0.003603888353773675,0.749339584902107,0.7411375344092364,0.7578423432893632,1.498679169804214,0.0031383514404296877,0.003083293724060059,0.0031995548248291016,0.15394840272538465,0.14839947491504288,0.15990556970261985,0.4707400202673207,0.4623779782279804,0.4798107804753394
suniward_alpha0p02,SUNIWARD,0.02,laplacian_residual_cover,1000,0.0020568771362304687,0.009037116547007536,0.008532586256708044,0.009615354428688154,0.6884929159974262,0.0457503377590484,0.044004995537710055,0.047754855352996124,9.150067551809679,0.020028985507246376,0.019085259344012208,0.02111060259344012,0.07533778540402732,0.07260324517634102,0.07842452849420832,7.533778540402733,0.016482640213658906,0.015722987409385727,0.01733424265547501,0.12186088639873557,0.11760085393317275,0.12659767038184663,6.093044319936778,0.01330288003051688,0.012726454320045774,0.01395905493038337,0.2202189666734457,0.21363910429473068,0.22753893325766267,4.404379333468914,0.009559472037842374,0.00918177119096666,0.00997035744258793,0.3306255244124172,0.32232821117579946,0.3397337081912324,3.306255244124172,0.007117189288166629,0.006877848668650339,0.007382587548638133,0.480586994665773,0.4718042028878294,0.4901860664565505,2.4029349733288647,0.005115050830647161,0.00497922142325812,0.005264875355242327,0.5868153956448454,0.5785440717637036,0.595865474060625,1.9560513188161515,0.004131353076561169,0.0040410926592322274,0.0042320095240517275,0.6710914759994082,0.6634757944044817,0.6791886384741821,1.6777286899985204,0.003521991645844857,0.003456165719353793,0.0035965648782162545,0.7406562248884226,0.7341217330613907,0.7475718634333264,1.4813124497768453,0.0030948638916015623,0.0030452281951904294,0.003149689483642578,0.20305399584548417,0.19729229446067564,0.2094954999524737,0.4954377473611861,0.4880359969121464,0.5035241430863269
suniward_alpha0p02,SUNIWARD,0.02,laplacian_residual_stego,1000,0.0020568771362304687,0.009696260258212604,0.00911498416972062,0.010318235721299267,0.70559325139087,0.04831939687945953,0.046309234071895466,0.05045582830681996,9.663879375891906,0.02096796338672769,0.019985240274599542,0.02205797101449275,0.0796948087551047,0.07667863793916542,0.08295331213404572,7.969480875510468,0.017283861121709272,0.016506676840900417,0.018131304845478823,0.12842882015357618,0.12410121221512076,0.13329163494928625,6.421441007678808,0.013900438680144955,0.013317070379553689,0.014546128170894526,0.23256915289363075,0.2261634405865979,0.23987887477750433,4.651383057872615,0.01001228351262684,0.009647337300679027,0.010415197985809109,0.3497370125737872,0.34145712245983045,0.35851507471432675,3.4973701257378718,0.007473144121461815,0.007232593270771343,0.007733930342565041,0.5053937506850781,0.4965873427966599,0.5150149626682621,2.52696875342539,0.005348166091285357,0.005213368078735052,0.005497001659386981,0.6130205935715666,0.6046721724493425,0.6221221847921679,2.043401978571889,0.004296262858741401,0.004207232048624798,0.004395199191282123,0.6955543683478531,0.6879842153128812,0.703417818125292,1.738885920869633,0.003637719582673711,0.0035742320566861854,0.003709998998645788,0.7636109467987902,0.757125643329736,0.7701471995587157,1.5272218935975803,0.0031820068359375,0.003134840774536133,0.003235661315917969,0.21454075883222018,0.20880565385908129,0.22096614302540923,0.5170366902246013,0.5096522696711219,0.5249902571593882
suniward_alpha0p02,SUNIWARD,0.02,local_entropy_cover,1000,0.0020568771362304687,0.00784684977010043,0.007337336223725696,0.008409242070426814,0.7213152889919111,0.027731776850844332,0.026093312103006753,0.029487697309891037,5.546355370168866,0.012347826086956521,0.011474427917620137,0.013273150266971777,0.05062727499684301,0.04786792747831224,0.05362036308131288,5.062727499684301,0.011264784433422359,0.010519601297214803,0.01201840900419687,0.09057963650784888,0.08600688420646957,0.09540230771210594,4.528981825392444,0.01005664695784856,0.009460113484646194,0.01071867728399771,0.18938592586953534,0.1814796650056318,0.1982343516281289,3.787718517390707,0.008352254520485238,0.007913939116502632,0.00882196154726482,0.31538365863779894,0.30437853973646206,0.3273068031055542,3.1538365863779885,0.006880254825665675,0.006581031128404669,0.007207756351567863,0.496973624331181,0.4847367045890041,0.5105774855288481,2.4848681216559054,0.0053370653645883,0.005168671918213203,0.005525644204543287,0.6259127619147437,0.6138230627626367,0.6389571732409244,2.0863758730491453,0.004432956525056267,0.004320912541484938,0.004561311241941431,0.7238861454040277,0.7132886050093844,0.7352741610331028,1.8097153635100691,0.0038135859924850754,0.0037335103187167407,0.003902110234793721,0.8011783299445624,0.7922824889344515,0.8106124002515155,1.6023566598891248,0.0033545379638671873,0.0032971517562866213,0.003419633483886719,0.17789984677613907,0.170949214292167,0.18560440935222675,0.5165906745434544,0.5066060619443779,0.5275873835463424
suniward_alpha0p02,SUNIWARD,0.02,local_entropy_stego,1000,0.0020568771362304687,0.007847495610220455,0.007336225755037469,0.008411552438484805,0.7214462601672085,0.027788506645971826,0.026144688354150687,0.029544546574884548,5.557701329194366,0.012373760488176963,0.01150566361556064,0.013302212051868802,0.05065768487401448,0.04785704094223236,0.05361545585798773,5.065768487401447,0.011271652041205647,0.01052687905379626,0.012033317436093092,0.09062005593209185,0.08601723006572179,0.09546365253009516,4.531002796604593,0.010061033759298113,0.009464738699218005,0.01071439061605951,0.18930698844203603,0.18142028727050685,0.19818047039168663,3.7861397688407195,0.008348668650339513,0.007910671778439002,0.008819260700389105,0.3154291705941904,0.3044593815947449,0.327357136499379,3.154291705941904,0.006881094071869993,0.006581643396658274,0.007209009498741131,0.4971092339548212,0.4849330992449789,0.5106176118576655,2.4855461697741057,0.005338400503538118,0.0051701448625760555,0.005526635068378188,0.6261084423169175,0.6140044513526276,0.6392004618850992,2.087028141056392,0.004434253525425023,0.004322391694111364,0.00456223408313518,0.7240866623291067,0.7134994450680977,0.7355114069426828,1.8102166558227666,0.00381456827328387,0.0037345829598123175,0.0039029723530870325,0.8013017474138748,0.7923929163387903,0.81072470431127,1.6026034948277497,0.0033549957275390624,0.003297707176208496,0.0034198238372802735,0.17789285090963006,0.1709339004488388,0.18559757419134537,0.5167125297029015,0.5067532895889938,0.5277206031697147
suniward_alpha0p02,SUNIWARD,0.02,local_variance_cover,1000,0.0020568771362304687,0.006036991648767655,0.005691435680221443,0.006421114917538062,0.7076902885824138,0.017583923718913652,0.016513046992127287,0.018751894270246657,3.5167847437827295,0.007593440122044241,0.007065560640732265,0.008156407322654461,0.03390959905255642,0.03194099310232925,0.036036744027208516,3.390959905255643,0.007366653948874475,0.006875581838992751,0.00790196489889355,0.0652775233185022,0.06182942975000817,0.06905977689506973,3.2638761659251103,0.007118062178142285,0.006668124165554072,0.007625252717909593,0.14878926449705654,0.1418784924245756,0.15625597946247005,2.9757852899411303,0.0064917219806210425,0.006128688868543527,0.006885841535057603,0.26943509108455954,0.25967576735447506,0.27982448331154813,2.6943509108455954,0.0058444342717631804,0.005577926871137561,0.0061354762722209515,0.46026126446866034,0.4485465657959525,0.4730366371731393,2.3013063223433012,0.004937076808636442,0.004771786606648992,0.005116776497739801,0.6026318495948085,0.5907940942482063,0.6152856610567488,2.008772831982695,0.004267372811311878,0.004158120239563598,0.004391129534732907,0.7107124693685657,0.7002547211484019,0.7218657947970348,1.7767811734214143,0.0037446546758473365,0.0036670938316580516,0.0038341423639588782,0.7939327075147212,0.7850009457938909,0.8034155378180865,1.5878654150294425,0.0033243637084960937,0.0032671709060668945,0.00338943920135498,0.14335239934855037,0.13729126124284594,0.14981617568805425,0.48972837641604505,0.480274621243292,0.4998821293857735
suniward_alpha0p02,SUNIWARD,0.02,local_variance_stego,1000,0.0020568771362304687,0.00603889970249465,0.0056941025264234954,0.006424220288959069,0.7078589676910125,0.017558600431607736,0.01649909560756976,0.018731715675959815,3.5117200863215476,0.007583524027459955,0.007059382151029748,0.00814572845156369,0.03389657826573918,0.031933129811796516,0.03602136195843355,3.389657826573918,0.0073636016787485695,0.006872415108737124,0.007898588325066767,0.06529687425462764,0.061859925837011165,0.06907161167500672,3.264843712731382,0.007119778752622544,0.006669835971771888,0.007625462521457181,0.14879812216439903,0.1419205863900092,0.15624231917456965,2.97596244328798,0.0064917219806210425,0.006128702220187686,0.006887430380712597,0.2695649628612545,0.25973072868129987,0.2799148905840412,2.6956496286125446,0.00584660868238346,0.005579142824444953,0.006136952582589456,0.4604021323208485,0.4487015481632375,0.47317794581264194,2.302010661604242,0.004938278433691278,0.0047725829216654905,0.005117469339487688,0.6028069779838022,0.5909874412163225,0.615351635392693,2.0093565932793407,0.0042684154978828385,0.00415877732283865,0.004392007871012041,0.7109732347400768,0.7004946721855921,0.7221208476963608,1.7774330868501915,0.0037458563009021726,0.0036679569036220413,0.003835191640122833,0.7941011448116957,0.7851727406235673,0.8035630793497884,1.5882022896233914,0.0033249740600585936,0.003267790985107422,0.003389636421203613,0.1433900378235096,0.13730054128479846,0.1498359565259802,0.48988108734094243,0.48047950432965003,0.499954064732134
suniward_alpha0p02,SUNIWARD,0.02,oracle,1000,0.0020568771362304687,0.0230935032737074,0.021822299655425904,0.02456791898117546,0.8379006085612648,0.09134189295494716,0.08811612650890416,0.09492125483994288,18.26837859098943,0.03992982456140351,0.038197540045766594,0.04189858886346302,0.14907735508666844,0.14414523383443872,0.15473911095000303,14.907735508666844,0.03256543304082412,0.031238096146508965,0.0340752193819153,0.23417723297792128,0.22705286406068298,0.2423981996705027,11.708861648896063,0.025489223726873924,0.024510471104329586,0.02660722868586687,0.39529321158644215,0.3851851446963346,0.4065179648954795,7.9058642317288434,0.01706462195773251,0.01648933966582742,0.01772083810177768,0.5494403198969098,0.5381306784546495,0.5618117778302957,5.494403198969097,0.011734607461661706,0.011409354734111544,0.01210377183947509,0.7174333094753278,0.7078423973331835,0.7279320087498838,3.5871665473766385,0.007560910946232047,0.007407991760285339,0.00773641686852696,0.811571044331002,0.8035361552420847,0.820113932492625,2.705236814436674,0.005657922510585812,0.005567343247332883,0.005762865099245959,0.8736605386575909,0.8672551756547063,0.8802281747362639,2.184151346643977,0.004543935608155792,0.0044832797688302275,0.00461194329474146,0.9165073019766936,0.9116320874116071,0.9213755821342868,1.8330146039533872,0.003799354553222656,0.0037555841445922854,0.0038475273132324217,0.35806070748363605,0.34929758226547075,0.36765678296614296,0.6987398821768717,0.6910269749536269,0.707390236182236
suniward_alpha0p02,SUNIWARD,0.02,srm_residual_cover,1000,0.0020568771362304687,0.009820045091695827,0.009257770869252738,0.01047546905885709,0.7306215782341767,0.043921090486377524,0.042079529728874715,0.04599204414604393,8.784218097275504,0.019322654462242562,0.0183492944317315,0.020427936689549963,0.07388931425601675,0.07099960795865838,0.07710578970124349,7.388931425601674,0.016243418542541015,0.015442178557802366,0.017144639450591376,0.12247294483736816,0.11800579058303506,0.12752652764568367,6.123647241868408,0.013424756818615297,0.01280142094220866,0.014127841884417316,0.23016533315389642,0.22268300113461975,0.23845664940257985,4.6033066630779285,0.010028152895399404,0.009606078812848097,0.010487090867475396,0.35586280201270437,0.34647835240264924,0.366269269132462,3.5586280201270437,0.007682230869001297,0.007413022621499963,0.007983287556267643,0.5255647005093751,0.515502160088791,0.5367127641229889,2.627823502546876,0.0056029106029106025,0.005451975528810392,0.005773106486867955,0.6428710099239103,0.6332847115649245,0.6530349535899636,2.142903366413034,0.004529099856312705,0.004429797947687652,0.004642352466208054,0.7320696890760034,0.7235617549410116,0.7410760445368725,1.8301742226900084,0.0038428064620725177,0.0037724720574491217,0.0039217436914684625,0.8022076982998612,0.7948993037301748,0.8098942996584707,1.6044153965997223,0.003350982666015625,0.0032985750198364257,0.003408907127380371,0.21326417582572843,0.20680296937294831,0.22044735686148895,0.5385609650982599,0.5301416280679142,0.5477145694444536
suniward_alpha0p02,SUNIWARD,0.02,srm_residual_stego,1000,0.0020568771362304687,0.01023453275982754,0.00965001819399381,0.010881403543597078,0.744126544286436,0.04557533352810314,0.04360886811491234,0.047681730298386925,9.115066705620627,0.01992143401983219,0.018935888634630055,0.021034458428680396,0.07665867100236912,0.07367211594243808,0.07993713898187874,7.665867100236912,0.01675047691720717,0.015958374666157956,0.017633098054177794,0.12672753897272965,0.12226942511180346,0.13160195114015133,6.336376948636482,0.01381270265115392,0.01319320522601564,0.014486396147243943,0.2381215427558168,0.2308282371847269,0.24597813841353597,4.762430855116335,0.010320439459830624,0.009902698939497979,0.01076967650873579,0.3683850258133316,0.359419685516692,0.37853768334145316,3.683850258133316,0.007916456855115587,0.007648162241550315,0.008215726329442282,0.5437548111179743,0.5339283189888308,0.5545151557725736,2.7187740555898716,0.0057740754162772506,0.005624477865303554,0.005944691869003796,0.6635734293804814,0.65443246052931,0.6733518023797733,2.2119114312682715,0.004659804432689496,0.00456317186526455,0.004771381750441871,0.7523440485381903,0.7442047748789441,0.7607684554318727,1.8808601213454756,0.003938392874172691,0.003870033283106678,0.004016591247210514,0.8206315378593608,0.8137747820591805,0.8275078315744847,1.6412630757187217,0.0034204254150390625,0.0033710205078125,0.003477106475830078,0.2207185483517884,0.21442967508901278,0.22773451016818833,0.5549798238449561,0.5469951042558524,0.5636540580723135
suniward_alpha0p02,SUNIWARD,0.02,texture_energy_cover,1000,0.0020568771362304687,0.009284991445997866,0.008768287503003442,0.009874005130460575,0.7205295104587198,0.042776946350349246,0.04111616398720219,0.044642308779274234,8.555389270069849,0.01872234935163997,0.01781763920671243,0.019708676582761254,0.07223024493851349,0.06942698632705928,0.07534437003254697,7.223024493851349,0.015816100724914153,0.015055312857687906,0.016657840518885924,0.11957088770835102,0.11523739522193513,0.12438864769705812,5.978544385417551,0.013073621972153348,0.01246126263589548,0.01374482166698455,0.22402694854305177,0.21697996048611046,0.23183004312155234,4.480538970861036,0.00974479285877775,0.009339499885557335,0.010185772869459066,0.3461049071076342,0.3367718821710174,0.3559845653949379,3.4610490710763426,0.007464484626535439,0.007203973067826353,0.007752257381551842,0.5111031583201894,0.5010122069213421,0.5219976959738665,2.5555157916009468,0.005447157107707566,0.005296897232447691,0.005612852619733354,0.6273917725807017,0.6179220324586655,0.6375117934317932,2.091305908602339,0.004420380707755299,0.004321119171445647,0.004532147807179278,0.7166640508906982,0.7080236151671934,0.7256217908246844,1.7916601272267454,0.003762736271910584,0.0036925523088367127,0.0038425034332144428,0.7887769144925307,0.781491111247001,0.7962683685041799,1.5775538289850615,0.003295753479003906,0.003244018936157227,0.003355456733703613,0.20760729942370545,0.20133513150491852,0.21444267890876112,0.5260414384030753,0.5177055096511085,0.5350374992589931
suniward_alpha0p02,SUNIWARD,0.02,texture_energy_stego,1000,0.0020568771362304687,0.009798008444668141,0.009216474365899943,0.01042218296677101,0.7350015331017716,0.04484495111671937,0.04292641685334588,0.046947848231543354,8.968990223343875,0.0194790236460717,0.01853461098398169,0.020526353928299008,0.07515453994019314,0.07206408634155616,0.07840651715333817,7.515453994019313,0.01634147272033575,0.015574151087371231,0.0171811903853491,0.12448416237086186,0.11996307724685203,0.12953978530081664,6.224208118543093,0.01352164791150105,0.012906875834445927,0.014183597177188633,0.23302687569874217,0.22600905554250988,0.24077910087204457,4.660537513974843,0.010074311436636911,0.009679858091096363,0.010509853513389792,0.3595500509923428,0.3507020770086112,0.3695614627989229,3.5955005099234283,0.007712558175020981,0.007454477569237812,0.008000709544518196,0.5302281231325698,0.5206116856034907,0.5410087673783563,2.651140615662849,0.005625474451162525,0.00548059232485838,0.005789029449350551,0.6488937359188444,0.6396695393604388,0.6588490689130331,2.162979119729482,0.004554989000928245,0.004459568238749793,0.004664678356624239,0.7380380681945254,0.72968015136967,0.7465545485047779,1.8450951704863134,0.003863386675313281,0.0037955215624940397,0.003941732867306261,0.8087700758280254,0.8016940834364182,0.815893331106082,1.6175401516560508,0.00337139892578125,0.0033207677841186525,0.003428956413269043,0.21587393355310538,0.2097488418937319,0.22276515433655114,0.5434387848418457,0.5354422775822991,0.5523451358598325
suniward_alpha0p02,SUNIWARD,0.02,uniform,1000,0.0020568771362304687,0.0020568771362304687,0.002041808605194092,0.0020740777015686037,0.5,0.005,0.005,0.005,1.0,0.0020564378337147218,0.002041372520976354,0.0020736347254004576,0.01,0.01,0.01,1.0,0.0020572224341854255,0.002042151373521557,0.0020744258870660057,0.02,0.02,0.02,1.0,0.0020568300591264545,0.0020417618729734886,0.0020740302307839025,0.05000000000000001,0.05000000000000001,0.05000000000000001,1.0,0.002056908522163729,0.002041839761196307,0.002074109349965667,0.10000000000000002,0.10000000000000002,0.10000000000000002,1.0,0.002056908522163729,0.002041839761196307,0.002074109349965667,0.20000000000000004,0.20000000000000004,0.20000000000000004,1.0,0.0020568692898968125,0.002041800816342101,0.002074069789620249,0.2999999999999999,0.2999999999999999,0.2999999999999999,1.0,0.0020568823671528297,0.0020418137977950995,0.0020740829762343756,0.4000000000000001,0.4000000000000001,0.4000000000000001,1.0,0.0020568692898968125,0.002041800816342101,0.002074069789620249,0.5,0.5,0.5,1.0,0.0020568771362304687,0.002041808605194092,0.0020740777015686037,0.05000000000000002,0.05000000000000002,0.05000000000000002,0.25,0.25,0.25
suniward_alpha0p02,SUNIWARD,0.02,wavelet_energy_cover,1000,0.0020568771362304687,0.005745552755752332,0.005382227466408172,0.00612917034813629,0.6646450214853503,0.021344364686706176,0.020093544359198398,0.02265313108304793,4.268872937341235,0.00952326468344775,0.008879424103737606,0.010207646834477498,0.03934891870516372,0.03719050940270579,0.04164358249628111,3.9348918705163722,0.008756199923693244,0.008199389545974817,0.009359261732163294,0.07155456410322425,0.06803401551739542,0.0753000659912228,3.577728205161213,0.007931146290291818,0.007454858859431624,0.008435123021171085,0.15093248111077956,0.14451079341105072,0.1576452531006459,3.01864962221559,0.006642710002288854,0.006292109178301671,0.007009580758373388,0.2565893999183096,0.2477067210029917,0.2657985366730447,2.565893999183096,0.005595597772182804,0.005343886854352637,0.005855213817044329,0.41708235825162765,0.4064768537736596,0.428383675857546,2.0854117912581387,0.004487936065917717,0.004330646684087051,0.004650774380590894,0.540038682150925,0.5292652272596245,0.5511640300563025,1.8001289405030834,0.0038350647864399882,0.0037281954528692956,0.003948591737344709,0.6409662246437091,0.6312383124484794,0.6513462493168211,1.6024155616092726,0.0033867325335215246,0.00330906773922829,0.003469436762097313,0.7253166229402281,0.716830341331378,0.7342762879760443,1.4506332458804563,0.0030460662841796876,0.0029890960693359373,0.003108778381347656,0.14284964238175665,0.137111567594705,0.14877043478061797,0.44637798377145743,0.4373511915620484,0.4557701368037672
suniward_alpha0p02,SUNIWARD,0.02,wavelet_energy_stego,1000,0.0020568771362304687,0.005746534645749947,0.005383290960253054,0.006131085872041486,0.6646381808860451,0.02133534304039391,0.020103689297103537,0.022658298555624127,4.267068608078782,0.009517925247902365,0.008870289855072464,0.0101952707856598,0.0393789064982671,0.03719742875864621,0.041656098098988334,3.9378906498267106,0.00876192293017932,0.00819685234643266,0.009360034338038916,0.07151937940873798,0.06804238403680042,0.07529078826396712,3.575968970436899,0.007927713141331299,0.007449356284569902,0.008433744993324435,0.15081697477108702,0.14443342912850324,0.15757501929079448,3.01633949542174,0.006637750820172427,0.006287483787289235,0.0070045090409704735,0.25655470217230925,0.24768034968851638,0.2658194583655026,2.5655470217230922,0.005594682230869002,0.005344197756923782,0.005854123750667583,0.41700914957210694,0.4063633196705382,0.42830180615818436,2.0850457478605344,0.004487039615479983,0.004328481851646989,0.004649362947986802,0.5400621378893751,0.5293398249304506,0.551241515226936,1.8002071262979171,0.0038354208257569016,0.0037282472693055966,0.0039490243886932085,0.6410496658022123,0.6313263849176497,0.6514092510208642,1.6026241645055306,0.0033871902954471763,0.003309658061378245,0.0034697376451963604,0.7253613185267871,0.7168484786704235,0.7343484382472547,1.4507226370535742,0.003046241760253906,0.002989323616027832,0.0031091053009033205,0.14278952647264945,0.13706292570105288,0.14870442317021704,0.4463736980171784,0.43735123207055465,0.4558031226713542
suniward_alpha0p03,SUNIWARD,0.03,gradient_magnitude_cover,1000,0.0032464370727539062,0.00879402989868875,0.008349955292681618,0.009303808841236483,0.6751656810041556,0.020617605168752544,0.019532515621174182,0.021811528295872278,4.123521033750508,0.014118230358504957,0.01326918382913806,0.015064225781845918,0.038463312513757585,0.036540789664077734,0.04051296625151151,3.846331251375758,0.01320717283479588,0.012430370087752766,0.01401768409004197,0.07090699808869926,0.06774572793185896,0.0743419456996903,3.545349904434963,0.012180621781422851,0.0115359479305741,0.012886348464619495,0.15399002398789832,0.14823608158941937,0.16014166682769812,3.079800479757967,0.010556801709010452,0.010071396963454642,0.011085305561913481,0.2655052226945227,0.2576208222704418,0.2742840913094864,2.6550522269452266,0.009046158541237507,0.008691838330663003,0.009431198977645532,0.4329169506658519,0.42330079137671117,0.443419923310088,2.1645847533292595,0.007297392664365142,0.007075294684239639,0.007539214461462168,0.5580965869500257,0.5485404197418244,0.5686252175924638,1.8603219565000864,0.006221570896328981,0.006070824485332452,0.006386687944254415,0.6580892363033067,0.6490470118246652,0.6678350155793283,1.6452230907582668,0.005466592916134202,0.005357057878273475,0.005589120524900342,0.7402443569421854,0.7322393916731095,0.7485682027190665,1.4804887138843708,0.004892539978027344,0.004808860397338867,0.004986433029174804,0.1460693435834993,0.14105294030662896,0.15148291290852486,0.45960938146420754,0.45161637247657266,0.46844141445196125
suniward_alpha0p03,SUNIWARD,0.03,gradient_magnitude_stego,1000,0.0032464370727539062,0.008794577843841675,0.008349583879849007,0.009304816537459112,0.6751846660828291,0.02061664360493307,0.019536780849853733,0.021811845772720502,4.123328720986614,0.014117467581998475,0.013262337909992372,0.01505421434019832,0.03847205036281106,0.03655765181135979,0.040519706072354465,3.847205036281106,0.013209843571156047,0.012437161388782907,0.014014536436474628,0.07090607428491086,0.06775263050452518,0.07433500247787025,3.545303714245543,0.01218004958992943,0.0115366870112531,0.012887697882891472,0.15400181023838116,0.14823765412216963,0.1601538336643022,3.0800362047676226,0.010557259479667354,0.010071694514381628,0.011087182421606777,0.2655118457628597,0.257588918488122,0.2743315833850596,2.6551184576285967,0.009046272983901732,0.008691653315022507,0.009431189440756845,0.43296161426027086,0.4233619045282644,0.44346755697745355,2.1648080713013536,0.007298079307253619,0.007075896450437735,0.007540010776478667,0.5580888538108818,0.5485182438084031,0.5686731057975444,1.8602961793696062,0.006221418308050303,0.006070970715766184,0.0063866062459468735,0.6580518365987841,0.6489782283087051,0.6678226729676178,1.6451295914969601,0.005466325888344237,0.005356714795246906,0.005589069026683706,0.7403209420750695,0.7322566024845116,0.7486462973214038,1.480641884150139,0.004893028259277344,0.004809157752990722,0.004986777305603028,0.14607613635050706,0.14104988651585074,0.15148155020089557,0.4596189669878817,0.45161042188020917,0.46845856110808126
suniward_alpha0p03,SUNIWARD,0.03,laplacian_residual_cover,1000,0.0032464370727539062,0.012217227583660261,0.011573496293813124,0.01294795853770951,0.6797870090266906,0.04060627606873166,0.03913512777584048,0.04232949828866112,8.121255213746332,0.027966437833714722,0.02670154462242563,0.029441228070175435,0.06779453130460346,0.06539306814596947,0.07050390531392058,6.779453130460344,0.02334566959175887,0.022315709652804272,0.024541844715757342,0.11148915262161609,0.10773283190720481,0.11576665953733091,5.574457631080804,0.01916212092313561,0.01834241846271219,0.020085642761777607,0.2059491541488405,0.19982154697489957,0.21256371795359819,4.118983082976809,0.014085069047074085,0.013531120775158313,0.01469091897459373,0.3150644617478215,0.3073140507283064,0.32352020643445195,3.150644617478214,0.010695315480277714,0.010335244525825895,0.01108315785458152,0.46492746745319014,0.456288701375915,0.4742725455751349,2.3246373372659503,0.007808102386084038,0.007598966697819909,0.00803646073737817,0.5727813588102055,0.5646124608498958,0.5817307868854719,1.9092711960340187,0.00636431723103137,0.0062256659842579755,0.006520671261269279,0.6593110776598425,0.6519296815588743,0.6675780365012873,1.6482776941496062,0.005461633828606306,0.005359927950180245,0.005574715806137825,0.7311895896206276,0.7247141166969059,0.738107141350778,1.4623791792412553,0.004822395324707031,0.004745267486572265,0.004908272361755371,0.1905585112720966,0.18521609213781756,0.19646440857733388,0.4821410881759119,0.47500370903266104,0.4901173033975712
suniward_alpha0p03,SUNIWARD,0.03,laplacian_residual_stego,1000,0.0032464370727539062,0.013177661612302962,0.01244573704676778,0.01398220407639626,0.6981097278369972,0.04320042898725313,0.04141014536166122,0.045089568051383144,8.640085797450626,0.029479023646071703,0.02812799389778795,0.030959858886346298,0.0720150530242231,0.069277531449893,0.07488354417074736,7.20150530242231,0.02457954979015643,0.02350249904616559,0.025769257916825637,0.11800592624614929,0.11406698389445294,0.12235155079486991,5.900296312307464,0.020107381270265116,0.019286062368872783,0.021023168987221057,0.2180658695577273,0.21202609812162188,0.2247488818348732,4.361317391154546,0.014789272907606623,0.014244287403677424,0.015378896772716867,0.33446613978235473,0.32672397760767935,0.34290526310902175,3.3446613978235473,0.011265201800564582,0.010908151178759443,0.011647003509575038,0.4912566215037057,0.48268464678184947,0.500322699468723,2.456283107518528,0.008199336245207805,0.007996151461977151,0.008422884758435216,0.6012354291965399,0.5929245210154506,0.6100966838570842,2.0041180973217996,0.006648296733339267,0.006512242348333609,0.0067986445074577516,0.6861711490882392,0.6787040861988072,0.6938430514310775,1.7154278727205978,0.005662791584809934,0.005566558822407446,0.005770321768486906,0.7558326772402588,0.7493635438526449,0.7622676283174769,1.5116653544805176,0.004970352172851563,0.004898158836364746,0.005052359580993652,0.20200521844408884,0.19666653593467,0.20794598863633645,0.505163565348776,0.49789682807819596,0.512846870772934
suniward_alpha0p03,SUNIWARD,0.03,local_entropy_cover,1000,0.0032464370727539062,0.011046940228024143,0.010375452586699741,0.011797570618829821,0.7121190516585961,0.024965025469042237,0.023554406226116518,0.026457597146024754,4.993005093808447,0.01744469870327994,0.01629418382913806,0.018659096109839818,0.04606439304316774,0.04365287502506259,0.048693848924940844,4.6064393043167735,0.016094238840137352,0.015084586035864173,0.01715268027470431,0.08330201236632731,0.07928538523920863,0.08763728542108265,4.165100618316364,0.01453404539385848,0.013695236505817282,0.015455941255006675,0.17731002613842897,0.1701217919748442,0.18538652005422956,3.5462005227685793,0.012304875257495993,0.011667429617761503,0.013000030518043793,0.299828244026382,0.2896217249894831,0.31097553009562023,2.9982824402638197,0.010305752651255055,0.009862196726939804,0.010788415541313802,0.47989566762479147,0.4682070024273415,0.492972356405525,2.3994783381239575,0.008128783688416717,0.007869107268877911,0.008412762021018901,0.6102779755077645,0.5984236462812852,0.6230033669472475,2.034259918359215,0.006821217400150045,0.006646181160433858,0.007014765141207736,0.7106805776054673,0.7002766330445512,0.7220236114126265,1.7767014440136677,0.005910154685384043,0.0057863067195636,0.006049085429819375,0.7905798635623109,0.781831201457501,0.8000562436128583,1.5811597271246218,0.005225906372070313,0.005135365867614747,0.005327314186096191,0.16724455468692223,0.16086200190525604,0.17433122502839377,0.5026605658438583,0.49320885611122395,0.5133180176661275
suniward_alpha0p03,SUNIWARD,0.03,local_entropy_stego,1000,0.0032464370727539062,0.01105207416898503,0.01038130660399075,0.011806740780965176,0.7122546278105186,0.025022985264080463,0.023602266654596936,0.026517616311910228,5.004597052816092,0.01748512585812357,0.016331693363844393,0.018695041952707853,0.04611706337159788,0.04371868566221118,0.04874949701979888,4.611706337159788,0.01611217092712705,0.015102956886684471,0.017166463181991606,0.0833202606653877,0.0793244419816182,0.08765046462440164,4.166013033269384,0.014536334159832158,0.013698464619492657,0.015456379935151632,0.17727278254309298,0.1700245038333779,0.18537808336634157,3.5454556508618595,0.012302662699320972,0.011670288776989397,0.012998588540474556,0.29992082745407944,0.28972955356202734,0.31103165064243854,2.9992082745407935,0.01030891889829862,0.009864690623331045,0.010793161097123674,0.4800166574873219,0.46832100397636867,0.49304513103506653,2.4000832874366096,0.008130710103187168,0.007870962158347478,0.008414045184916742,0.6104142766137766,0.5986176713318516,0.6231200310700281,2.0347142553792557,0.006822692420177257,0.006647840557964473,0.007016238571773712,0.7108682277063022,0.7004725785777547,0.7222034877265836,1.7771705692657551,0.005911556581281353,0.005787550067710619,0.00605049543191745,0.7907590600851068,0.7820106861037536,0.8002169680603767,1.5815181201702135,0.005226959228515625,0.005136410331726075,0.00532828426361084,0.16726330102990844,0.16087595609985642,0.1743421031995825,0.5027804813213804,0.49332400759388395,0.5134670872786813
suniward_alpha0p03,SUNIWARD,0.03,local_variance_cover,1000,0.0032464370727539062,0.00877144072293748,0.008296424219314546,0.009293579246798675,0.6991149164769687,0.01631516756445882,0.015342062548691629,0.017352174633663852,3.2630335128917634,0.011099160945842868,0.01036687643020595,0.011879672006102212,0.031680876133322024,0.029974693543011084,0.03357360860741592,3.168087613332202,0.010822968332697443,0.010137714612743227,0.011576592903471955,0.06121412056580908,0.05819765867171958,0.06461395102139958,3.060706028290454,0.010496090024794964,0.009869864581346558,0.011192151440015258,0.14080743173260457,0.13458650699459196,0.14757251910580943,2.816148634652092,0.009664377813382164,0.00913435568780041,0.010229060807202258,0.25747033915869283,0.24834967238508918,0.2673509448538233,2.5747033915869277,0.008796826123445487,0.008402837224383916,0.009223777370870526,0.4448464439511912,0.43376076999565094,0.4570239997288365,2.224232219755956,0.007523946670735662,0.007271170535390719,0.007794164965953956,0.5875121167165511,0.576181822127466,0.599808034464799,1.9583737223885034,0.006564640209554569,0.006394941698561855,0.006753649720890606,0.6973108483157998,0.6871261987729228,0.7084426571361996,1.7432771207894997,0.005799328615842377,0.005679652005569438,0.005936047082721394,0.7833401337097248,0.7746037090111524,0.7927736215116061,1.5666802674194495,0.0051780853271484375,0.005089301300048829,0.005278865432739257,0.13612520568409894,0.13061763874809723,0.142122890379888,0.47723997022036996,0.4681018901843939,0.48698745378393166
suniward_alpha0p03,SUNIWARD,0.03,local_variance_stego,1000,0.0032464370727539062,0.00877407142860415,0.008298095520806188,0.009296577545456396,0.6992910080117345,0.016308460256425208,0.015335046437569272,0.017350326286472498,3.2616920512850407,0.011094584286803965,0.010368096872616323,0.011874256292906176,0.03169048732347474,0.02998063136621024,0.033583635562173184,3.1690487323474743,0.01082563906905761,0.010143809614650895,0.011579273178176268,0.061236358390194826,0.05823994836481951,0.06463623243424553,3.061817919509741,0.010499523173755482,0.009874465954606141,0.011196533473202363,0.1408344432874643,0.13461977885335494,0.14759892328583318,2.8166888657492857,0.00966567483024338,0.009137567711909666,0.010229161898222323,0.2575777989352579,0.24843529037174833,0.26744357285794634,2.5757779893525785,0.008799725337605858,0.008404829480430304,0.009224185549706262,0.44494887073807565,0.4338487900204451,0.45714871198669277,2.2247443536903786,0.007525358103339755,0.007273290068473555,0.007796504796963512,0.5876485506120322,0.5763203879002831,0.5999266899824464,1.958828502040108,0.006565860915783987,0.006396456455119972,0.006754843724171255,0.697457612585919,0.6872909022005306,0.7085836870358598,1.7436440314647974,0.005800339506761525,0.005680883909668314,0.005937123538499686,0.7835695261547839,0.774870753273771,0.7930115626392674,1.5671390523095678,0.005179405212402344,0.00509126853942871,0.005280087089538575,0.136167708288921,0.13063218540680172,0.14216836785479026,0.47735928095399377,0.46825128101280117,0.48711662065804595
suniward_alpha0p03,SUNIWARD,0.03,oracle,1000,0.0032464370727539062,0.028871856501605366,0.027392108928965406,0.030546791687406576,0.8238957373405508,0.07720892575121285,0.07463766810506153,0.08001807474349461,15.441785150242573,0.0530327993897788,0.050866819221967965,0.0554761632341724,0.12868421486284543,0.12455450269333307,0.1333820353623667,12.868421486284543,0.04421175123998474,0.04244008966043495,0.046194324685234635,0.20670695181965518,0.20050969482567588,0.2137537203852953,10.33534759098276,0.03543028800305169,0.03407684531756628,0.03698112721724204,0.3607994002633159,0.35153843057426487,0.37128163925900104,7.215988005266318,0.024573052567330434,0.023732902265964754,0.025535784313725492,0.5148805876571112,0.5040528011230452,0.5265243172219799,5.148805876571111,0.017366941329060807,0.01687345120927749,0.017919096665903717,0.6888696040492078,0.6793170875479432,0.6994203377716508,3.4443480202460393,0.01147214327948273,0.011229352552976407,0.011747666844685194,0.7897747474365877,0.7814879820883759,0.7983966092158484,2.632582491455292,0.00870017674808947,0.008553193545515812,0.008865634258611702,0.8574237392889841,0.8507710405038541,0.86429536285576,2.1435593482224604,0.007045203990158119,0.00694684859524309,0.00715692007286044,0.9044407262034785,0.8992587303546703,0.9096032035878063,1.808881452406957,0.005922195434570313,0.005851950263977051,0.00600037670135498,0.32789305978580924,0.31990373078416645,0.3369019725839768,0.6747243614981767,0.6670358366933562,0.6833191323091261
suniward_alpha0p03,SUNIWARD,0.03,srm_residual_cover,1000,0.0032464370727539062,0.01336205930357137,0.012639605439735574,0.014186990179010196,0.7201094900640692,0.03895520321287971,0.037432721244478315,0.04067372578076444,7.7910406425759415,0.02692601067887109,0.025626239511823037,0.02837999618611747,0.06661171541869072,0.06408450849829339,0.06940035889765739,6.661171541869072,0.023027851964898892,0.021946957268218235,0.024262209080503624,0.11194758294742409,0.10802739943050264,0.1164464618303191,5.597379147371204,0.019311081441922565,0.018453418844173182,0.020290792485218388,0.2142684249801764,0.20752092050206938,0.22167214050435236,4.285368499603528,0.014709391927977416,0.014099826428625924,0.01538024338139925,0.33714211033950175,0.3282497242178421,0.3469077483524779,3.3714211033950168,0.011478789959563591,0.011079989700160218,0.011919612611581597,0.5064625837446788,0.4968281030653232,0.5173673234304239,2.5323129187233935,0.00852072326384253,0.00828672442732076,0.008782583112399626,0.6257289998708542,0.6163505266386236,0.6357866051114911,2.085763332902847,0.006958941037345981,0.0068048395915720405,0.007132458070012589,0.7172439643322446,0.7088560452530683,0.7262681498943517,1.7931099108306114,0.005943933700814435,0.005834100879284365,0.00606984779415972,0.7906419952501694,0.7833477176079429,0.7983333898730429,1.5812839905003389,0.005214019775390625,0.005132864952087402,0.005306853866577148,0.19932605298347658,0.19341580910681253,0.2058282253398067,0.5225307307452179,0.5144778605246317,0.5314794799246145
suniward_alpha0p03,SUNIWARD,0.03,srm_residual_stego,1000,0.0032464370727539062,0.01398233991243083,0.013220851049017934,0.01482053970671775,0.7346680519179117,0.04051397282581913,0.038880776180430614,0.042282800636458936,8.102794565163826,0.027826849733028226,0.02650314645308924,0.029276525553012966,0.06924615579515432,0.06664586068343036,0.07206611386339848,6.924615579515433,0.023788630293781,0.022697615413964138,0.02498367989317055,0.11601464527377092,0.11210418697065588,0.12038599684767563,5.800732263688546,0.019903108907114244,0.019025548350181193,0.020852136181575436,0.22250976770977848,0.21575302653484205,0.22991933454938526,4.450195354195569,0.01519127183947509,0.014582763027389945,0.015848111696040282,0.34975275978852055,0.3412354086059693,0.3592259236532634,3.497527597885206,0.011850919356069276,0.011446880483710994,0.012286146715495537,0.5253962817329516,0.5159901673182921,0.5355485874376436,2.626981408664758,0.008802685536630491,0.008574734879551392,0.009057612676190657,0.6476618838055582,0.6385945984575156,0.6574142151371465,2.1588729460185276,0.0071779815113869,0.007028534326004857,0.007347873936650433,0.7396640937978826,0.7315489979634336,0.7480276636308619,1.8491602344947065,0.006111932327528658,0.0060062978027427575,0.006234301388544508,0.8106534084088771,0.8038415943806526,0.8177747431807298,1.6213068168177542,0.005333900451660156,0.0052555065155029295,0.005424092483520508,0.20686418641172327,0.20105600756369654,0.21332562958730802,0.5399579059693629,0.5322189830613345,0.548353959653176
suniward_alpha0p03,SUNIWARD,0.03,texture_energy_cover,1000,0.0032464370727539062,0.012668244548627906,0.011998297358323326,0.01344420512034485,0.7107961727772906,0.038057226294959855,0.03664759596821811,0.03965690492271967,7.611445258991971,0.026185354691075517,0.024975743707093823,0.027544832189168575,0.06504004164332883,0.06264094590457439,0.06775127718925666,6.504004164332884,0.022402136589088135,0.021361398321251432,0.023567483784814956,0.10910204780464408,0.10534658527433248,0.11333860340821397,5.455102390232203,0.018770932672134272,0.017910103948121307,0.019703995803929047,0.20876041232580758,0.20215519617752137,0.21586855737194377,4.175208246516152,0.01430411230640116,0.013716863126573586,0.014940358205539026,0.328255147416371,0.3195297553637623,0.33758670459066137,3.28255147416371,0.011162737468528267,0.01077190337224384,0.011585701342793926,0.4932688322730995,0.48369913268460574,0.5039354590522458,2.4663441613654973,0.008294627019397663,0.008065253485666331,0.008550100612256575,0.6114229850667844,0.6023887252352345,0.6214282730826918,2.0380766168892817,0.006798990374222753,0.006647383428912935,0.0069716001424157265,0.7035719563855313,0.6952905746924821,0.712502342850488,1.7589298909638278,0.005830761601403803,0.00572245512979458,0.005953777251139636,0.7780233088565506,0.7708298968681244,0.7856016941522089,1.5560466177131012,0.0051317596435546875,0.0050498031616210935,0.005223736763000488,0.19416922578334225,0.18837523841340598,0.20047033137839562,0.5111144455290436,0.5031686608770357,0.5198176477479072
suniward_alpha0p03,SUNIWARD,0.03,texture_energy_stego,1000,0.0032464370727539062,0.013412385346201717,0.012659077752925022,0.014211545253449306,0.7263247187067974,0.03980941660454061,0.03816669802941352,0.041646347770871166,7.961883320908124,0.027196033562166284,0.025904309687261633,0.028570652173913042,0.0680161625851216,0.06530858315584703,0.07093863504279363,6.801616258512159,0.02325982449446776,0.022176106447920643,0.02442378863029378,0.11404262953773894,0.10991882977365042,0.1185494689079113,5.702131476886947,0.019487507152393668,0.018636815754339116,0.020430426282662596,0.21793140882933024,0.21142497054408863,0.22517496418297614,4.358628176586604,0.014835431448844128,0.014256359197375447,0.01547167353322652,0.3424997677569019,0.3341045972527421,0.35186081317746876,3.424997677569018,0.011579575799191272,0.011187192912184328,0.011994439993896391,0.5135762544308877,0.5043256909979719,0.5236974800323906,2.5678812721544384,0.008595204943828798,0.008373240954433616,0.008843238951725192,0.6340660604296534,0.6250921185521434,0.6437204845936313,2.113553534765511,0.007023231565428583,0.006874988237986853,0.007187170822577979,0.7262334131739463,0.7180244778443964,0.7347792717379973,1.8155835329348655,0.005999732972210037,0.005894605084972058,0.006118152167693452,0.7997880823796659,0.7926546162136094,0.8068306481647394,1.5995761647593318,0.005262039184570313,0.005183379364013672,0.00535086841583252,0.2026977144026165,0.19695352656533177,0.2089660632101829,0.5295434735010774,0.5218394541934532,0.5379812095854013
suniward_alpha0p03,SUNIWARD,0.03,uniform,1000,0.0032464370727539062,0.0032464370727539062,0.003223453617095947,0.003272342872619629,0.5,0.005,0.005,0.005,1.0,0.0032457437070938216,0.0032227651601830663,0.003271643974065599,0.01,0.01,0.01,1.0,0.0032469820679130105,0.0032239947539107216,0.003272892216711179,0.02,0.02,0.02,1.0,0.003246362769406828,0.0032233798397863817,0.003272267976349418,0.05000000000000001,0.05000000000000001,0.05000000000000001,1.0,0.0032464866102082865,0.003223502803845274,0.0032723928053711763,0.10000000000000002,0.10000000000000002,0.10000000000000002,1.0,0.0032464866102082865,0.003223502803845274,0.0032723928053711763,0.20000000000000004,0.20000000000000004,0.20000000000000004,1.0,0.0032464246886265242,0.0032234413206431558,0.0032723303896698393,0.2999999999999999,0.2999999999999999,0.2999999999999999,1.0,0.003246445328891319,0.003223461814783261,0.003272351194639065,0.4000000000000001,0.4000000000000001,0.4000000000000001,1.0,0.0032464246886265242,0.0032234413206431558,0.0032723303896698393,0.5,0.5,0.5,1.0,0.0032464370727539062,0.003223453617095947,0.003272342872619629,0.05000000000000002,0.05000000000000002,0.05000000000000002,0.25,0.25,0.25
suniward_alpha0p03,SUNIWARD,0.03,wavelet_energy_cover,1000,0.0032464370727539062,0.008299935398337597,0.007824318136490307,0.00879752786464053,0.6580869448289836,0.019656738709483177,0.018604473233382164,0.02083735801392253,3.931347741896636,0.01374370709382151,0.012874103737604883,0.014676010678871091,0.03656343440484803,0.03470688956662477,0.038548282192523244,3.656343440484803,0.012761922930179321,0.011974046165585651,0.013594057611598624,0.06683231011222343,0.06368613799222321,0.0701292994432542,3.341615505611171,0.011630364295250812,0.010956370398626741,0.012331599275224108,0.14322605102664862,0.13744090640732434,0.14927180629642217,2.864521020532972,0.009912260624093996,0.009417086289768829,0.010449473563744564,0.246106771081443,0.23772997957868705,0.2548290183726628,2.46106771081443,0.008450179293507287,0.008083063439383536,0.008832442587930114,0.4053632863159369,0.3952463448877842,0.4162501764124593,2.0268164315796846,0.006873810295828644,0.006638421484293046,0.007119406721470942,0.529394924603568,0.5189001965345065,0.5400261867905342,1.7646497486785602,0.005928614116958916,0.005767794972216219,0.006099795913177269,0.6314700907348436,0.6219157468819362,0.6415668660943489,1.5786752268371091,0.00526393789696542,0.005143429924278548,0.005390478790364112,0.717440228617855,0.7090049048005751,0.726404636124484,1.43488045723571,0.0047544937133789066,0.00466350040435791,0.004851395988464355,0.13590866971930265,0.13070557266931274,0.1413070616917692,0.43678209424466,0.428087554442938,0.44577855590857207
suniward_alpha0p03,SUNIWARD,0.03,wavelet_energy_stego,1000,0.0032464370727539062,0.008299975682605749,0.00782453852711389,0.008798771255115195,0.6580899366148844,0.019640203331994417,0.018584699725906387,0.02080984354109958,3.928040666398883,0.013731502669717774,0.0128604118993135,0.014672063310450038,0.03658170868959322,0.03471690543301678,0.03857100308903444,3.658170868959322,0.012767264402899655,0.011983851583365126,0.013597205265165965,0.0667946838397662,0.0636476417234686,0.07007628372375495,3.3397341919883092,0.011624260919320999,0.010952283997711235,0.012324685294678618,0.1431821613334123,0.13736014584183417,0.14925179742413644,2.863643226668246,0.00990905622949569,0.009412676432440682,0.010442536430914778,0.24617384728879269,0.23778104731100486,0.25494409015942937,2.461738472887926,0.008452506294346532,0.008085136758983749,0.0088360265506981,0.40536096603179533,0.3952344271117096,0.416226929063613,2.0268048301589765,0.0068737149287608,0.006636314348929028,0.007118717694405768,0.529486858731862,0.5190685429505559,0.5402096159380706,1.7649561957728737,0.0059296695192197655,0.005769673397505182,0.006100229836094757,0.6315480254482941,0.6219677546282887,0.641690312363092,1.5788700636207351,0.005264567319613191,0.005144438192603331,0.0053914651242632896,0.7175358030025939,0.7090640515879779,0.7265127585085499,1.4350716060051878,0.004755134582519531,0.004664104080200195,0.004852100563049316,0.13590090144183553,0.13071266062087358,0.14127904781792205,0.4368303153598961,0.4281297123900587,0.44583704219090037
suniward_alpha0p05,SUNIWARD,0.05,gradient_magnitude_cover,1000,0.005799430847167969,0.01402040232528108,0.013365288238449324,0.014716313562061104,0.6648593924466263,0.01841449146362762,0.01752658046631311,0.019376915876690444,3.6828982927255236,0.022350877192982458,0.021106750572082385,0.02369437452326468,0.034626762579660096,0.03305769948318514,0.03632321627075684,3.46267625796601,0.021078977489507825,0.019965986264784435,0.02227144219763449,0.06450815646960284,0.061885602198191794,0.06741269368429073,3.225407823480142,0.01965706656494373,0.01868379744421133,0.020700748617203894,0.14241229502560665,0.13746683025511489,0.1479446096415752,2.8482459005121328,0.017342488746471353,0.016585936903944457,0.01816306935225452,0.24943752167993039,0.24232110235919252,0.2571715645270636,2.4943752167993036,0.015121423666742961,0.014560048065918976,0.015732748722056916,0.4144197652783206,0.405627602283428,0.42413903292988675,2.0720988263916027,0.012447157107707567,0.012087208892025409,0.01284340489042324,0.5404107026769193,0.5314455439960984,0.550353694769125,1.8013690089230645,0.010742774309220146,0.010495072670167721,0.011023878476151721,0.6425476362230093,0.6339086072486436,0.6518907363880803,1.6063690905575232,0.009523803620133896,0.009337968013885443,0.00973491221461405,0.7276406544937807,0.7200124590835345,0.7357413239316055,1.4552813089875614,0.008584686279296875,0.008442697906494141,0.008745793533325195,0.13574366149080172,0.13129228448445104,0.14057546964335604,0.44433217075118125,0.43689052282649804,0.45271454565064956
suniward_alpha0p05,SUNIWARD,0.05,gradient_magnitude_stego,1000,0.005799430847167969,0.01402118121595331,0.013366409315301146,0.014716432268479341,0.6648770725734139,0.01840977974505937,0.017519982457975404,0.019370729317471167,3.681955949011874,0.022349351639969487,0.02109980930587338,0.023702154843630814,0.03464557215972852,0.03306335917229132,0.036351144990069105,3.4645572159728526,0.02109004196871423,0.01998234452499046,0.02229009919877909,0.06451681866165988,0.06188691576448133,0.06743388150181051,3.225840933082994,0.019659164600419606,0.01869084970436773,0.020701811939729163,0.1423973699039325,0.13746515083591593,0.14791942042990766,2.8479473980786496,0.01734004730296788,0.016581357289997708,0.018161228732738236,0.2494627465216732,0.24235706944175542,0.25719909517653927,2.4946274652167313,0.015122835126268407,0.014561763752193485,0.015734111543450065,0.4144112328507608,0.4056379702165333,0.4241268199732756,2.0720561642538042,0.012446718419195485,0.01208633771386065,0.012842470293158367,0.5404307802650998,0.5314351010135551,0.5503891310357536,1.8014359342169997,0.010743079485777502,0.010496071169716313,0.01102446816627036,0.6425400410530806,0.6339047400579868,0.6518987415075742,1.6063501026327016,0.00952366056953213,0.009337930820728984,0.009734945116252457,0.7276980941126883,0.7200646832723778,0.7357893611207496,1.4553961882253765,0.00858538818359375,0.008443451499938965,0.008746154022216797,0.13574690522355587,0.13129455876408014,0.14057075910592556,0.4443418759419355,0.4369016203728554,0.45272146452257345
suniward_alpha0p05,SUNIWARD,0.05,laplacian_residual_cover,1000,0.005799430847167969,0.018171013655140983,0.017305657270667324,0.019121084033907464,0.6682118519788205,0.0344178864475921,0.03325466931996542,0.03574927994273313,6.883577289518418,0.04201754385964912,0.04026336765827613,0.043993173150266976,0.058697158901392495,0.05673536278757733,0.06088584406564521,5.869715890139249,0.035857687905379625,0.03437045020984357,0.03751860930942389,0.09839113320647012,0.09524462856044136,0.1018153534616178,4.919556660323507,0.030022506198741177,0.028821109097844747,0.03136595460614152,0.18719382511243335,0.1818156273034117,0.1929562554597511,3.743876502248667,0.022768062867170216,0.02192993629358358,0.02368333333333333,0.29378030159417523,0.2867339390178455,0.30143636787422107,2.9378030159417516,0.017761997405966276,0.01718137350270848,0.018383606088349738,0.44399519861577597,0.4359672964887123,0.45277337904260956,2.2199759930788794,0.013296324553205289,0.012950217913750024,0.013677621163859698,0.554246145235995,0.5465272774703255,0.5628350095625931,1.8474871507866506,0.010988187124092419,0.01075242202103175,0.011252290095749146,0.6434835977436942,0.6363082357960534,0.6515002930220863,1.6087089943592354,0.009514543477846232,0.009341004978160941,0.0097096058479086,0.7183520544323632,0.7119932815860702,0.725085944087411,1.4367041088647263,0.008458450317382812,0.008329432296752929,0.00860765895843506,0.1741240133247952,0.16941632598018486,0.1792021341954631,0.4643830265867059,0.45767975811425404,0.47178773523043654
suniward_alpha0p05,SUNIWARD,0.05,laplacian_residual_stego,1000,0.005799430847167969,0.01973355732689216,0.018719903963482838,0.02082104324788033,0.6885086254935245,0.036801164805766874,0.03532322484500987,0.0383278304988557,7.360232961153375,0.044515636918382916,0.042571319603356216,0.04660951563691838,0.06262380496615266,0.06038539706948162,0.06510702965435299,6.2623804966152665,0.03791606257153758,0.03634602251049218,0.039595831743609304,0.10471143318585467,0.10130243638448319,0.10852563652606459,5.235571659292733,0.03166374213236696,0.0304327388899485,0.03303427903871829,0.19977844713809484,0.1942162554700105,0.20579873649375197,3.9955689427618966,0.024084306095979245,0.023223508430609597,0.024999393453879606,0.3140871799274801,0.30681672066711485,0.32179550730913875,3.1408717992748008,0.01883321889066911,0.018258556496528574,0.019454733157854582,0.4724886660702573,0.46436008468346485,0.4808868759283121,2.362443330351286,0.014059032214995519,0.013720186824085908,0.014426574987125447,0.5856768969005759,0.5774990974601913,0.5942328403837787,1.9522563230019199,0.011552929059166104,0.01132436803021248,0.011801687689940618,0.6738602955702113,0.6664406612871705,0.6813334573115831,1.6846507389255283,0.009924907970779533,0.009759549819756241,0.010106241774590397,0.7461621044998727,0.7397701919393019,0.7524951176448987,1.4923242089997455,0.008759986877441407,0.008635004806518555,0.008898672294616699,0.1859123040870287,0.18098952870306578,0.19119170912510491,0.48961256096834993,0.48267734540254936,0.49694911250462787
suniward_alpha0p05,SUNIWARD,0.05,local_entropy_cover,1000,0.005799430847167969,0.017127639284396527,0.016207126069456772,0.018152341135645227,0.6999444323275441,0.021728536416914936,0.0206242041075768,0.02293994579489725,4.345707283382987,0.026849733028222734,0.025260736079328758,0.028577517162471398,0.040562316194515884,0.03860821641581102,0.04269732709919318,4.056231619451589,0.025078214421976344,0.02364872186188478,0.026645326211369707,0.07467038488094553,0.07135754681229142,0.07833827433103052,3.7335192440472773,0.023073240511157736,0.021840091550638947,0.024433306313179474,0.162066293674196,0.15572374967929659,0.16909728610701177,3.241325873483919,0.019955977721828035,0.0189907682917525,0.021025339513237203,0.2795187317909146,0.2702809361321102,0.28959708050034677,2.795187317909146,0.017083199816891735,0.016387004081788357,0.017852368009460592,0.4569603450284188,0.4460745329913159,0.46920457998137205,2.284801725142094,0.013794197867592364,0.013361332468671919,0.014268373419290851,0.5891320915107733,0.5781418167990031,0.6012570188076658,1.9637736383692446,0.01174731381051079,0.011449281563521228,0.012076039189756239,0.6925728773846898,0.6825783687462301,0.7036067491491266,1.7314321934617243,0.010280999065402736,0.010070217341547618,0.010518989728966793,0.7760593961678685,0.7674691317394646,0.7855915015152865,1.552118792335737,0.009159751892089844,0.009003428649902343,0.009333460998535157,0.1537688779290306,0.14817458046503776,0.15997088296809897,0.48404465116646084,0.4749849760466141,0.49426885623444466
suniward_alpha0p05,SUNIWARD,0.05,local_entropy_stego,1000,0.005799430847167969,0.01713778235821436,0.0162154004113068,0.018168099166395498,0.7000962264990943,0.021749234606767382,0.020648912621871164,0.022952545352698934,4.3498469213534765,0.02687261632341724,0.025275953470633106,0.02858136918382914,0.04058718204912542,0.038631300503841094,0.042732607151450455,4.058718204912541,0.025091568103777186,0.02366183708508203,0.02665978634109119,0.07470993605994174,0.07136819761462397,0.07839201548736942,3.735496802997087,0.023085637993515165,0.021853600038146098,0.024458711615487315,0.16214302696700078,0.1558150097797534,0.1691614707305223,3.2428605393400156,0.019966430151827266,0.01899651140611887,0.02103832684824903,0.2795977353312088,0.2703710629512087,0.28964093741537783,2.7959773533120877,0.017088082703898676,0.01639223983367666,0.017855899519340808,0.45711094462786833,0.4462033973397451,0.46937978901612,2.285554723139341,0.013798756413435314,0.013365398920444792,0.014271546281638025,0.5892943640279313,0.5782813091405575,0.6014428284576447,1.9643145467597716,0.011750416438843888,0.011451667344836793,0.012078641773584425,0.692754204556282,0.6827464841396814,0.703815714150041,1.7318855113907052,0.01028344999904633,0.010072586497930533,0.010521177687920808,0.7762222833880742,0.7676256820697267,0.7857028259694736,1.5524445667761484,0.009161514282226562,0.009005340766906738,0.009335748672485352,0.15383013221561365,0.14822371536584267,0.16003694704042712,0.48417993095746736,0.4751175939815563,0.4944289311071973
suniward_alpha0p05,SUNIWARD,0.05,local_variance_cover,1000,0.005799430847167969,0.014077939895950266,0.013378150959489158,0.014809954098995217,0.6878337750206474,0.01471472118152088,0.013922114038489407,0.015550629337921427,2.9429442363041756,0.017782608695652177,0.016687109077040425,0.018938424866514113,0.028719107318114914,0.027250688978067938,0.0302863547750205,2.8719107318114916,0.01740900419687142,0.016384509729111027,0.018490661961083555,0.055776298020712003,0.05322118409822913,0.05860988298448424,2.7888149010356003,0.016954224680526417,0.016027841884417315,0.0179736172038909,0.1303779333232932,0.12496506687097307,0.13622928918180838,2.607558666465864,0.015880521858548866,0.015091214618142978,0.016730325398641947,0.24174126634147217,0.23354360758214418,0.25045110763212003,2.4174126634147215,0.014682421606775005,0.014055018310826275,0.015343458648050659,0.42442633278653746,0.41404857456813166,0.43558205485913093,2.122131663932687,0.012786702016059815,0.012375544069122052,0.013230198935703522,0.5672743223527151,0.5565609670228493,0.5790057062375431,1.8909144078423838,0.011304311890441615,0.011014660554658393,0.011618888521546735,0.6792322984264342,0.6694386520578702,0.6898952725528588,1.6980807460660854,0.010081863091037403,0.009876006360983425,0.010307436962368155,0.7690465410540513,0.7605889306609609,0.7782554518441824,1.5380930821081027,0.00907635498046875,0.008924374771118165,0.009249736595153808,0.1266314186267624,0.1217548532672603,0.1317775687424197,0.4605916551780422,0.4521920580938756,0.4697615468626542
suniward_alpha0p05,SUNIWARD,0.05,local_variance_stego,1000,0.005799430847167969,0.014081855359388655,0.01338109413725139,0.01481232010714929,0.688014480826004,0.014715600067884653,0.013923026400418797,0.01554596564138355,2.9431200135769306,0.017783371472158655,0.016686460717009917,0.01894435545385202,0.02873481860544908,0.027266074230896754,0.030305902424141773,2.8734818605449077,0.017418161007249144,0.01639216901945822,0.01850253719954216,0.05580735906829975,0.05324666678785623,0.058644448716570895,2.790367953414987,0.016962807552927714,0.016037993515163072,0.017984646194926568,0.13040507100289722,0.12498147949301931,0.13626342299272878,2.608101420057944,0.01588349736781872,0.015092599374380102,0.01673225566491188,0.24180649945569316,0.2336093207428713,0.25051223059025884,2.418064994556932,0.014685893034256504,0.014057248035400932,0.015348936636911574,0.4245451506682432,0.41411482874348776,0.4357600832205183,2.1227257533412156,0.012789772835644395,0.012379545194453452,0.013232868259932482,0.5674836375708656,0.5568235898900069,0.579205058371883,1.8916121252362188,0.011307961293439977,0.011018184390219092,0.011621720941469679,0.6794620234435423,0.6696286192965347,0.6901288284012919,1.6986550586088556,0.01008483854355414,0.009879584533368938,0.010311309103740297,0.769296515977631,0.7607986383404436,0.7785149881070524,1.538593031955262,0.009078956604003907,0.008927244567871095,0.009251896667480468,0.12666601647754505,0.12178167487175692,0.13183087210236052,0.4607416671753716,0.45233465507586784,0.4699613915504788
suniward_alpha0p05,SUNIWARD,0.05,oracle,1000,0.005799430847167969,0.03883405151816845,0.037011506902873255,0.04085399508127097,0.805013049385783,0.06167641223113558,0.05976456820868172,0.06384370903126091,12.335282446227117,0.07509992372234936,0.07227046147978643,0.07823964530892448,0.10509862402192348,0.10195682450549291,0.10873878609058439,10.509862402192347,0.0640717283479588,0.061705570392979775,0.0667784433422358,0.17378321818291192,0.16880619213391412,0.1794326365095826,8.689160909145594,0.05292294487888614,0.05102010299446881,0.05508496566851039,0.31728393819923734,0.30927551131744635,0.32629481466069377,6.345678763984748,0.03848668650339514,0.037208115892271305,0.03994141489280537,0.4696240520123898,0.45981045679412674,0.4806169465303579,4.696240520123898,0.02827122911421378,0.02746165980010681,0.029170478561074232,0.6502502110527689,0.6406965967138369,0.6606327392183334,3.251251055263844,0.019353029811745408,0.01892824438764806,0.01982157107707567,0.7592703447058803,0.75100852235122,0.7681682123490245,2.5309011490196007,0.01495170580979871,0.014691773584425824,0.015237433401574204,0.8340611217980468,0.8271805421561516,0.8411819827317153,2.085152804495117,0.012250863071963991,0.012077984989223522,0.012443196036544662,0.8873490293137287,0.8819563224997481,0.8927295664961581,1.7746980586274574,0.010385223388671875,0.010262003898620605,0.010522569847106932,0.2900424493325759,0.28317936760732637,0.29798514596433107,0.6424221335104662,0.6348421659615803,0.650775230860056
suniward_alpha0p05,SUNIWARD,0.05,srm_residual_cover,1000,0.005799430847167969,0.019895241990759274,0.018906013890928785,0.020992935699537342,0.7062046965529637,0.03298627398777553,0.03176272344904463,0.034355736798178486,6.597254797555104,0.04039893211289092,0.03857084286803967,0.042456769641495036,0.057525894247580506,0.05545439515558422,0.05981575912440496,5.7525894247580505,0.03526631056848531,0.03369675696299123,0.037034662342617326,0.09844828044788179,0.09512060316611674,0.10228126104599279,4.922414022394088,0.03014190349036811,0.028856728018310126,0.03157421323669654,0.1938711008957282,0.18794837541705126,0.20031641196419084,3.877422017914564,0.02366277561608301,0.022727481498435953,0.024693797207598994,0.3124544364628689,0.30459548807540704,0.32118583433969006,3.1245443646286883,0.01894594491493095,0.01830206950484474,0.01965067521171893,0.480840609416676,0.4718057680406712,0.49109239476137295,2.4042030470833797,0.014427988327070896,0.014040839516298234,0.01485940319288943,0.6028887575430817,0.5939243546152883,0.6126483617525188,2.0096291918102724,0.011966646745419172,0.011705688045979934,0.012264170364813141,0.6975630506565491,0.6893839354184593,0.7064265128233501,1.7439076266413724,0.010321520532529707,0.010132438631291842,0.01053851089091915,0.7747552991361417,0.7676724963583835,0.7822851198284697,1.5495105982722834,0.00912445068359375,0.008983686447143554,0.00928419017791748,0.18131546133154217,0.17611998447247845,0.1869891095074308,0.5012425493494709,0.4937208353633157,0.5097163096118611
suniward_alpha0p05,SUNIWARD,0.05,srm_residual_stego,1000,0.005799430847167969,0.02091659885158896,0.019884866159683174,0.022025607015691347,0.7222218671240092,0.03443067460286167,0.033102928334506614,0.03583570202348608,6.886134920572334,0.04190999237223494,0.040051029748283756,0.043929919908466813,0.059859204126084566,0.05771851284264692,0.062125875531204265,5.985920412608457,0.036466234261732164,0.03490069629912247,0.03814674742464708,0.10233238200165605,0.09899989040259019,0.10596885412005864,5.116619100082803,0.031155063894716766,0.02987251096700362,0.03254892237268739,0.20207119555330166,0.1962938584952174,0.2085368059350151,4.041423911066034,0.024523689631494622,0.0235864328221561,0.025529703593499656,0.32576582679816746,0.31802899692333847,0.33421723715313767,3.257658267981674,0.01965114061188678,0.019015745403219653,0.020338097962920576,0.5010155626246109,0.492250264415889,0.5107546471379066,2.505077813123054,0.014967689637414409,0.014595158690800893,0.015383663621278298,0.626039086612984,0.6172518640269986,0.6355788724405896,2.0867969553766135,0.012382360794984932,0.012133205116793614,0.012671391287209286,0.7218345950963115,0.7138532816434182,0.7302466406724036,1.804586487740779,0.010649011043506457,0.010469698783116214,0.010856642554693015,0.7973596952164909,0.7904867265170578,0.8043187575389384,1.5947193904329817,0.009368736267089844,0.00923490505218506,0.009520715713500976,0.18894738536079314,0.18381840657382942,0.19462171318237645,0.5198798781404058,0.5125226256520545,0.5279899242981898
suniward_alpha0p05,SUNIWARD,0.05,texture_energy_cover,1000,0.005799430847167969,0.018971958935716435,0.018066873128299143,0.019991454272205986,0.6978787311527108,0.0323739547516229,0.031251656290302916,0.033622769250133376,6.4747909503245795,0.039472921434019835,0.03777643020594965,0.04130019069412661,0.056260411931733555,0.054342235691241865,0.058421844476991606,5.626041193173356,0.034354826402136586,0.03289828309805418,0.03599412438000763,0.09633319962434049,0.09309657444355052,0.09985961968721563,4.816659981217024,0.029405874499332445,0.028185556933053593,0.030767804691970248,0.18960114987914728,0.18385062609700195,0.1957644103388247,3.7920229975829454,0.023088960097657738,0.02219135767147326,0.024047106507972836,0.30536071290514866,0.2975329375303391,0.3138140963513423,3.0536071290514863,0.01848970016021973,0.01786227206836042,0.019166079194323643,0.469807187867546,0.46076040734420803,0.4799160137765523,2.3490359393377305,0.01408628812298537,0.013703143298556144,0.014507104846554389,0.5898510103866009,0.5811361345445824,0.5994409244380715,1.9661700346220032,0.01170472896507,0.011447948323436288,0.01199757448215353,0.6850910045480698,0.6771186701001196,0.693846728062044,1.7127275113701743,0.010136231856415342,0.009949845028514755,0.010350137090160026,0.7630825363890658,0.7561087451957255,0.770593555163562,1.5261650727781315,0.00898785400390625,0.008847033500671387,0.00914799747467041,0.17728550673527532,0.17220899675722248,0.18271504835420893,0.4912512668369199,0.4838044219504678,0.4995035620614114
suniward_alpha0p05,SUNIWARD,0.05,texture_energy_stego,1000,0.005799430847167969,0.020183624070462904,0.01916181589081606,0.021253416788915427,0.714958155891644,0.034100178669818106,0.03273208590728877,0.03557104119870109,6.820035733963622,0.04126468344774981,0.03939921815408086,0.04324731121281465,0.05917428598661577,0.056945115665496655,0.06157301605516696,5.917428598661576,0.03587714612743228,0.03432429416253339,0.03753074208317437,0.10106292594270846,0.0975402310906719,0.10482246213830934,5.053146297135423,0.03063341598321572,0.029400596032805648,0.031983044058745,0.19866432091258923,0.19283958765636075,0.204872713095843,3.9732864182517846,0.024032959487296866,0.02313029106584268,0.024982808804455636,0.31980600242674406,0.31221220474791,0.3280079243316702,3.1980600242674404,0.019246242465857936,0.01862444018463416,0.01991033703364614,0.49124432699262616,0.4826022612396609,0.5007707291115262,2.4562216349631303,0.014655515077533428,0.014289510099372484,0.015059851894943637,0.6148609468769791,0.6061607561486804,0.6242225882053385,2.0495364895899306,0.012151888915733123,0.011902011940032806,0.012433019149828974,0.7106666377277326,0.7025438659505703,0.7189607273064073,1.7766665943193316,0.010480440214385168,0.010302224675275135,0.010681624911785462,0.7872921666766415,0.7801985323246245,0.794260171811449,1.574584333353283,0.009249557495117187,0.00911557788848877,0.009400090789794922,0.1857728945427505,0.18063714996752858,0.19119839638986297,0.5112187781383563,0.5038701022997377,0.5190992960785159
suniward_alpha0p05,SUNIWARD,0.05,uniform,1000,0.005799430847167969,0.005799430847167969,0.005760477447509766,0.005843212413787842,0.5,0.005,0.005,0.005,1.0,0.0057981922196796345,0.005759247139588101,0.005841964435545385,0.01,0.01,0.01,1.0,0.0058004044257916835,0.005761444486837086,0.005844193342235787,0.02,0.02,0.02,1.0,0.005799298111768072,0.005760345603662027,0.005843078676330345,0.05000000000000001,0.05000000000000001,0.05000000000000001,1.0,0.0057995193408102545,0.005760565346761273,0.005843301575494011,0.10000000000000002,0.10000000000000002,0.10000000000000002,1.0,0.0057995193408102545,0.005760565346761273,0.005843301575494011,0.20000000000000004,0.20000000000000004,0.20000000000000004,1.0,0.0057994087241793665,0.005760455473116024,0.005843190123786454,0.2999999999999999,0.2999999999999999,0.2999999999999999,1.0,0.005799445595920806,0.005760492097198733,0.0058432272738832445,0.4000000000000001,0.4000000000000001,0.4000000000000001,1.0,0.0057994087241793665,0.005760455473116024,0.005843190123786454,0.5,0.5,0.5,1.0,0.005799430847167969,0.005760477447509766,0.005843212413787842,0.05000000000000002,0.05000000000000002,0.05000000000000002,0.25,0.25,0.25
suniward_alpha0p05,SUNIWARD,0.05,wavelet_energy_cover,1000,0.005799430847167969,0.013333191006210356,0.012656296134708237,0.014047897771426862,0.6491874775540386,0.0176799454272916,0.01680885507610731,0.018633212029011213,3.535989085458319,0.021858886346300534,0.02059860793287567,0.02323731884057971,0.0330222820498,0.031477668150997076,0.034653254988767215,3.3022282049799996,0.020400228920259444,0.01928729492560092,0.02160746852346433,0.06100373637712365,0.05829798573870153,0.0637809296071698,3.050186818856182,0.018804501239748233,0.01781326530612245,0.019851263589547967,0.1330520264334145,0.1279535852038318,0.13833312020912597,2.6610405286682894,0.016343862058442057,0.015564658197909512,0.017160498207064927,0.23241930591899307,0.22475982158255448,0.24030918968042922,2.324193059189931,0.014189517051956969,0.013596320668345159,0.014793572137026017,0.3896794403898816,0.38038620446349175,0.39971302533014164,1.948397201949408,0.011769097255335788,0.011383731808731808,0.012170848194701408,0.5142884583920979,0.5044724068021905,0.5244777788533983,1.7142948613069935,0.01026825019391427,0.009993654234960516,0.010555456938316188,0.6181463591281133,0.6088966069847186,0.6277301513458093,1.5453658978202833,0.009192031127810946,0.008991857559747468,0.009410655362490224,0.7062016801920169,0.6980424416167258,0.7148356152602999,1.4124033603840338,0.008352386474609374,0.00819889736175537,0.008517208290100097,0.12688705275363835,0.12228540841756011,0.1316388479717554,0.4236623607438472,0.4156110132057195,0.43216156503688163
suniward_alpha0p05,SUNIWARD,0.05,wavelet_energy_stego,1000,0.005799430847167969,0.013332276054777235,0.012653952562266419,0.014048079124214553,0.6491836811482442,0.017681794316815512,0.01680558648886776,0.018628938047657233,3.5363588633631027,0.02185812356979405,0.02060768497330282,0.023232704042715487,0.033038978516812964,0.031506561511501004,0.034662346180262225,3.303897851681296,0.020405951926745516,0.019287905379626095,0.02160869896985883,0.060979863784043714,0.058314474099246214,0.06377228257792579,3.048993189202185,0.01879877932481404,0.017804105473965288,0.019841054739652867,0.1330580034181688,0.12793492173359736,0.13834784547141535,2.661160068363377,0.01634416723887999,0.015563294422827497,0.017161255436026552,0.23240943346819565,0.22473036955503134,0.24026574757294858,2.324094334681957,0.014189288166628518,0.013595966849774929,0.014790939955748837,0.3896109931201147,0.38027701008941994,0.3996935217033872,1.9480549656005732,0.01176698010642965,0.011381826851551622,0.012168329550439642,0.5143040338419871,0.5044775792518738,0.5245087840243443,1.7143467794732903,0.010268466360642398,0.00999394097376753,0.010554516295156594,0.6181579533656086,0.608869414057987,0.6277406681479414,1.5453948834140214,0.009192164641705925,0.008991349253275858,0.009410856825421046,0.7061192890652573,0.6979568025286641,0.7147478624031499,1.4122385781305147,0.008351493835449218,0.00819825439453125,0.008515951347351074,0.12688354559572695,0.12225960117144263,0.13163310760671754,0.4236441774380328,0.41557720425369266,0.4321636374547611
suniward_alpha0p1,SUNIWARD,0.1,gradient_magnitude_cover,1000,0.012901226043701171,0.026756443508953218,0.025717560029548368,0.02784930218404038,0.6485626185071541,0.015443896796717456,0.014812016925365216,0.01612648344063957,3.0887793593434916,0.04128451563691839,0.03932721205186881,0.04335633104500382,0.029484360379020236,0.028343062863828105,0.030755447927496637,2.948436037902024,0.039513925982449453,0.037729282716520415,0.04147540061045402,0.05568253109562793,0.053637316495748585,0.0579185930931192,2.7841265547813965,0.03736772839977112,0.03572088498950983,0.03914119778752623,0.126008543974972,0.1219993179453735,0.13032873692890748,2.52017087949944,0.033833905546654455,0.03250373846036469,0.03524491493095292,0.22572574019359104,0.2197148162949438,0.2322515959289476,2.2572574019359104,0.030227130540932328,0.02919444762340734,0.03133273250934615,0.3855697794118884,0.37784083469509455,0.3940397226600821,1.9278488970594416,0.02563663239810029,0.024949128344999908,0.02638048980526045,0.5121284437880131,0.5039133452872817,0.521056767444516,1.7070948126267103,0.022570578436733088,0.022067998105362203,0.0231280339636077,0.6171720219554634,0.6093175558793517,0.6257297556269343,1.5429300548886582,0.020299729157527324,0.01992080384901486,0.020721148600965116,0.7062518286161369,0.6991093090963305,0.7138771405628922,1.4125036572322738,0.01850390625,0.018207421112060546,0.018831663513183595,0.12095488072577452,0.11735548732758841,0.12481407568938031,0.4203627820572007,0.4138324931285657,0.42771976625241115
suniward_alpha0p1,SUNIWARD,0.1,gradient_magnitude_stego,1000,0.012901226043701171,0.02675806779169892,0.025718309238999874,0.027851098075422475,0.6485811674049756,0.015443774747886007,0.014807569922536262,0.016125763058068815,3.088754949577201,0.041287566742944315,0.03933089244851259,0.04336115560640731,0.029479339755323287,0.02833562300012668,0.030736529228546687,2.9479339755323286,0.03950705837466616,0.037715289965661966,0.041473397558183904,0.05570381977568507,0.05366339377868688,0.05795002257029437,2.7851909887842536,0.03738241464810223,0.03573908544726303,0.039155044821666984,0.12600097928284013,0.12198180015230044,0.13030218095675639,2.5200195856568026,0.03383199816891737,0.032499467841611354,0.03523726825360494,0.22573221599623167,0.21972242745147536,0.23228198400672767,2.257322159962316,0.030228160524910355,0.029196066987106126,0.03133528076600289,0.3855903104141282,0.3778649601876258,0.3940518781968156,1.9279515520706414,0.025638310858494346,0.024948590474737267,0.026382049533655038,0.5121515949545705,0.5039282535809843,0.5210878878219583,1.7071719831819017,0.022571506682095035,0.02206978593136071,0.023128748585379503,0.6171225041920855,0.6092352822303554,0.6256680837438865,1.5428062604802135,0.020298126990787545,0.0199184718857884,0.02072134267294818,0.7062369802024893,0.6990771098148405,0.7138611850504738,1.4124739604049785,0.018503578186035156,0.01820692901611328,0.018830778121948243,0.12095734888637452,0.11734626370396695,0.12481008033468641,0.4203612713093038,0.4138345306458778,0.42772096746676525
suniward_alpha0p1,SUNIWARD,0.1,laplacian_residual_cover,1000,0.012901226043701171,0.031972074687933075,0.030675504077919545,0.03333119634578016,0.6500545980733755,0.026688076087786384,0.02587394050367996,0.02761056788486301,5.337615217557277,0.0717063310450038,0.06904902745995424,0.0746087528604119,0.04676810450140958,0.04538156304350866,0.048326713084213546,4.676810450140958,0.06291377336894316,0.06060271842808089,0.06550404425791682,0.08080986777948705,0.07841937272457666,0.08333884147984172,4.040493388974353,0.054340835399580394,0.05235760537860003,0.05648205702841884,0.16108623059446348,0.15687253438902407,0.16567719743243076,3.2217246118892695,0.04325162127107653,0.041760746166170745,0.04483031013962005,0.2622756527838094,0.2562757766403494,0.26869323654878374,2.6227565278380944,0.03508026245517662,0.03399572175173572,0.03623039787899595,0.41110783079788304,0.403954244883022,0.4190114640205617,2.055539153989415,0.027289172023116978,0.0266093359591066,0.028025108241622004,0.5244689392329629,0.5172279315417687,0.532379300249335,1.74822979744321,0.0230721106773648,0.022591366046564854,0.02358367464364279,0.6174595280766003,0.6105829839700798,0.6249026601693196,1.5436488201915008,0.020273417383509126,0.01991940839039463,0.020657054778843772,0.6970186494859603,0.6909682907693573,0.7035844483531429,1.3940372989719205,0.01823438262939453,0.017965510368347166,0.018525493431091306,0.15100739063163018,0.14729527820607222,0.15509584526016296,0.43673816797479226,0.4307115374742545,0.4433550678779261
suniward_alpha0p1,SUNIWARD,0.1,laplacian_residual_stego,1000,0.012901226043701171,0.03506226361514011,0.0334688727194798,0.03668295897083042,0.673532743768336,0.02870384201660609,0.02763954399021217,0.029859949055401142,5.740768403321219,0.07645385202135774,0.07336064073226545,0.07969191456903127,0.05027612152516743,0.048540798560584596,0.052139160862456756,5.027612152516743,0.06703624570774513,0.06448983212514307,0.0697596146508966,0.08688361804408105,0.08415225332434459,0.08983153722303645,4.344180902204054,0.05790368109860766,0.05579782090406256,0.06014001049017737,0.17337600208270423,0.16867659407297328,0.17824523064099326,3.4675200416540846,0.04613519493400473,0.0445879034103914,0.047707387273975735,0.2829675270386098,0.27652380838867585,0.2894969764455383,2.8296752703860975,0.03752880140383002,0.03643872739757382,0.0386557907988098,0.44227874590980104,0.43466195929027235,0.4501130991694645,2.2113937295490054,0.029165385569055294,0.02849381544565031,0.029875323771195336,0.5600259830668977,0.5523703358252058,0.5679439692727153,1.866753276889659,0.024512683900665033,0.02404617639205015,0.025005290044886386,0.6532272222003477,0.6460502815647361,0.660470340070172,1.6330680555008694,0.021364626447195258,0.02102223793129757,0.021726732581205055,0.7299762341069068,0.7237009557535176,0.7362353446842567,1.4599524682138136,0.01904010009765625,0.01877552890777588,0.01932002811431885,0.16267490741676824,0.1584566885311919,0.16703019072269884,0.4649357478333146,0.45850526681182163,0.4714332323882551
suniward_alpha0p1,SUNIWARD,0.1,local_entropy_cover,1000,0.012901226043701171,0.031390860470484276,0.029983738492280473,0.032923572057493924,0.6801164762340649,0.01775658726024843,0.016966685900330278,0.018611967177161303,3.5513174520496866,0.04816552250190694,0.0457244469870328,0.05083798627002288,0.03363673654253869,0.03224538226177874,0.03519369566440653,3.363673654253869,0.045653567340709654,0.04341467951163678,0.04809654711942007,0.06291159375152033,0.06045299503612838,0.06565141785126692,3.1455796875760162,0.04269673850848751,0.04066351325576959,0.044913274842647344,0.14045089354936113,0.1354098578727481,0.14595682789589545,2.8090178709872227,0.03805539024948501,0.03639943160143435,0.03986455138475623,0.24904069446042992,0.24142185771568378,0.2573554055777444,2.4904069446042993,0.03357549401083391,0.032279770351720465,0.03495455481803617,0.42062204345141413,0.4109900281105281,0.4312890363063992,2.1031102172570706,0.02809916267714433,0.027246298804096968,0.029028294455358677,0.5541592345717109,0.5440271003385034,0.5650324776569912,1.84719744857237,0.024498785651615528,0.023905774194778937,0.025149682425645,0.6618247099208302,0.6522955442965548,0.6718717134625185,1.6545617748020753,0.021808159606324744,0.021368206765339792,0.022287088491102256,0.7502436367156654,0.7419498949301983,0.7593150853478515,1.5004872734313308,0.019673019409179687,0.019342851829528808,0.020030330276489258,0.13443343438885885,0.1299449043869571,0.13943912344817974,0.4541363175841724,0.44608989115167985,0.46318271423921903
suniward_alpha0p1,SUNIWARD,0.1,local_entropy_stego,1000,0.012901226043701171,0.031406750947471244,0.030002716217275717,0.032942449995171603,0.6802802654162606,0.017758840249808186,0.016975485674530534,0.018603741334214483,3.551768049961637,0.048175438596491225,0.04572755530129672,0.050846167048054926,0.03360789204368591,0.03221231082894437,0.035179691184176215,3.3607892043685905,0.045610454025181234,0.043361264784433425,0.048055141167493313,0.0629246644733026,0.060467949993921924,0.06565839623041451,3.1462332236651296,0.04270474918939539,0.04067541007057028,0.04492799446881556,0.1404968726291479,0.1354670587594647,0.1460294134086482,2.809937452582958,0.038068055237659264,0.03640987640192264,0.03988016708628976,0.2491612821688953,0.24156216515540846,0.25746317929693185,2.491612821688953,0.03359105821316854,0.03229949645227741,0.034968667505912876,0.420786945450758,0.41115124796886693,0.4315242255560879,2.1039347272537903,0.028109958229224286,0.027261829807930727,0.029039113849205593,0.5543600216089211,0.544270419555491,0.5652392499571829,1.8478667386964036,0.0245070127029742,0.023914720000508632,0.025159956067291434,0.6620070294106469,0.6524927024848304,0.6720700056748384,1.655017573526617,0.021813776726620767,0.0213718869804879,0.022292765454233344,0.7504395726727812,0.7421096774166142,0.759500306056833,1.5008791453455623,0.01967779541015625,0.019347193717956544,0.020034754753112793,0.13448253640431035,0.12998346825404658,0.13947619713273104,0.4542873920590949,0.4462439269524572,0.46332701203636995
suniward_alpha0p1,SUNIWARD,0.1,local_variance_cover,1000,0.012901226043701171,0.027008660829317417,0.02592244662457503,0.028177643763858586,0.6693116733518312,0.012688771125441851,0.012094182021889648,0.013324773234763566,2.5377542250883702,0.033817696414950416,0.03204637681159421,0.03569933257055682,0.02487343041131505,0.02377146706827741,0.026045799576852602,2.487343041131505,0.03321900038153377,0.031551554750095384,0.03501714994276992,0.04871255865621633,0.04668096540533635,0.05083108093640362,2.435627932810817,0.03260461567804692,0.031057734121686057,0.03431348464619493,0.11571592550563428,0.11154109798543953,0.12031377158202942,2.3143185101126855,0.03104600595101854,0.02965801480125124,0.03251674677653162,0.21838615252822885,0.21149429809652007,0.22556613268604164,2.183861525282288,0.029267872129396508,0.028117318989852754,0.03044330796520943,0.3924969917407198,0.38326821733899896,0.4022245348602121,1.9624849587035988,0.026158213965553415,0.025358686032539244,0.02700281142116005,0.5338810345806162,0.5242326603008285,0.5443150788837781,1.7796034486020544,0.023580242361049296,0.023004939409737673,0.024195758681637272,0.64858315948159,0.6393816611344105,0.658268446118801,1.621457898703975,0.021365894829197585,0.02094492265730798,0.021820720402830496,0.7429252677336782,0.7347057821477117,0.7516801722680417,1.4858505354673563,0.01947868347167969,0.019154546546936036,0.01982781524658203,0.1131253659026749,0.10928360040705667,0.11728705379017203,0.4337484523673109,0.4262184739932431,0.4420899706903064
suniward_alpha0p1,SUNIWARD,0.1,local_variance_stego,1000,0.012901226043701171,0.027017531274146044,0.02592841031872583,0.028184535975399817,0.6695093630388498,0.01268017686088318,0.0120897906368105,0.013314514101024237,2.5360353721766358,0.03379405034324942,0.03202667810831426,0.03567131960335621,0.02487793908212752,0.02377200933354714,0.026048960510069764,2.487793908212752,0.03322548645555132,0.0315535768790538,0.03501731209462036,0.0487286116443689,0.04669217022688454,0.05084913880822246,2.4364305822184447,0.03261243562845699,0.031066255006675564,0.03431654587068472,0.11574901614935088,0.11157554425099406,0.12035841912177402,2.3149803229870174,0.03105432211795224,0.029664253833829247,0.03253048180361639,0.21847611932005578,0.2116071407108758,0.22561955875825107,2.1847611932005573,0.029278667887388417,0.028126447699702448,0.030459526398107884,0.3926377122444069,0.38340387505820195,0.4023642530769564,1.9631885612220343,0.026166358313147307,0.025365568196990217,0.027013242671040834,0.5340419625944114,0.5244169583795902,0.5444345165452347,1.7801398753147049,0.023586523911854836,0.023012052566662,0.024200825566166095,0.6488261611838122,0.6396028818810695,0.6585061869990653,1.6220654029595303,0.02137295199221805,0.020954595977417077,0.021829320605008685,0.743146257575161,0.7349141949695439,0.7519042459034171,1.486292515150322,0.019483894348144532,0.019159489059448243,0.0198330997467041,0.11316421289283178,0.10931228804461397,0.11733584440116131,0.4338962474726142,0.42638159803335346,0.4422069481855537
suniward_alpha0p1,SUNIWARD,0.1,oracle,1000,0.012901226043701171,0.05913940222600487,0.0568256711114652,0.061706638608240334,0.7747029336089674,0.043743278762728675,0.04258513794452052,0.04504534347001815,8.748655752545734,0.11714797864225782,0.11331207093821512,0.12141344393592678,0.0769175268747618,0.07488915311989607,0.07925807976969668,7.69175268747618,0.10316367798550172,0.0997802174742465,0.10703724723388021,0.13225615680741992,0.1288440162140064,0.13609118732331282,6.612807840370997,0.08872706465763874,0.08581466717528131,0.09198034045393859,0.25691010377208506,0.25087652433866153,0.26385051088494443,5.1382020754417,0.0688526741435874,0.0667080071717403,0.07121046959639887,0.4013856251377961,0.39312835440558513,0.41055647657922034,4.01385625137796,0.05355096513313497,0.05203727969787136,0.055191808766308074,0.5875208457264905,0.5785352852220367,0.5970016804979327,2.9376042286324524,0.03885818917011578,0.03801457304163726,0.03977348843197467,0.7075994477121712,0.6993175593381732,0.7164259018854118,2.3586648257072373,0.030996223440102746,0.030454162798977658,0.031581676055084364,0.793296370743509,0.7862339208325392,0.8007485886878475,1.983240926858772,0.0259302485265788,0.02555273584275878,0.026333415905319575,0.8567348042546219,0.8511132563055689,0.862577160027489,1.7134696085092438,0.022315292358398436,0.02204556140899658,0.02260133457183838,0.23751765760851057,0.232206294461891,0.2436288053918903,0.5909989072973779,0.5839354603502713,0.5986990287254594
suniward_alpha0p1,SUNIWARD,0.1,srm_residual_cover,1000,0.012901226043701171,0.03490465228944478,0.03343327123428332,0.03647650572137877,0.6847323676221415,0.0256693969279536,0.02483177784943588,0.026611885695778076,5.13387938559072,0.06911823035850496,0.06639393592677346,0.0722303775743707,0.045826590466132036,0.0443699199711627,0.04747106774182323,4.582659046613204,0.06179626096909577,0.05938692293017932,0.06448860167874856,0.08064328065494668,0.07819857938730272,0.08341821053235231,4.0321640327473345,0.054357810413885176,0.05230255102040817,0.056624456418081254,0.16566291701457084,0.1611096060380822,0.1706964078645855,3.3132583402914166,0.04459845883878843,0.043008224612802314,0.04633348783093004,0.27636992665391813,0.2696898256947535,0.28370555536018016,2.763699266539181,0.037051041428244454,0.035875825894560155,0.038299670977340355,0.44146066720897,0.43348235361334814,0.4505093877379284,2.2073033360448497,0.029356978008354156,0.028599957084819473,0.030191031204104598,0.5661417002382136,0.5578566723750884,0.5752408106751888,1.8871390007940454,0.024938468776623472,0.02440583840901288,0.025518629757257483,0.6658783806551553,0.6580880701124424,0.6742055013375429,1.6646959516378883,0.021882860630567054,0.021486986925175002,0.022309750329016387,0.7485572710371542,0.7416130943710827,0.7558837978691492,1.4971145420743084,0.019591903686523436,0.019297310829162598,0.019914047241210937,0.1562067687316548,0.15212247601117135,0.16070164579096896,0.468430223135906,0.4615656376862673,0.47598651968072314
suniward_alpha0p1,SUNIWARD,0.1,srm_residual_stego,1000,0.012901226043701171,0.03691553062864104,0.0353711912834619,0.03851807881425517,0.7028873174202022,0.026961179503198856,0.02604321543637672,0.027934318605219784,5.392235900639771,0.07215408085430969,0.06933114035087719,0.07517513348588863,0.04803056588702226,0.046507006701172755,0.04969034157086268,4.803056588702225,0.06437275848912628,0.061920078214421984,0.06701421213277375,0.0843790913810584,0.08190007699812502,0.08708255674752532,4.21895456905292,0.05654968529467862,0.054465306122448987,0.05877726015639902,0.17343247966409028,0.16885356158426715,0.17841005161208853,3.468649593281805,0.04643076218814374,0.044825513084611274,0.048126819638361185,0.28961408003966777,0.2829899934185749,0.2965431173121776,2.8961408003966778,0.03862516212710765,0.03743099488822766,0.039859928854810406,0.4624791534239425,0.4545005401340935,0.47114457021016637,2.3123957671197126,0.03062135459383166,0.029879000648496065,0.031424955654313455,0.5915479193336519,0.5834066428395479,0.6002745551750062,1.9718263977788397,0.025964319774169346,0.025458886041987212,0.02652269210228501,0.6932115159062041,0.6855853292979562,0.7010850505711452,1.7330287897655101,0.022713965553415098,0.02233937277079479,0.02312684773693948,0.7750143831258249,0.7682039702508118,0.781757174601376,1.5500287662516499,0.02023692321777344,0.01995697765350342,0.020541333389282226,0.1636026815684513,0.1595070454083479,0.16795867609439988,0.4886311003629993,0.48196670824775606,0.49583660493485626
suniward_alpha0p1,SUNIWARD,0.1,texture_energy_cover,1000,0.012901226043701171,0.03356617051091599,0.0321967457224663,0.0350057757753695,0.6773029916948585,0.025272805910940326,0.02447401123524123,0.026145052362538983,5.054561182188065,0.06786270022883295,0.06527139588100687,0.07061413043478262,0.044959042068197265,0.04354366266497658,0.04646354485025347,4.495904206819727,0.06044181610072492,0.058127556276230445,0.06295847004959938,0.07921218009011258,0.07679841758398313,0.08181654710313659,3.960609004505629,0.053263398817470914,0.051263155636086216,0.055440534999046345,0.16243468811961917,0.1578987459646463,0.16718548816072387,3.2486937623923833,0.04364316777294576,0.042118413824673843,0.04525656328679332,0.27064142682876463,0.2640500080217176,0.27766429388506103,2.7064142682876464,0.0362353322652018,0.03508549820706493,0.03745763237201495,0.4323257823105256,0.4245490380382264,0.4412881963111842,2.161628911552628,0.028727402773274336,0.02800040864788571,0.029524220374220374,0.555343709208213,0.5473948010379392,0.5642356412354795,1.85114569736071,0.02445349236422822,0.023944080846356318,0.025016927444273487,0.654999100311557,0.6474141676896814,0.6633333428421231,1.6374977507788921,0.021522649678612987,0.02113939899673845,0.021945054025443934,0.7381288306309609,0.7313462023135825,0.7454444012158016,1.4762576612619218,0.019319732666015624,0.019028966331481934,0.01964044189453125,0.15311223642372318,0.14907153918553182,0.15742742644250363,0.4600331913967763,0.45334724471728766,0.46740886337728205
suniward_alpha0p1,SUNIWARD,0.1,texture_energy_stego,1000,0.012901226043701171,0.03596418732212172,0.03437307771827162,0.037595209732072955,0.6969042318709885,0.02675339552015805,0.025761829570086298,0.02783067125910733,5.35067910403161,0.07131426392067124,0.06840347063310451,0.07436529366895499,0.04751695814877982,0.04582975216047002,0.04928466354051626,4.751695814877983,0.0634357115604731,0.06094577451354445,0.06604772987409387,0.0837123698909702,0.08096926152274814,0.08664759690111307,4.1856184945485095,0.05589338165172611,0.0538072000762922,0.05809620446309365,0.17144937118961903,0.16664234832259528,0.17641266229724847,3.4289874237923805,0.045754940108339054,0.044151001373311974,0.04738574616617076,0.28526302518677893,0.27859659946040544,0.2921286234085271,2.8526302518677893,0.03796044098573282,0.03679670309758145,0.039179546234836354,0.45520665844819563,0.447181861006994,0.4637408814428393,2.2760332922409785,0.030095729462701944,0.029372522840412748,0.03086644748135574,0.5831169090643766,0.5748126681688651,0.5918076836684915,1.9437230302145885,0.025572193329349083,0.025070567946288928,0.026116222359269102,0.6845340806647473,0.6766390853443385,0.6926251468880494,1.7113352016618681,0.022420101470560186,0.022054854183753265,0.022828598199469762,0.7665468915613904,0.7594384244456716,0.7735051191455649,1.5330937831227809,0.020012481689453125,0.019730201721191408,0.02032110595703125,0.16153942038790275,0.1572811326988257,0.16585587473285177,0.4820604053878613,0.4753037229685642,0.4891717731788816
suniward_alpha0p1,SUNIWARD,0.1,uniform,1000,0.012901226043701171,0.012901226043701171,0.012823362255096437,0.012987461280822753,0.5,0.005,0.005,0.005,1.0,0.012898470633104502,0.012820623474446988,0.01298468745232647,0.01,0.01,0.01,1.0,0.012903391835177415,0.012825514975200306,0.012989641549027087,0.02,0.02,0.02,1.0,0.012900930764829297,0.01282306875834446,0.012987164028228115,0.05000000000000001,0.05000000000000001,0.05000000000000001,1.0,0.01290142290379187,0.012823557927061878,0.012987659456778822,0.10000000000000002,0.10000000000000002,0.10000000000000002,1.0,0.01290142290379187,0.012823557927061878,0.012987659456778822,0.20000000000000004,0.20000000000000004,0.20000000000000004,1.0,0.012901176829617196,0.012823313338038109,0.012987411737778712,0.2999999999999999,0.2999999999999999,0.2999999999999999,1.0,0.012901258853299083,0.012823394866675992,0.012987494309728773,0.4000000000000001,0.4000000000000001,0.4000000000000001,1.0,0.012901176829617196,0.012823313338038109,0.012987411737778712,0.5,0.5,0.5,1.0,0.012901226043701171,0.012823362255096437,0.012987461280822753,0.05000000000000002,0.05000000000000002,0.05000000000000002,0.25,0.25,0.25
suniward_alpha0p1,SUNIWARD,0.1,wavelet_energy_cover,1000,0.012901226043701171,0.025618288871157576,0.02452308645511059,0.026712274310324507,0.6347862291986675,0.015019433547002761,0.01439440024921873,0.015676577434477524,3.0038867094005517,0.040740655987795575,0.03872688787185355,0.0428223874904653,0.02826121830569324,0.027136301602575536,0.029424981743124013,2.8261218305693236,0.03833078977489508,0.036514307516215185,0.04024979969477299,0.05294287460414958,0.050908066365831374,0.054998881168946676,2.647143730207479,0.035858668701125314,0.03420032901010872,0.03754840263208086,0.11837357807351752,0.11422241917253356,0.12254310985692932,2.36747156147035,0.032004119935912116,0.030651317998016327,0.033383720531013954,0.2115869913957245,0.20523029025628534,0.21804122535842063,2.115869913957245,0.02849580376897841,0.027421100366216523,0.029588380254825665,0.36467482397146245,0.3563994220735565,0.37347031813495835,1.8233741198573121,0.02436613324686719,0.023627259722672565,0.025143089225428676,0.4895722704485361,0.48077367538818705,0.49884958854503614,1.631907568161787,0.021659957020968172,0.021119837112012513,0.022222671121396694,0.5955542323581758,0.5869361388905897,0.6043844638299014,1.4888855808954395,0.019646254935245765,0.019240801846306433,0.020079324181273724,0.6871826970913909,0.6794944843516051,0.6952502619418113,1.3743653941827818,0.018043991088867187,0.017736762237548827,0.018379032707214357,0.11370531704944518,0.10997377282429711,0.11750382756385637,0.40257829761423547,0.3955299922392361,0.41005168562576605
suniward_alpha0p1,SUNIWARD,0.1,wavelet_energy_stego,1000,0.012901226043701171,0.02561915867740467,0.024523691498029215,0.026713365269580163,0.6347633141621934,0.01501819665413305,0.014393034711450588,0.015675991439680046,3.0036393308266107,0.04073913043478261,0.038735183066361555,0.04284298245614035,0.028282071570839274,0.027163085049223136,0.029451739081740105,2.828207157083927,0.03835940480732545,0.036543771461274334,0.04026370660053414,0.0529547295686939,0.05093887912533621,0.05502419686991613,2.647736478434695,0.03586877741750906,0.03422278752622544,0.03755288479877932,0.11839893507643094,0.11427642240026598,0.1225308507386408,2.367978701528619,0.03201152056153201,0.030657690547035932,0.033386070420386056,0.21160043901100567,0.20528451559817626,0.21806858468218068,2.1160043901100565,0.028498397802700852,0.027419235904478523,0.029595915350576027,0.3646485115851625,0.3563579279930166,0.37344713659768936,1.8232425579258125,0.024364187758683174,0.023627953518091133,0.025139542047340216,0.4895049988923638,0.4807032792618616,0.4987415415126378,1.6316833296412128,0.021656714520046284,0.021117596607453937,0.02221889742252966,0.5955172826946701,0.5869079458309437,0.6042677840677175,1.4887932067366751,0.01964533941139446,0.019238073871330755,0.02008141891891892,0.687257306649627,0.6795637993035775,0.6952916680647859,1.374514613299254,0.01804595947265625,0.0177383264541626,0.018379061317443848,0.11372269489758219,0.10998616955501982,0.11752108541097167,0.402564472180019,0.39549615743742345,0.4100504447613332
suniward_alpha0p2,SUNIWARD,0.2,gradient_magnitude_cover,1000,0.029247428894042967,0.05171414265753525,0.05017438218632054,0.053326704296974795,0.6296867437644372,0.01266061672804505,0.012236827344040193,0.013113545595644715,2.5321233456090098,0.07585430968726163,0.07293129290617847,0.07891500762776507,0.024508592645664663,0.02371060300064424,0.025374599374519274,2.4508592645664664,0.07356962991224723,0.07081667302556276,0.07654079549790156,0.04694280622178732,0.0454876524585597,0.048481153196087895,2.3471403110893663,0.07053271028037383,0.06802726492466145,0.07319223726873926,0.10885326548645934,0.10591335486351373,0.1119590275515594,2.1770653097291865,0.06548470283054857,0.0633427386129549,0.06772830548561835,0.19988053909867062,0.19526752751179668,0.20482888621152562,1.9988053909867063,0.060065613794155794,0.058294604028381776,0.061937587739375896,0.3522296033171796,0.34590341898277394,0.359235542251902,1.7611480165858981,0.052712201262659984,0.05147017490320243,0.05406007886856512,0.4783193569595776,0.471447748666334,0.4857748195908124,1.5943978565319255,0.04754144679119565,0.04658016892794018,0.04856631931640451,0.586048630815656,0.5790739624374283,0.5935466654580074,1.4651215770391401,0.043533864845791456,0.04277382460088883,0.04433970035667283,0.679553767781626,0.6729794892345542,0.6865770118291932,1.359107535563252,0.04025426483154297,0.03965065059661865,0.040899435043334965,0.10537117749843597,0.10271862682297205,0.10821985695004095,0.3923371844061995,0.38686045149125003,0.39836165948542346
suniward_alpha0p2,SUNIWARD,0.2,gradient_magnitude_stego,1000,0.029247428894042967,0.0517163671611006,0.05017655373304162,0.05332987068453047,0.6297044996798361,0.012660993043994647,0.012234498694116119,0.013118867628794273,2.532198608798929,0.07586117467581999,0.07292210144927537,0.07897715484363081,0.024508354496364345,0.023712456943454606,0.02537190248364211,2.4508354496364344,0.07356734070965282,0.07083436665394888,0.07649899847386493,0.046949100214890085,0.04550433977458622,0.048488405611890266,2.347455010744505,0.07054281899675757,0.06803847510967004,0.07318155159259966,0.10885007120250303,0.10591019493326842,0.11195437566511053,2.1770014240500606,0.06548195620660716,0.0633518101014725,0.0677384641794461,0.1998969614943827,0.1952727254124976,0.204839247803269,1.9989696149438267,0.060070115205615324,0.05829473659113451,0.0619374847409781,0.35225618942629067,0.34593435519719784,0.3592516484696286,1.7612809471314532,0.05271605409220088,0.05147093450189781,0.05406164670316047,0.4783142680505362,0.47143531133820044,0.4858070183746166,1.5943808935017874,0.04754105260480907,0.04658271619851736,0.04856468471446918,0.5860405997776779,0.5790668474442215,0.5935350795243602,1.4651014994441944,0.043533492914226854,0.04277177182475348,0.044339434044135886,0.6795288710201118,0.6729508303208858,0.6865644022149686,1.3590577420402237,0.04025310516357422,0.039646457862854007,0.04089822940826416,0.10537526513700196,0.10272452141958126,0.10822230267146604,0.3923398477297508,0.38686395579401023,0.3983469990086377
suniward_alpha0p2,SUNIWARD,0.2,laplacian_residual_cover,1000,0.029247428894042967,0.05783372102988976,0.05609072022951214,0.05967676297732089,0.6294909126010213,0.019972622791051185,0.019464591211243252,0.02055014625828073,3.994524558210237,0.12016399694889399,0.11652372234935164,0.12420657894736842,0.03597375823033675,0.035055845238469746,0.036977910390881115,3.5973758230336754,0.10835940480732545,0.1050631533765738,0.11196945822205265,0.0642917560743162,0.06270572085853308,0.0660124327953733,3.2145878037158098,0.09683139423993896,0.09390440587449933,0.09996359431623116,0.1342510521904938,0.13116750046776302,0.1375749811019827,2.6850210438098756,0.0808471046005951,0.07848363469901581,0.0833475471122301,0.22785529455221126,0.22323903467669856,0.23287954534695857,2.278552945522112,0.06848161287861447,0.06665844777599757,0.07041415655756465,0.3734202123066997,0.3674057387773038,0.3799624320598519,1.8671010615334982,0.05585527093783975,0.05460256537412501,0.05716009841881402,0.48890343624323845,0.4824981676083168,0.49565590062594744,1.629678120810795,0.04855084368602418,0.047640777310122964,0.049506242767951375,0.5860316340413426,0.5797929505968205,0.5926476244136786,1.4650790851033564,0.043487850235556666,0.042775985380228504,0.04422413263651796,0.6706596679737108,0.6650781548613186,0.6765857385502086,1.3413193359474216,0.03968633270263672,0.03913447341918945,0.0402574951171875,0.1272192587359414,0.1244470568231456,0.13022126366507686,0.4049664045180366,0.39974404408023556,0.4106041134439252
suniward_alpha0p2,SUNIWARD,0.2,laplacian_residual_stego,1000,0.029247428894042967,0.06391872813354904,0.061703338855122615,0.06622943817329317,0.6569121143679808,0.021419504715673107,0.02078600681029286,0.02207131189030651,4.28390094313462,0.128047292143402,0.12388022501906941,0.13239979023646067,0.03887062038248205,0.03771156029629048,0.04007900139798721,3.887062038248204,0.11623464326592904,0.11248772415108739,0.12023160053414728,0.06944858449388855,0.06750718547352656,0.0715332498858157,3.4724292246944275,0.10381003242418463,0.10059939443066947,0.10718119397291626,0.14597719597909997,0.14224181854760243,0.1497619547345146,2.919543919581999,0.08719699397268636,0.08468212024109255,0.08976654840924697,0.24834772250445764,0.24297587551391117,0.25375347794374076,2.4834772250445765,0.0740582131685359,0.07215817597467003,0.07597702754253453,0.40683591890536025,0.39991772583723373,0.41372767060883975,2.034179594526801,0.060483511033969754,0.059179501802437584,0.061824159816132304,0.5293831908291503,0.5221079068771783,0.5366218408165357,1.764610636097168,0.05232702211258471,0.05139267321948553,0.053310477410576915,0.6279260497500041,0.6209927303917597,0.6348358710959467,1.5698151243750103,0.04643289019435809,0.04571490420378035,0.04717655567529421,0.7100731243303745,0.7037985541492942,0.7161736954514839,1.420146248660749,0.04190813446044922,0.041349244499206544,0.04248348484039307,0.13835379768100192,0.13505288290208806,0.14177510950195038,0.4363418761165865,0.4304575761960897,0.44217694397950236
suniward_alpha0p2,SUNIWARD,0.2,local_entropy_cover,1000,0.029247428894042967,0.0581518004243438,0.05615467637713317,0.06028991006900719,0.6569953052027806,0.014082398546307157,0.013565733926975342,0.014631614359187875,2.8164797092614315,0.08527383676582762,0.08178932112890923,0.08909692982456141,0.027087843681915844,0.026133187055888997,0.028132439860229317,2.708784368191585,0.08206600534147272,0.07880607592521939,0.08576232354063335,0.051600234977570054,0.04989458615594511,0.05350431802674056,2.5800117488785026,0.07817013160404349,0.07513367346938778,0.08152870017165746,0.11836786828899447,0.11479732783289463,0.12230820147318577,2.367357365779889,0.07167925535973142,0.06902248035400932,0.0745592984664683,0.21608397694922843,0.21019775917635497,0.2223067419928816,2.1608397694922843,0.06526863508049134,0.06311693179217212,0.06756127737087052,0.37894962985121566,0.3710720617118986,0.3875364995883393,1.894748149256078,0.05692591886169868,0.05541841204295333,0.058556681416773164,0.5122036109339984,0.5035655198635407,0.5214339466028816,1.7073453697799945,0.051050137965235304,0.04990111929860254,0.05226626177790776,0.6235055953670058,0.6150087591530192,0.6324800854767859,1.5587639884175144,0.04640391767914704,0.04553752741803201,0.047348144395277424,0.7177970046343014,0.7099928223761033,0.7260450629719035,1.4355940092686028,0.042566482543945315,0.04190090618133545,0.043286164093017575,0.11442389675187795,0.11109198791806257,0.118017885556504,0.4192046447391725,0.41238753079945856,0.42659101181493664
suniward_alpha0p2,SUNIWARD,0.2,local_entropy_stego,1000,0.029247428894042967,0.05818249077703163,0.05618580431152934,0.060323400270384527,0.6571777592109902,0.014085580366434267,0.01356747249591362,0.0146392206397164,2.817116073286854,0.08529900839054157,0.0817908466819222,0.08913935926773456,0.0270951802070394,0.026146696020572766,0.028142625282150807,2.70951802070394,0.08208202975963373,0.07881770316673024,0.0857561903853491,0.051604292571659,0.04988692212314507,0.053511811122585774,2.5802146285829495,0.07817547205798206,0.07513947644478353,0.08152829486934961,0.11844455960295011,0.1148613524798855,0.12237662325155599,2.368891192059002,0.0717279316395819,0.0690608205539025,0.07460627145799956,0.21617899055277134,0.21029344648323822,0.2224396665968886,2.1617899055277134,0.06529736018921187,0.06314518577859159,0.06758369382772565,0.3790814791870986,0.37123763406299615,0.38764806530093243,1.8954073959354933,0.05694545003719316,0.05544398949054913,0.058579751664155334,0.5124225573389731,0.5038163505750365,0.5216470050097164,1.7080751911299104,0.05107114428493318,0.04992177244001373,0.05228158990628537,0.6236892482013117,0.615212232488446,0.6326453568622878,1.5592231205032792,0.046417030650975605,0.04555229858475271,0.047359536945202084,0.7180197894669857,0.7102449319594436,0.7262673892251857,1.4360395789339715,0.04257905578613281,0.04191434574127197,0.043297660446166994,0.11447984752755434,0.11115291943319312,0.11807295096532636,0.4193545044529633,0.4125451720933727,0.42674046671341814
suniward_alpha0p2,SUNIWARD,0.2,local_variance_cover,1000,0.029247428894042967,0.05231495770113792,0.050685731597145754,0.054002228562312675,0.6479477010202328,0.01074260541800573,0.010321891182182718,0.011183886509985601,2.1485210836011457,0.06422120518688024,0.06144660564454614,0.06710539664378337,0.02111308509352299,0.020330492676202374,0.0219373378910001,2.111308509352299,0.0632243418542541,0.06059344715757344,0.06604080503624571,0.041694485589539025,0.040270159613260546,0.043204334737132186,2.084724279476952,0.06251535380507343,0.06014357238222392,0.06515376692733169,0.10062946232485602,0.0975369202570647,0.10391675461120821,2.0125892464971202,0.06045922026398108,0.05827798123140308,0.06271603913939117,0.19304704460294517,0.1878892569366658,0.19843726614364698,1.9304704460294515,0.05801010910200656,0.056112808041504536,0.059932675288014034,0.35617861522792865,0.3486534689360658,0.3641505982864467,1.7808930761396433,0.05337452554883748,0.05193267037326671,0.05486362700032425,0.4945944345825236,0.48641506890488717,0.5033984397266869,1.648648115275079,0.04923641010643032,0.04818324167440204,0.050386483539539444,0.611556870953455,0.603542344417821,0.6202855184958664,1.5288921773836373,0.04549124530317191,0.04465608537259914,0.046388863272234834,0.7106980380647614,0.7031678385578117,0.7185666137294671,1.4213960761295228,0.04213536834716797,0.041479168319702144,0.04284053497314453,0.09897305485150101,0.09613749281661989,0.10197293256747174,0.4026351033898523,0.3963601751028794,0.40948419755699067
suniward_alpha0p2,SUNIWARD,0.2,local_variance_stego,1000,0.029247428894042967,0.05233376643864729,0.05069731486893236,0.05402537767011888,0.6481645091547694,0.010741399309799482,0.010322595485238957,0.011182604175508258,2.148279861959896,0.06421357742181541,0.06144771167048055,0.06707629672006102,0.021118759097534565,0.020334842830498443,0.021937760495438958,2.1118759097534565,0.06324074780618084,0.060602317817626865,0.06605847958794353,0.0417096687899672,0.04028390309185955,0.043219707322290496,2.08548343949836,0.06253557123784094,0.06016137707419417,0.06518232405111576,0.10064921119945373,0.0975512429165452,0.10394272996302123,2.0129842239890747,0.060469520103761346,0.05828562218661784,0.06272762836652171,0.19312176939178713,0.18793335975328207,0.19854757522917504,1.9312176939178711,0.05802994583047227,0.0561511549172198,0.05994687857633326,0.3563165833500183,0.34877233907664007,0.36425433685845643,1.7815829167500914,0.05339321749413493,0.05195430773045452,0.05487471675980851,0.49476542165315346,0.4866042149171334,0.503523525540842,1.6492180721771783,0.049252101267754284,0.048202518342382664,0.050399311763284715,0.6117674674392837,0.6037906332022522,0.6204666034115315,1.5294186685982092,0.04550566480382994,0.044670677726067635,0.046402098075492566,0.71095367052885,0.7034242850589363,0.7188257017685035,1.4219073410577,0.04214938354492188,0.04149382495880127,0.042855390930175784,0.09900303748352678,0.096159506285707,0.10199341850452341,0.40277804597726014,0.39650730131723805,0.40959541406591105
suniward_alpha0p2,SUNIWARD,0.2,oracle,1000,0.029247428894042967,0.09239845006028956,0.0895771159318215,0.09546897684377635,0.7386965283167553,0.02957598400721128,0.028938870732248382,0.030296169290591573,5.915196801442255,0.17735087719298245,0.17267805110602594,0.18263176964149502,0.05369851689928242,0.05252096949845431,0.05501199391522703,5.369851689928243,0.16127127050743992,0.15696232354063336,0.1661166825639069,0.09588582142535704,0.0938016655932118,0.0982430970143152,4.7942910712678515,0.1441033759298112,0.14023155159259967,0.1484540005721915,0.19829100482476275,0.19416852826772843,0.20293041267467501,3.965820096495255,0.11924742504005494,0.11603760013733119,0.12273025673304341,0.32816495841162374,0.3220297848089891,0.3348270167052418,3.281649584116237,0.0985117875944152,0.0960871576256962,0.10112199397268634,0.5126237333640213,0.5050498594151762,0.5205322299902712,2.563118666820106,0.07656512617063076,0.07499637366724524,0.07819551059528124,0.6423860945657559,0.6346476193951909,0.6503347644798168,2.1412869818858535,0.06366912503337868,0.06257613964370637,0.06478888553335962,0.7396420229946473,0.7326365920656909,0.7467554790891023,1.8491050574866186,0.054761658624043946,0.0539645570676534,0.055561137681435856,0.8149572107452409,0.8091997409771045,0.8208925733763025,1.6299144214904817,0.048108413696289064,0.04752428112030029,0.048705959129333495,0.18604099378568917,0.18234722281778637,0.19015447452504564,0.5304507858577092,0.524167628908623,0.5370350568293812
suniward_alpha0p2,SUNIWARD,0.2,srm_residual_cover,1000,0.029247428894042967,0.06254060069865995,0.06056407728884137,0.06464253728033505,0.6600520695188181,0.019285775770876104,0.018767336678724395,0.019882992802035687,3.8571551541752207,0.11618916857360795,0.11249683447749809,0.12032065217391304,0.03527491838167421,0.03434742478943589,0.03633740594661554,3.5274918381674216,0.10640785959557422,0.1030653853491034,0.11012635444486837,0.06390530482293014,0.06226623823446716,0.06573011521454206,3.1952652411465072,0.09639423993896624,0.09337122353614342,0.0997615916460042,0.13699105583049084,0.1337026225593685,0.14054555356934076,2.7398211166098165,0.08263057907988099,0.08013106927595944,0.08530175097276263,0.23770506753204165,0.2326362376991276,0.24323687395179777,2.377050675320416,0.07155535210193027,0.06955532444495309,0.0736959315632868,0.3966140736269452,0.3898705456169284,0.4039981741718357,1.983070368134726,0.05941007839172977,0.05801916639645998,0.06086822750767705,0.5225576996566613,0.5154207854232937,0.5302443849166323,1.7418589988555377,0.051956957389723175,0.05092947369759546,0.05301217495517718,0.6268986369344075,0.6198867496445046,0.63434882891116,1.5672465923360184,0.04656670926395698,0.04578482686108833,0.047383694377157684,0.7155516421418338,0.7091341319871673,0.7224047622187848,1.4311032842836675,0.04237279510498047,0.04177212867736816,0.04301597709655762,0.13061365784696216,0.12760961536659493,0.1338798530846548,0.43066248458038275,0.42484903875856034,0.4369904304753864
suniward_alpha0p2,SUNIWARD,0.2,srm_residual_stego,1000,0.029247428894042967,0.06649291925697856,0.06434688964657173,0.06864950015553903,0.6808901186851789,0.02028314159791545,0.019691949481755497,0.020901903923202705,4.056628319583091,0.12161708619374523,0.11769452707856597,0.12573979786422576,0.03709029562792135,0.0360901825349361,0.038143826397373945,3.7090295627921352,0.11132086989698586,0.10785995803128577,0.11498667493323157,0.06711320194013169,0.06541601306421808,0.06897964603359762,3.355660097006584,0.1007459469769216,0.0976268357810414,0.10397276845317566,0.14415294225183511,0.14074828347222132,0.14775019917012985,2.883058845036702,0.08652452887769894,0.08394016937514306,0.0891256942854963,0.2503982798768047,0.2451640764822512,0.2558650910714824,2.5039827987680465,0.07502277409018082,0.07297376401922635,0.07706499485008012,0.4181925172959904,0.41140508977443196,0.4253559745089264,2.090962586479952,0.06239619294665167,0.06102994430563238,0.06380913378092276,0.5501541290537252,0.5428775216158956,0.5576812573069149,1.833847096845751,0.05452353038414099,0.05352472311585265,0.055565564958101804,0.6577614058285749,0.6506194522692681,0.6650877826219664,1.6444035145714375,0.04872973926643652,0.0479635223349673,0.04953132283659807,0.7463373110177929,0.739870991867002,0.7530129631764335,1.4926746220355858,0.044104995727539065,0.04350077133178711,0.044717346382141115,0.1374793165099514,0.13434160861118483,0.14076424852050132,0.45239103282710813,0.4465168209336322,0.45851514031306745
suniward_alpha0p2,SUNIWARD,0.2,texture_energy_cover,1000,0.029247428894042967,0.06061897175985728,0.05873336615114072,0.06260487801271448,0.6537122121612702,0.01902491443440976,0.018528714513108658,0.01957712381906619,3.804982886881952,0.11441342486651411,0.11087602974828374,0.11828852021357743,0.034749964032216106,0.033842338659079305,0.03573662557952959,3.4749964032216103,0.10461922930179321,0.1014092617321633,0.10816031095001907,0.06301692829569673,0.06140332090177412,0.06474530375782432,3.1508464147848363,0.09489433530421515,0.09193783616250238,0.09802694068281519,0.13488928632123964,0.1316628559277133,0.1383235137271171,2.6977857264247924,0.0812434576943618,0.07882125963225757,0.08380452239261463,0.23343411047968357,0.228451642626995,0.23883345859939348,2.334341104796836,0.07019333180743115,0.06824073872739757,0.07223567654688334,0.38949446760756246,0.3829543792274853,0.3966730088792328,1.9474723380378123,0.058301302714146755,0.056940860497053165,0.05971676934520971,0.5139566590706699,0.5069031496405734,0.5215137696595835,1.7131888635688994,0.051078125198682656,0.05008160103251401,0.05211896322622484,0.6178981960539017,0.6109759427100769,0.6252471700494718,1.5447454901347544,0.04588640828549086,0.045128924116424114,0.04669964475767228,0.7066615599254621,0.7003909286703044,0.7134043537214205,1.4133231198509242,0.041842041015625,0.04124671726226807,0.042469738006591796,0.12847512083169277,0.12556535707983763,0.13162258836523905,0.4239744557532799,0.4183714094185623,0.43015466139055125
suniward_alpha0p2,SUNIWARD,0.2,texture_energy_stego,1000,0.029247428894042967,0.06530564809692545,0.06306343737875778,0.06759669122675785,0.6766474615695716,0.020104656825078605,0.019486537952198756,0.02073793578314859,4.020931365015721,0.12027154843630816,0.11618373379099924,0.12435888634630052,0.036837301639157084,0.03571185388003918,0.038006253122841,3.6837301639157087,0.11027775658145747,0.10653052270125907,0.11406691148416637,0.06674188212424664,0.06483091009579732,0.06875368599290685,3.337094106212332,0.09992962044630938,0.09669960423421704,0.10323021647911501,0.14319516926403306,0.13955820965445845,0.14701484295593759,2.8639033852806617,0.08573151750972763,0.08315345235370412,0.08834317158770123,0.24774909602243553,0.2424601995540942,0.2530222914042152,2.477490960224355,0.07407831692988479,0.0720902008468757,0.0760985570687419,0.4133285640184347,0.40654889849151066,0.42034154306450516,2.0666428200921727,0.06158173911384921,0.0602216006408667,0.06296391643937516,0.5444222987215012,0.5369132522919128,0.5521553985656715,1.8147409957383371,0.05390447973754816,0.05290954662207698,0.0549301206083186,0.6518053987000918,0.6443839600010377,0.6592927393868946,1.6295134967502292,0.04826017089778559,0.04750121783745638,0.04904340655934693,0.740678169486896,0.7339168532107376,0.7474147755608599,1.481356338973792,0.04375496673583985,0.04315565338134766,0.04437412490844727,0.13633174860026215,0.13309915860797247,0.13966083821956796,0.4480203285589911,0.4420360164382003,0.45414761937326575
suniward_alpha0p2,SUNIWARD,0.2,uniform,1000,0.029247428894042967,0.029247428894042967,0.02909553747177124,0.029406461906433104,0.5,0.005,0.005,0.005,1.0,0.02924118230358505,0.029089323321891687,0.02940018135011442,0.01,0.01,0.01,1.0,0.02925233880198398,0.02910042188096147,0.02941139851201831,0.02,0.02,0.02,1.0,0.029246759488842266,0.029094871543009725,0.02940578886133893,0.05000000000000001,0.05000000000000001,0.05000000000000001,1.0,0.02924787518120089,0.029095981441214624,0.029406910620279246,0.10000000000000002,0.10000000000000002,0.10000000000000002,1.0,0.02924787518120089,0.029095981441214624,0.029406910620279246,0.20000000000000004,0.20000000000000004,0.20000000000000004,1.0,0.029247317324381548,0.029095426481527402,0.0294063497301112,0.2999999999999999,0.2999999999999999,0.2999999999999999,1.0,0.029247503274290147,0.02909561146573757,0.029406536691123177,0.4000000000000001,0.4000000000000001,0.4000000000000001,1.0,0.029247317324381548,0.029095426481527402,0.0294063497301112,0.5,0.5,0.5,1.0,0.029247428894042967,0.02909553747177124,0.029406461906433104,0.05000000000000002,0.05000000000000002,0.05000000000000002,0.25,0.25,0.25
suniward_alpha0p2,SUNIWARD,0.2,wavelet_energy_cover,1000,0.029247428894042967,0.04986342331513514,0.04823429393532115,0.05151197282228464,0.6180778758223011,0.012324628555307854,0.01190342145429745,0.012764203534358547,2.4649257110615705,0.07460488176964147,0.07163529748283752,0.0776440122044241,0.023598081814143492,0.022821024974935905,0.02439721339344911,2.359808181414349,0.07144906524227394,0.06868980351011066,0.07427132773750476,0.04487001872561119,0.043434763300040126,0.04631874146132206,2.2435009362805594,0.06788403585733359,0.06531991703223344,0.07043925710471105,0.10310040088676505,0.10006526847137476,0.10617140854002997,2.0620080177353013,0.06233920805676356,0.06016271076523995,0.06455934615091173,0.18902832747616044,0.18423037460249925,0.1939690021720629,1.8902832747616038,0.057034027618829634,0.05523422789349203,0.058898571374074914,0.3358824541108077,0.32904317780110753,0.3428854864925336,1.6794122705540386,0.050438879246218704,0.04908967937591791,0.05181244683285968,0.4600264524215793,0.45232355762100457,0.46775141099880313,1.533421508071931,0.04585127729104943,0.044843923171801685,0.04691329902216344,0.5680278010736214,0.5604279448943706,0.5757399153626698,1.420069502684053,0.042289448587613736,0.0414993331457781,0.04310815221537699,0.6632105874012697,0.6561628465890263,0.6704746911166661,1.3264211748025394,0.039353500366210936,0.038725328063964844,0.03999756965637207,0.09985733353269449,0.09709713374978342,0.10267535349154984,0.3779826997154836,0.37192180757922816,0.38420622792063885
suniward_alpha0p2,SUNIWARD,0.2,wavelet_energy_stego,1000,0.029247428894042967,0.049859005834364686,0.048229068159789654,0.05150708838887652,0.6180127264452396,0.012303721019431033,0.01188581111020782,0.012733698095126473,2.4607442038862066,0.07448436308161709,0.07149841723874906,0.07749208619374523,0.02362300201102569,0.022838634030926303,0.024416568304890588,2.362300201102569,0.07152651659671881,0.06876789393361313,0.0743582315909958,0.04487380715677072,0.043450517390564936,0.046307659434176626,2.2436903578385365,0.06789147434674804,0.06534045870684722,0.07041109097844744,0.1030768921786439,0.10005280777731622,0.10612592579619236,2.0615378435728777,0.06232471198596169,0.06013601319905395,0.06453744754711223,0.18902090768784424,0.1842670333379169,0.1939613928223149,1.8902090768784423,0.05703231097886625,0.05522416838330663,0.058900476844434266,0.33583841279394366,0.3290302161506316,0.3428965262390862,1.6791920639697182,0.050432089110988204,0.04908155648591428,0.0518023245722787,0.4599875366504252,0.45235758423824013,0.4676877772421426,1.5332917888347506,0.045847742329260074,0.04483955819335478,0.046908006116246834,0.5679444825805794,0.5603430838575956,0.5756608668300605,1.4198612064514482,0.042283745636956645,0.04149572231017185,0.04310271557725685,0.6631605118361534,0.6561631585744429,0.6704126598185957,1.3263210236723069,0.03935079956054687,0.03872405586242676,0.03999555072784424,0.09984765642657123,0.09708710445115039,0.10265581740121663,0.37794175964270366,0.37188615006267606,0.3841438197347873
suniward_alpha0p5,SUNIWARD,0.5,gradient_magnitude_cover,1000,0.09099484634399414,0.1289011145691569,0.12671982603827425,0.1312149399992223,0.598533085517548,0.009316911896978319,0.009112967344689542,0.009533580294674267,1.8633823793956639,0.17123569794050342,0.16719513729977115,0.1755251525553013,0.018239264954976655,0.01786865759857242,0.018652845460230303,1.8239264954976657,0.16782449446776038,0.16400080122090804,0.17189806371613886,0.03553855520920448,0.03483196128007241,0.03628212073193428,1.7769277604602238,0.16358821285523556,0.1599298779324814,0.16750714285714285,0.08512293445509106,0.08359782629935925,0.08674905289629743,1.702458689101821,0.15686228732738233,0.15356915960936907,0.1603777618829633,0.161867595633408,0.15928028997264462,0.16461789158707604,1.61867595633408,0.1491627374685283,0.14627790207522698,0.1522796301594568,0.29918573625706824,0.29517680035412364,0.30346806481620403,1.4959286812853412,0.1377194682332297,0.13539379684907207,0.14021171727479068,0.42087132363137464,0.4161280520964071,0.42600263688870976,1.4029044121045822,0.12899472298869574,0.12702939835713287,0.131087485853795,0.5303910761897954,0.5252379043788657,0.5359607728440626,1.3259776904744887,0.12175096797573862,0.12008951224513151,0.12349731732438153,0.6296187174512965,0.624493508568071,0.635097158855304,1.259237434902593,0.11545328521728515,0.11405036716461182,0.11691509380340576,0.08345757419870148,0.08203038880721446,0.0849808479276419,0.34592977336385844,0.3422087838669769,0.34991273386534294
suniward_alpha0p5,SUNIWARD,0.5,gradient_magnitude_stego,1000,0.09099484634399414,0.12890273083010534,0.12672170828088053,0.13121549660709036,0.5985061275862519,0.009321129085326134,0.00911661590348144,0.009537594796953675,1.8642258170652266,0.1713150266971777,0.1673141304347826,0.17562048054919907,0.018238994252009973,0.017864386117938173,0.0186487202681286,1.8238994252009975,0.16782258679893172,0.16395071537581074,0.17188444296070204,0.03552304679245989,0.03481718857120616,0.03627200175449083,1.7761523396229946,0.16351954987602516,0.15986234026320809,0.16744493610528324,0.08511911046235093,0.08360092128049193,0.08674011810518338,1.7023822092470187,0.1568562600137331,0.1535683394369421,0.16039594491493092,0.16186683528388227,0.15928285172695997,0.16461755766056324,1.6186683528388226,0.1491621271076524,0.14627818341344323,0.1522707885099565,0.29921211406476605,0.29518562716955465,0.30350181393283976,1.4960605703238303,0.13773089320795742,0.1354050768658567,0.1402173200900265,0.42083776255404837,0.41607861435386806,0.42596289852361674,1.4027925418468281,0.12898502091730987,0.12702049483107206,0.13107385463423316,0.5303624939737237,0.5252148811323845,0.5359400795226338,1.3259062349343094,0.12174539853897653,0.12007387395334644,0.12349211433557764,0.6295505052599292,0.6244170163516403,0.6350258083467795,1.2591010105198583,0.1154415054321289,0.11404077968597412,0.11689950008392334,0.08345294338756998,0.08202272194759405,0.08497352459227588,0.3459147968504028,0.3421771730568179,0.34987824781291615
suniward_alpha0p5,SUNIWARD,0.5,laplacian_residual_cover,1000,0.09099484634399414,0.13474828770050587,0.13243708545308547,0.13713656384429637,0.5966926514978976,0.012578203399290009,0.012369401065325093,0.01281480053447408,2.5156406798580018,0.23167353165522503,0.22720921052631576,0.23675530129672004,0.02363592937632545,0.023245802988057257,0.02407821634816623,2.3635929376325446,0.21788096146508967,0.21351107401755057,0.22268719954215951,0.04408670817161216,0.043366933484669815,0.0448885696047454,2.204335408580608,0.20324032042723633,0.1992229067327866,0.20772370780087734,0.09861380894801267,0.09706762913664721,0.10030110029768674,1.972276178960253,0.1818974593728542,0.17841465056839856,0.18564235523002975,0.17795699560648023,0.17536941623817662,0.18071848787446362,1.7795699560648022,0.1640787747005417,0.16107947566186007,0.16716766136415656,0.3129713163249693,0.30912160122523785,0.3169608291270073,1.5648565816248463,0.14409939155810716,0.14171029106029107,0.14653622899540328,0.4285871525011904,0.42406039977832166,0.4332565358140262,1.4286238416706352,0.1313569294152054,0.1293954398357133,0.13334498238876952,0.5308286431527398,0.5261205645352425,0.5357428178912265,1.3270716078818496,0.12181801102443304,0.12022966392645293,0.12344931359552921,0.6231473182901657,0.6186935060559906,0.6278336223898462,1.2462946365803313,0.11421412658691406,0.11293138561248779,0.1155568655014038,0.09515371898833647,0.09371215083524095,0.09668358827730356,0.3536185975831118,0.35003812050601973,0.35729718739036687
suniward_alpha0p5,SUNIWARD,0.5,laplacian_residual_stego,1000,0.09099484634399414,0.1496716585479846,0.14659207780288824,0.15278201872583339,0.631498506269076,0.013438123625187356,0.013197957989784041,0.013686034335731862,2.6876247250374714,0.2465949656750572,0.24181140350877192,0.2515172006102212,0.025378400486007254,0.024912770982678474,0.025859914455843555,2.5378400486007258,0.23297634490652422,0.22832572491415487,0.2377097863410912,0.047578542212883476,0.046693548026507034,0.0485048136297382,2.378927110644174,0.218329391569712,0.21384640473011637,0.2228953318710662,0.10748167774807771,0.10539809409838512,0.10956917711839215,2.149633554961554,0.19720447089341572,0.19308572137026014,0.20118873502708476,0.1958239596747171,0.19222203034312332,0.199438960246972,1.9582395967471709,0.17953395132372016,0.17597451361867705,0.18303701647974363,0.3468348579186833,0.3416365139649572,0.3521137565668615,1.7341742895934162,0.15892454557592173,0.1562103973945717,0.1615914265006008,0.4738220548509372,0.467549135218765,0.4799730072685226,1.5794068495031237,0.14467605508436862,0.14248055739226634,0.1468935331180143,0.5813905943788931,0.5751785710026524,0.5876397632809734,1.4534764859472324,0.13305252818096855,0.13128073299128346,0.13486313776726622,0.6731540569404955,0.6673954707842563,0.6789353768117443,1.346308113880991,0.12313854217529296,0.12173178367614745,0.12460129718780517,0.10403965567819697,0.10209757977201339,0.10599910280531707,0.3881152342268634,0.3834008613030989,0.3928116457141208
suniward_alpha0p5,SUNIWARD,0.5,local_entropy_cover,1000,0.09099484634399414,0.137353833977789,0.1346370689908178,0.14024710392136472,0.6187090804685466,0.009894926934216536,0.009657124807130055,0.010148825169682045,1.978985386843307,0.18274218154080854,0.17791889778794814,0.18799427917620135,0.019337460484181255,0.018895062827563133,0.019826045352134176,1.9337460484181255,0.17867798550171687,0.17414610835558947,0.18368603586417395,0.037577781162844534,0.036744868376246013,0.038494786974498166,1.8788890581422262,0.1736177760823956,0.1692196881556361,0.17846419034903682,0.08936914112840967,0.08751537302721443,0.09139706431782915,1.787382822568193,0.16517296101319906,0.1611480907148852,0.1694763427939269,0.16951237368390498,0.1663528405806002,0.1728680702984864,1.6951237368390495,0.15656996261539638,0.15309447814145113,0.1602741540779736,0.3137069220388842,0.3088484076130196,0.3189437681991232,1.568534610194421,0.1446800625607965,0.14181457590264931,0.14769308636441666,0.44129228216185956,0.43555716594402644,0.4474849388248517,1.4709742738728655,0.13547229886957518,0.13313467123583791,0.1379633467060005,0.5550091452721481,0.5487425826590433,0.5616173950005519,1.38752286318037,0.12756957027599228,0.12563030622365487,0.12962132193061093,0.6565826182009886,0.6505566868191228,0.6630346476030899,1.3131652364019772,0.12051365661621094,0.11894549541473388,0.122182177734375,0.08758636198793343,0.08584701906577263,0.08946808956482892,0.3621284414806544,0.3576508074844798,0.36693735709763564
suniward_alpha0p5,SUNIWARD,0.5,local_entropy_stego,1000,0.09099484634399414,0.13741835416894882,0.13469659750983207,0.14031619534675854,0.6189113350325497,0.009890968156772068,0.00965635147013076,0.010144186337113037,1.9781936313544137,0.1826781083142639,0.17785108695652174,0.1879081426392067,0.01934860086569375,0.01890905437803216,0.019834871463876927,1.9348600865693752,0.17878672262495232,0.17424367607783292,0.18377718428080883,0.03760288348680724,0.036769923634399834,0.03852079217070198,1.880144174340362,0.17373545679954225,0.16934742037001718,0.17858627694068283,0.08939565413045042,0.08753865928844226,0.09142147153369896,1.7879130826090082,0.1652221713588159,0.16118880560006105,0.16955016784924085,0.16961919923130245,0.16646723655577947,0.17297996009195296,1.6961919923130244,0.15666857404440376,0.15319822995346,0.16038235580224308,0.3138691166788094,0.30902436623586527,0.3190867361773367,1.569345583394047,0.14475483034198633,0.141879562837361,0.1477721370806233,0.4414713286874669,0.435709666989943,0.4476828539975507,1.4715710956248897,0.13552656943402464,0.13319080115204152,0.13803267073992598,0.555201108807002,0.5489669503996443,0.5618392293499815,1.3880027720175048,0.1276128859982071,0.12566841228137102,0.12965831433939234,0.6568377990923137,0.6508282641386851,0.6632664132544275,1.3136755981846273,0.12055978393554688,0.11899376468658449,0.12222336654663087,0.08762933163013287,0.08589025681382502,0.08951276331650432,0.36227987699304387,0.3578007637516099,0.3670949921414752
suniward_alpha0p5,SUNIWARD,0.5,local_variance_cover,1000,0.09099484634399414,0.13025131019600253,0.12794949665741423,0.13261921263023618,0.612425602268485,0.008290099757577824,0.008081015593441465,0.008510354371343176,1.658019951515565,0.15215942028985507,0.14819601449275363,0.15645705568268498,0.016442560521709552,0.016052729268275754,0.01685043127431232,1.644256052170955,0.1510606638687524,0.14728506295307134,0.15509389545974817,0.032678736898866814,0.031969918023984766,0.033442570002211396,1.633936844943341,0.1502084684341026,0.14665400534045395,0.1540062702651154,0.080220484367977,0.0785998629001932,0.08190323900379916,1.60440968735954,0.1476655985351339,0.14430434882124055,0.15113391126878764,0.1568958374112445,0.15404369373884214,0.15981528906443437,1.5689583741124447,0.14449046311131458,0.1414275988021668,0.1476765096894789,0.2997341778530918,0.2952236599911253,0.30451826739565085,1.4986708892654592,0.13800038146827137,0.1354486152701749,0.14069211505083062,0.4294249928661445,0.4240108868102184,0.435243313939132,1.4314166428871484,0.13169702325699684,0.12954609691898833,0.13399186990577677,0.5460416409299589,0.5401351441758729,0.5522648520700999,1.3651041023248973,0.12543660951000402,0.12357675880714872,0.1273797502336493,0.6506854048488965,0.644752777507009,0.6569109708942651,1.301370809697793,0.11939417266845703,0.1178496223449707,0.12100833015441895,0.0794955975067824,0.0779714237550968,0.0810621514458194,0.3516974060572096,0.3475416611107307,0.3561074349845808
suniward_alpha0p5,SUNIWARD,0.5,local_variance_stego,1000,0.09099484634399414,0.13030392363854978,0.1280127839420023,0.13267176344860465,0.6126843958888423,0.008292941707246218,0.008085214061305706,0.008510659401324935,1.6585883414492437,0.15221205186880246,0.1482549771167048,0.15645722730739892,0.01644628267892643,0.016055510862855955,0.01685276807067276,1.6446282678926427,0.15109309423884013,0.14733244944677604,0.1550987123235406,0.03268612119498539,0.03197002106420489,0.03344951718149828,1.6343060597492696,0.15024165554072094,0.14666522506198743,0.15405274651916842,0.08024066893678243,0.07862328324279444,0.08193638771360807,1.6048133787356484,0.147699855039292,0.14433803883421076,0.15116852254520485,0.15694891872742234,0.15408601010493442,0.15989171091744303,1.569489187274223,0.1445366598001068,0.14147948901350424,0.14773295185778593,0.2998437737158913,0.2952998596069164,0.30464123655828107,1.4992188685794563,0.13804793148829847,0.13548059280169372,0.14074304440290678,0.42957919702295577,0.4241814683407241,0.4353653698703738,1.431930656743186,0.13174173162264918,0.12958094839973042,0.13402730090408557,0.5462486101115513,0.5403325623530606,0.5524539937008028,1.3656215252788784,0.12548178489004178,0.12362684225333308,0.12743882774800205,0.6509490531894596,0.645057471189339,0.6571941556871423,1.3018981063789192,0.11944055938720703,0.11789325218200684,0.12104431705474854,0.07951883978184741,0.0779879319294897,0.08109704030059259,0.3518278813181374,0.3476870962323795,0.35623677876904813
suniward_alpha0p5,SUNIWARD,0.5,oracle,1000,0.09099484634399414,0.17733984007109807,0.17413951805741001,0.18067641939641232,0.6790197133046224,0.016144596855411798,0.015915305919418907,0.016399869661013845,3.2289193710823603,0.296859649122807,0.29187254004576657,0.3024413996948894,0.030527790558611358,0.030082671142582704,0.03102399938218149,3.052779055861136,0.28097596337275854,0.27609532621136973,0.2863476344906525,0.0571117887216526,0.05628143987800124,0.0580299368085264,2.8555894360826297,0.2629460232691207,0.2583146337974442,0.2681377169559413,0.12785847558413604,0.12601077524570764,0.12986844291782154,2.55716951168272,0.23564995803768976,0.23153128099488823,0.2402289559014267,0.2287417967127881,0.2256819310956994,0.23209674374106612,2.287417967127881,0.21081311512932022,0.2071185597390707,0.2147078192950332,0.39390619620016637,0.38917509677887774,0.3987911288836765,1.9695309810008317,0.18133447138034295,0.17837825010967212,0.18436244874020105,0.5272042657921343,0.521816866772146,0.5328367760405681,1.7573475526404474,0.16155506529506758,0.15918197455590452,0.16395949734877863,0.6378188563012464,0.6322373728054231,0.6435172498439445,1.5945471407531158,0.14633733239237828,0.1444864199679567,0.14825751611703447,0.7306433244185553,0.7255380312381182,0.735864353042148,1.4612866488371106,0.13387261199951173,0.1324388195037842,0.13540697307586672,0.12284801129084841,0.12113290394795381,0.12472053531775042,0.43229397803001335,0.4280574677919147,0.43673112571558304
suniward_alpha0p5,SUNIWARD,0.5,srm_residual_cover,1000,0.09099484634399414,0.14253339721478256,0.13991507953477664,0.14520361329009843,0.6201102307161409,0.012281223471753111,0.012070637465966403,0.012520119784531632,2.456244694350622,0.22636231884057972,0.2217856025934401,0.23145787566742945,0.023267934957243334,0.022874413208140026,0.02371927722341861,2.3267934957243335,0.21461884776802748,0.2103485978634109,0.21948429988553986,0.04377480667830844,0.04303663409102867,0.04459643510768024,2.1887403339154217,0.20192351707037953,0.19778040244135037,0.20649858859431625,0.09958835924715113,0.09799625229525717,0.10140709369159125,1.9917671849430223,0.18380453192950333,0.18018517586022734,0.18782542534523533,0.1824899417976156,0.17968050938889032,0.185526369008071,1.8248994179761562,0.16836781872281986,0.16513713950560768,0.17172562180514228,0.3258091191602255,0.3216244961492408,0.3301861584186163,1.6290455958011276,0.15011075931259418,0.14752578344046235,0.15274198582845372,0.44920970988966735,0.44421285722344594,0.45443919170534397,1.4973656996322247,0.1377695281207482,0.13563960110880816,0.1399822994417812,0.5580853341299475,0.5527661962720011,0.5636689222295904,1.3952133353248688,0.1281606076789563,0.12641364106696676,0.12998339659348834,0.6550487039599662,0.6498541037700004,0.6604104768089526,1.3100974079199323,0.12013780975341797,0.11871552448272706,0.12163627014160155,0.09657194677930696,0.09506309820588484,0.09825764374197118,0.36968908656758764,0.3657652924452698,0.3737917808915021
suniward_alpha0p5,SUNIWARD,0.5,srm_residual_stego,1000,0.09099484634399414,0.15194185582267247,0.1491270188988514,0.15484427944344142,0.645219356733767,0.01287535459439814,0.012640347100873868,0.01313028358371971,2.575070918879628,0.23666132723112127,0.23180129672006103,0.24180453852021358,0.024395802116613654,0.023956651638478137,0.02485644958954352,2.4395802116613647,0.22436436474628005,0.2197220144982831,0.22911650133536818,0.04601459080112837,0.045187296485387954,0.04686489631328297,2.300729540056419,0.21160690444402058,0.20735108239557504,0.21611412836162502,0.10496361415368588,0.10322172151186448,0.10676809984282018,2.0992722830737174,0.1931066605630579,0.1893409590295262,0.1969597047379263,0.1928388855506887,0.18988494871976494,0.19584598570505848,1.928388855506887,0.17734336614023039,0.17407840657663842,0.18073371671625846,0.3456914485499908,0.3411314790463086,0.3502592353315528,1.7284572427499538,0.15880749203684985,0.15617603520952145,0.1613937796829999,0.476947212437235,0.47149791617717784,0.48225538251597583,1.5898240414574498,0.1459128212301158,0.14376590351334512,0.1480953377923019,0.5913096788352836,0.5855476686719332,0.5969764782308362,1.4782741970882094,0.13551956932232162,0.13374015954910448,0.1373405901314158,0.6906559273109001,0.6850518263755607,0.6962375020972188,1.3813118546218002,0.12647638702392577,0.12502371616363525,0.12797399768829346,0.10187153809783814,0.10024465478456533,0.103548128896266,0.3915134568702284,0.38727379907841064,0.3956996306502912
suniward_alpha0p5,SUNIWARD,0.5,texture_energy_cover,1000,0.09099484634399414,0.13979566690105252,0.13730769652925692,0.14236670206554755,0.6154778808620333,0.012188470550443965,0.011982863236183857,0.012421690703548057,2.4376941100887928,0.22446605644546144,0.2200105072463768,0.22943709000762777,0.023040256431760813,0.022649804121568508,0.023479498180591397,2.304025643176081,0.21233842045020987,0.20804223578786724,0.2170116940099199,0.043410179389263545,0.04268979456610609,0.044196731232344875,2.170508969463178,0.20007190539767308,0.19611186343696357,0.20442405111577341,0.09864596238542793,0.09710069022065047,0.10036699569191423,1.9729192477085586,0.1819366750591287,0.17839091897459372,0.1857963588158999,0.18050407660355428,0.1778013042683258,0.18339343456647883,1.8050407660355428,0.16642992294193942,0.16330370603494315,0.1697077306019684,0.32188775649835105,0.31773584664545523,0.3261738573079241,1.6094387824917553,0.14823757843941332,0.1457144848270995,0.15082650441549528,0.44398374402140606,0.4391288590556878,0.4491009912735171,1.4799458134046868,0.13612246480932821,0.13403161724501864,0.1382675950179927,0.5520992785933463,0.5468489562594279,0.5575005187835183,1.3802481964833655,0.12675841614373726,0.12503392802647392,0.12855379894714758,0.6488896702275936,0.643786876314766,0.6541350152489238,1.2977793404551872,0.11899272155761718,0.11758511695861816,0.12047662506103515,0.09560388274281673,0.0941309283364872,0.09720967185878279,0.3656543070542988,0.36181718918246814,0.3696703848243397
suniward_alpha0p5,SUNIWARD,0.5,texture_energy_stego,1000,0.09099484634399414,0.15115789743440905,0.1480889297458526,0.15425337758923138,0.6445983316153885,0.012820960499706494,0.012582559470095409,0.013069647505677231,2.564192099941299,0.23543325705568272,0.23054000762776508,0.2404687643020595,0.02429941739737055,0.023831514339211907,0.02476921560548859,2.429941739737055,0.22324418161007248,0.2185524132010683,0.22798275467378865,0.04590150669600315,0.04501423285947495,0.046824388665580786,2.295075334800158,0.21082471867251573,0.20636800495899293,0.21538404062559602,0.10490324468770847,0.10296066735226593,0.10694565082871932,2.0980648937541693,0.1927300679026474,0.188688065537499,0.1966856507972839,0.19275588899359866,0.18931899117286946,0.19606414626020308,1.9275588899359863,0.1770145342183566,0.17349397840848402,0.1804306229495689,0.345035361003056,0.34009161095751056,0.3498491611158299,1.7251768050152798,0.15833290736043032,0.15562942693928933,0.1609316704495604,0.47654357407185044,0.47074541844651924,0.48220295393817997,1.5884785802395018,0.14566845110181453,0.1434912640031535,0.14785257969558635,0.5911840004294634,0.5850212539887865,0.5972940873128595,1.4779600010736584,0.135408123366839,0.13358266775067232,0.13726714532987466,0.6907145465993585,0.6847834829051723,0.6966731424729647,1.381429093198717,0.12643598175048829,0.12496512737274171,0.12795292987823487,0.10179407579247181,0.09997032653496006,0.10366644590053971,0.3912584458186641,0.3866639834296363,0.39565416032950074
suniward_alpha0p5,SUNIWARD,0.5,uniform,1000,0.09099484634399414,0.09099484634399414,0.09065077838897706,0.09135019750595093,0.5,0.005,0.005,0.005,1.0,0.0909754118993135,0.09063141742944318,0.09133068716628528,0.01,0.01,0.01,1.0,0.09101012209080504,0.09066599637542923,0.09136553290728729,0.02,0.02,0.02,1.0,0.09099276368491321,0.09064870360480641,0.09134810671371352,0.05000000000000001,0.05000000000000001,0.05000000000000001,1.0,0.09099623483634699,0.09065216163118946,0.09135159142061496,0.10000000000000002,0.10000000000000002,0.10000000000000002,1.0,0.09099623483634699,0.09065216163118946,0.09135159142061496,0.20000000000000004,0.20000000000000004,0.20000000000000004,1.0,0.09099449922752674,0.09065043258501974,0.0913498490339316,0.2999999999999999,0.2999999999999999,0.2999999999999999,1.0,0.09099507775644367,0.09065100892641428,0.0913504298221075,0.4000000000000001,0.4000000000000001,0.4000000000000001,1.0,0.09099449922752674,0.09065043258501974,0.0913498490339316,0.5,0.5,0.5,1.0,0.09099484634399414,0.09065077838897706,0.09135019750595093,0.05000000000000002,0.05000000000000002,0.05000000000000002,0.25,0.25,0.25
suniward_alpha0p5,SUNIWARD,0.5,wavelet_energy_cover,1000,0.09099484634399414,0.1255203300647539,0.12320097369012625,0.12785026504475708,0.5897731263323667,0.009088702259943295,0.008884705891329302,0.009295555612363515,1.8177404519886589,0.16784668192219682,0.1635671243325706,0.17221119374523264,0.01767846718279524,0.017298264191301142,0.018062031838522268,1.7678467182795243,0.1633151468904998,0.15923764784433425,0.1674101869515452,0.034331442900104626,0.033617690634570464,0.03504587234911921,1.716572145005231,0.15853271028037383,0.1547884941827198,0.1623489319092123,0.08166894740616018,0.08009662185338721,0.08323459792385972,1.6333789481232035,0.15083871213855196,0.14742147325856414,0.15431336308842605,0.1549847101033207,0.15230908383286257,0.1577820044332141,1.549847101033207,0.14306027313649194,0.14001938277256426,0.14611125925078206,0.28836417171351764,0.2840816421492127,0.29268897029601215,1.441820858567588,0.13291937668084455,0.13046706402944933,0.13544111655763033,0.4083227340978564,0.403209170120014,0.41345165310939674,1.3610757803261881,0.12529682234909653,0.12322084069783706,0.1273991509098076,0.5176869017111768,0.5122782300720543,0.5232001154512538,1.2942172542779418,0.11895549218943716,0.11722315607774324,0.12074912572240555,0.6178299045528718,0.6124004298692437,0.6232160361335755,1.2356598091057436,0.11338473510742188,0.11193005638122559,0.11487455253601074,0.080060365220022,0.07858855427390728,0.08155326988457653,0.33616829601413384,0.3321437426550709,0.3401973135514228
suniward_alpha0p5,SUNIWARD,0.5,wavelet_energy_stego,1000,0.09099484634399414,0.1254318259790908,0.123117180569238,0.1277591890714248,0.5894399835936968,0.009081441070810246,0.008878530177085961,0.009289041101211839,1.8162882141620489,0.16772006102212053,0.16344826468344775,0.17208112128146452,0.017687151456987273,0.017309780095772064,0.0180700691736305,1.7687151456987276,0.16339603204883632,0.1593444677603968,0.16751763639832126,0.03431513892266942,0.03360227656777106,0.03503549535826681,1.715756946133471,0.15846328437917226,0.154735175472058,0.16232023650581726,0.08159918280197212,0.08002971442399652,0.08316592594057459,1.6319836560394423,0.1507146562905318,0.14729925230792706,0.15418067635614557,0.15490453703501292,0.15222882787875652,0.1576971487782793,1.549045370350129,0.14298882276646066,0.1399402084763867,0.14603288986800944,0.28818224345976307,0.28392450530382124,0.29248020538888725,1.4409112172988157,0.1328387724351027,0.13039569989891095,0.1353651128192413,0.40803688469612964,0.4029452970778001,0.4131804919534024,1.360122948987099,0.12521181796218356,0.1231315209236677,0.12731916667726306,0.5173267966245696,0.5119036959767654,0.5228244085895829,1.293316991561424,0.11887465906273247,0.117128077018444,0.12066656740544357,0.6173651095224091,0.6119393956954567,0.6227520874506601,1.2347302190448182,0.11330170440673829,0.11185231513977051,0.11480156002044678,0.08000944357689052,0.07854336453664157,0.08149244535540465,0.3359380383272127,0.3319253043991474,0.3399647069288182
