method,alpha,localizer,n_images,mean_average_precision,ap_ci_lo,ap_ci_hi,mean_roc_auc,floor_ap,oracle_ap,ap_efficiency,mean_recall_at_1,recall_at_1_ci_lo,recall_at_1_ci_hi,mean_lift_at_1,mean_recall_at_5,recall_at_5_ci_lo,recall_at_5_ci_hi,mean_lift_at_5,mean_recall_at_10,recall_at_10_ci_lo,recall_at_10_ci_hi,mean_lift_at_10,mean_recall_at_20,recall_at_20_ci_lo,recall_at_20_ci_hi,mean_lift_at_20,mean_recall_at_30,recall_at_30_ci_lo,recall_at_30_ci_hi,mean_lift_at_30,mean_recall_at_40,recall_at_40_ci_lo,recall_at_40_ci_hi,mean_lift_at_40,mean_recall_at_50,recall_at_50_ci_lo,recall_at_50_ci_hi,mean_lift_at_50
HUGO,0.03,laplacian_residual_cover,100,0.046857989284521076,0.04016332315118128,0.05357453394982345,0.8039030101440484,0.004250030517578125,0.11318521506600432,0.3911312854847366,0.1677318592158634,0.15385780223264295,0.1810665372578903,16.77318592158634,0.40360887794451095,0.38017636030737856,0.4263490584896091,8.07217755889022,0.5389253820527559,0.5136278740779674,0.5633170066349268,5.389253820527558,0.6810558740300577,0.6573996777217711,0.7035835892052653,3.405279370150288,0.7635833829415895,0.7425816987070809,0.7824127519215437,2.5452779431386308,0.8192750549219254,0.8022644292289093,0.8355704115589501,2.0481876373048133,0.8613322970409211,0.8471504842610214,0.8744991018355351,1.7226645940818421
HUGO,0.03,laplacian_residual_stego,100,0.053160502644845925,0.04428120687013473,0.06399410996676624,0.8136545595572724,0.004250030517578125,0.11318521506600432,0.4489869120800459,0.1805552059552146,0.16540186845140434,0.19793218218000452,18.055520595521465,0.42305970922828956,0.39972501450012093,0.44681673176798253,8.461194184565791,0.5575814041544764,0.5340806494939079,0.5809461414273,5.575814041544764,0.6985633803271526,0.6776106616755345,0.7190886532522491,3.4928169016357615,0.7769990723050494,0.7592525442169028,0.7940595866563936,2.5899969076834974,0.8307943058844535,0.8158570497661022,0.8448182347880423,2.0769857647111336,0.8708478576810798,0.8584067074139239,0.8823217210718558,1.7416957153621595
HUGO,0.03,local_variance_cover,100,0.038345791543345914,0.0322352741992088,0.04458073681243863,0.8510617921311817,0.004250030517578125,0.11318521506600432,0.31299126326454074,0.12400515932728824,0.10947819893657515,0.13968490764695968,12.400515932728826,0.3625699141209536,0.3305431113796321,0.3948304044491766,7.251398282419075,0.535342444755979,0.49641071834220735,0.5721862074852594,5.35342444755979,0.7322513656916415,0.6971754935338813,0.7673882058728599,3.6612568284582068,0.839949796512012,0.8116775179648872,0.8666876656311547,2.7998326550400408,0.9061020641640017,0.8850698397291723,0.9248044444530745,2.265255160410004,0.9455548997334081,0.9306640452079978,0.9587145757826167,1.8911097994668162
HUGO,0.03,local_variance_stego,100,0.0383552754649702,0.0322430748324708,0.04459282545697376,0.8512496018438721,0.004250030517578125,0.11318521506600432,0.3130783234890549,0.12394028288083922,0.1094105397492507,0.13967133387635858,12.394028288083922,0.3627543713252229,0.33074144309347003,0.39504593584735037,7.255087426504458,0.5354405938169021,0.4964376391068496,0.5722595072750869,5.354405938169021,0.7323541500047098,0.6972250759165264,0.7674492567759831,3.6617707500235483,0.8401253816579595,0.8119760892348161,0.8667633478199724,2.8004179388598653,0.9064847977119181,0.8855768093112875,0.9251274965743054,2.266211994279795,0.9459695612927771,0.93123606136924,0.9589886842873986,1.8919391225855542
HUGO,0.03,oracle,100,0.11318521506600432,0.1000464632776636,0.1262998410461633,0.9452326385445672,0.004250030517578125,0.11318521506600432,1.0,0.2963594857781994,0.27663218373935206,0.31518251833583677,29.635948577819942,0.6810199038146676,0.6497208443031347,0.7099994846945658,13.620398076293348,0.8353591493971939,0.8090204723803978,0.8593341850305909,8.353591493971939,0.9372176848750605,0.9207031870443185,0.9510496800494642,4.686088424375304,0.9722275108249192,0.9624858137888319,0.980136641297818,3.240758369416397,0.9869477659050544,0.9806872909997439,0.9917128103361565,2.467369414762636,0.9937311517759653,0.9897876949876844,0.99651541212067,1.9874623035519305
HUGO,0.03,srm_residual_cover,100,0.06294431451851656,0.05327805891967253,0.07261853399537445,0.8820127726029718,0.004250030517578125,0.11318521506600432,0.5388000602766354,0.1920243304206413,0.17360179535455283,0.2101307956037836,19.202433042064136,0.49352533266743803,0.45951628748269124,0.5245893709734952,9.870506653348759,0.6547046223607867,0.6188261476389453,0.6863241431076589,6.547046223607867,0.8083016156120933,0.7797479320877165,0.8326405045764316,4.041508078060466,0.882241039113954,0.8611037109632319,0.900339168126985,2.94080346371318,0.9246833330784874,0.9092057567852878,0.9383732314481354,2.3117083326962184,0.9522244297526966,0.9409770453256534,0.9622841629916496,1.9044488595053932
HUGO,0.03,srm_residual_stego,100,0.0679493275317472,0.05786636201926911,0.07863142205178986,0.8897077503040509,0.004250030517578125,0.11318521506600432,0.5847449313848834,0.20243495390175759,0.18412956996949537,0.22116119080704222,20.243495390175767,0.5102272534796627,0.4778689621513346,0.5415869910901417,10.204545069593253,0.6719991614379189,0.639780778383781,0.7029152641959683,6.719991614379188,0.8222216274447035,0.7968406572170091,0.8458706563642999,4.111108137223517,0.8937721321998839,0.8755848968503147,0.9101790719686396,2.9792404406662802,0.9337049010784664,0.9204327053176914,0.9455523792214431,2.334262252696165,0.9588564234490973,0.949703958333764,0.9669353313509487,1.9177128468981945
HUGO,0.03,texture_energy_cover,100,0.06326372605569822,0.053952278700589204,0.07252348619660856,0.8920186279526447,0.004250030517578125,0.11318521506600432,0.5417321849019869,0.1937758535956244,0.17633690498764987,0.21058552027966337,19.377585359562445,0.49576577035003255,0.46419264353899803,0.5249811419080391,9.915315407000652,0.6687026567361397,0.6357934363928137,0.6983388303707878,6.6870265673613964,0.8281967526613394,0.8022715508400502,0.8514062513525077,4.140983763306696,0.9007550004068129,0.8817341265467911,0.917525727250956,3.0025166680227096,0.9413771426526193,0.9276738163656223,0.9531830745488936,2.353442856631548,0.9648132968607647,0.9553889342219829,0.9727833072962632,1.9296265937215293
HUGO,0.03,texture_energy_stego,100,0.06869704744930026,0.05828407982857512,0.07978887147180173,0.898194166918873,0.004250030517578125,0.11318521506600432,0.5916088286707109,0.20443866223174278,0.18605278057506439,0.22405466803897212,20.443866223174272,0.513112050522474,0.48199006801870226,0.5425893440790887,10.262241010449479,0.6853371233176171,0.6545930015487549,0.7140474768721959,6.853371233176169,0.8403594463646372,0.8174029552354032,0.8616146927876868,4.201797231823186,0.9092742316534138,0.8931983479793694,0.923900297013932,3.03091410551138,0.9472919560172376,0.936104436856224,0.9571947220548592,2.3682298900430934,0.9696918753132637,0.96260991275887,0.9762081549299262,1.9393837506265275
HUGO,0.03,uniform,100,0.004250030517578125,0.004120264053344726,0.004364510536193848,0.5,0.004250030517578125,0.11318521506600432,0.0,0.009999999999999998,0.009999999999999998,0.009999999999999998,1.0,0.04999999999999999,0.04999999999999999,0.04999999999999999,1.0,0.09999999999999998,0.09999999999999998,0.09999999999999998,1.0,0.19999999999999996,0.19999999999999996,0.19999999999999996,1.0,0.3,0.3,0.3,1.0,0.3999999999999999,0.3999999999999999,0.3999999999999999,1.0,0.5,0.5,0.5,1.0
HUGO,0.03,wavelet_energy_cover,100,0.013918938893062737,0.011420457528342512,0.01659842646374706,0.6882217631038869,0.004250030517578125,0.11318521506600432,0.08875836044676991,0.04984644988801332,0.04221604218519034,0.05793816253102542,4.984644988801332,0.17757584339451582,0.15601550366626354,0.20036633714229016,3.551516867890318,0.2873926696221886,0.2576961112743672,0.316825586195187,2.873926696221885,0.45078884838611555,0.4161159948654382,0.48436905738829705,2.2539442419305784,0.5737259310152102,0.5406580605936863,0.6051817838905601,1.9124197700507009,0.6725771484487914,0.6421175803601165,0.7016483083223685,1.6814428711219784,0.7540206858754308,0.7277585774772997,0.7790950479658528,1.5080413717508616
HUGO,0.03,wavelet_energy_stego,100,0.013954308198738467,0.011454310628222716,0.016666044037948104,0.6886698146704822,0.004250030517578125,0.11318521506600432,0.08908304255771825,0.05006286697602346,0.04244839159134137,0.05822074695727125,5.006286697602346,0.17762239339825625,0.1559135655529297,0.20038953280080038,3.5524478679651246,0.28810729681195946,0.25820689189286616,0.31779930182800453,2.8810729681195943,0.45107767283821404,0.4165945248573585,0.4846299466156106,2.2553883641910706,0.5742776668998439,0.5411594595980631,0.6056901633601929,1.9142588896661465,0.673481284417951,0.6430595415997943,0.7024590266012056,1.6837032110448777,0.7547720431484892,0.7283215535950005,0.7796842210465026,1.5095440862969784
HUGO,0.05,laplacian_residual_cover,100,0.0607461990296163,0.053131944315900785,0.06812437843182756,0.7895076385108958,0.007500991821289062,0.13534113982737386,0.41649832262234965,0.1383921751354422,0.12777363101236233,0.14852060841471298,13.839217513544218,0.36346120366866,0.3425052123721574,0.3840776753958072,7.2692240733731985,0.5033474678178086,0.4790275957696389,0.5268216296424777,5.033474678178085,0.6533945354171133,0.6293584133173438,0.6763995121785721,3.2669726770855663,0.7421346696172406,0.7210591578848098,0.7617830030554854,2.4737822320574683,0.8024926648005898,0.7848883073747911,0.818618798978191,2.006231662001474,0.8484106653662025,0.8338499729817783,0.8617496449101875,1.696821330732405
HUGO,0.05,laplacian_residual_stego,100,0.06878988087326596,0.05858205532302269,0.08086245242762155,0.8006486727725479,0.007500991821289062,0.13534113982737386,0.4794181640736189,0.15120648497384298,0.13831146928808888,0.16609875999579657,15.120648497384302,0.38434274846516525,0.3623645325929072,0.40665612681480295,7.686854969303301,0.5242005851529365,0.500962712060104,0.5476242507509329,5.242005851529365,0.6735621243519918,0.6524348270551869,0.6939000777284233,3.367810621759959,0.7587285472602596,0.7402837090953781,0.7761852337318351,2.529095157534199,0.8163659523478779,0.8005766562206543,0.8310513468143551,2.040914880869695,0.8599352852856004,0.8470717795989684,0.8718519729001408,1.7198705705712007
HUGO,0.05,local_variance_cover,100,0.05184076063436208,0.0445706346144552,0.059131303697345414,0.8365700698384192,0.007500991821289062,0.13534113982737386,0.34683758979192186,0.10221122329840107,0.09109799424665219,0.11395686587492965,10.221122329840103,0.3204076460057293,0.29338424748707187,0.3476914077397923,6.408152920114585,0.4913530763813752,0.45574033057727004,0.5249480095718646,4.9135307638137515,0.6974124661091449,0.6622186618132893,0.7323899830788224,3.487062330545724,0.8153126752962256,0.78563978779485,0.8424414558241019,2.7177089176540865,0.8893666907278033,0.866822560183686,0.909095865484577,2.2234167268195084,0.9352818134740416,0.9193808062708054,0.949661083971617,1.8705636269480832
HUGO,0.05,local_variance_stego,100,0.051855022198692015,0.04458524370388139,0.05914145746331342,0.836758935584898,0.007500991821289062,0.13534113982737386,0.3469491475814924,0.10221361857003014,0.09107340533571268,0.11400932535280148,10.221361857003014,0.32057737206312525,0.2935902267850392,0.3478393862583713,6.411547441262503,0.49152026431326085,0.4559167686785566,0.5250230824796446,4.915202643132608,0.697628502947591,0.6622970388776677,0.7324933687770393,3.488142514737955,0.815502674716561,0.7859619382156459,0.8425901861873437,2.718342249055203,0.889630728000936,0.8670849828065335,0.9094588896778834,2.22407682000234,0.9356141780913511,0.9197123281703716,0.9497968665533761,1.8712283561827021
HUGO,0.05,oracle,100,0.13534113982737386,0.12103593863361405,0.14864882036265115,0.9319803728769149,0.007500991821289062,0.13534113982737386,1.0,0.22992719296478129,0.21600624473710112,0.24320853600621892,22.992719296478136,0.6023935841744539,0.5730582083786433,0.6304476675757418,12.047871683489072,0.7807139476136308,0.7530413340906474,0.8065347784371721,7.807139476136308,0.9114744126325455,0.8929463541629964,0.9276664104041108,4.557372063162726,0.9587140693514604,0.946869193001041,0.9686596697260463,3.195713564504868,0.9801358469159999,0.972697401810029,0.9861698383792282,2.4503396172899996,0.9902176107300856,0.9853391043035244,0.9938888155696063,1.9804352214601713
HUGO,0.05,srm_residual_cover,100,0.08035092836639533,0.06973411850771877,0.09058188099887735,0.8662088778840742,0.007500991821289062,0.13534113982737386,0.5698517850717666,0.15438001644204877,0.1405680419807475,0.16753466110943047,15.438001644204876,0.43641999713700963,0.40628433782804413,0.46414520980589113,8.728399942740193,0.6056575121704241,0.5723490879722019,0.6363409156677697,6.056575121704238,0.7748475895184009,0.7457328891247569,0.8009499057086202,3.8742379475920052,0.8592168504651131,0.8369588757908625,0.8790630646676858,2.8640561682170436,0.9086935952116815,0.8915880511147043,0.923843761008184,2.2717339880292036,0.9419010424741961,0.9295662068265582,0.9529684401470999,1.8838020849483923
HUGO,0.05,srm_residual_stego,100,0.08663850547305005,0.07547785879759093,0.09847962272635218,0.8752872336363915,0.007500991821289062,0.13534113982737386,0.6190349032449045,0.16371666897720732,0.14994100474483965,0.1783895057718013,16.371666897720733,0.45496972547207387,0.42608669085666223,0.48284593537002946,9.099394509441476,0.6255030078025904,0.593809708495904,0.6554860178053815,6.255030078025904,0.7912905590662733,0.7648330819081871,0.815956051492141,3.9564527953313653,0.8727400228352793,0.8530066905462858,0.8909863049293978,2.9091334094509325,0.9197577853212755,0.9050672870421262,0.933049722377428,2.2993944633031886,0.9497432188078665,0.9393583677076841,0.9591085021852097,1.899486437615733
HUGO,0.05,texture_energy_cover,100,0.08034500963107429,0.0702002614464522,0.0901616430734315,0.8759338513701986,0.007500991821289062,0.13534113982737386,0.5698054871331818,0.15562076586928247,0.1429557005776232,0.1679277434091311,15.56207658692825,0.43793794657635515,0.41048127400684553,0.46399263558123843,8.758758931527101,0.6166282466493265,0.5850520641816851,0.6450060363187254,6.1662824664932625,0.79226494133105,0.7649746314798169,0.8161635465778414,3.96132470665525,0.8771762310678892,0.8566473697550768,0.895732820659363,2.923920770226297,0.9253129553462025,0.9103946865063817,0.9387430763507808,2.3132823883655056,0.9548175240817836,0.9443004079320955,0.9642029559337892,1.909635048163567
HUGO,0.05,texture_energy_stego,100,0.08743024895833804,0.0757223188605119,0.09999945853760579,0.8829397913409214,0.007500991821289062,0.13534113982737386,0.6252281336004444,0.16685628292795035,0.15262504358389906,0.18266255972234197,16.685628292795037,0.45622218343178084,0.4287910263179094,0.48281319303095177,9.124443668635617,0.6343134915362494,0.6052160844876087,0.6621723541552962,6.343134915362493,0.8065288501188289,0.7828997478887064,0.8290438573405536,4.032644250594144,0.8876728991810608,0.8698831028507619,0.9036912073591107,2.9589096639368684,0.932697679858626,0.9205164814062371,0.94401687964141,2.331744199646565,0.9598494407977046,0.951521332343878,0.9675553990573844,1.9196988815954092
HUGO,0.05,uniform,100,0.007500991821289062,0.007278233528137207,0.00770667552947998,0.5,0.007500991821289062,0.13534113982737386,0.0,0.009999999999999998,0.009999999999999998,0.009999999999999998,1.0,0.04999999999999999,0.04999999999999999,0.04999999999999999,1.0,0.09999999999999998,0.09999999999999998,0.09999999999999998,1.0,0.19999999999999996,0.19999999999999996,0.19999999999999996,1.0,0.3,0.3,0.3,1.0,0.3999999999999999,0.3999999999999999,0.3999999999999999,1.0,0.5,0.5,0.5,1.0
HUGO,0.05,wavelet_energy_cover,100,0.021726931451070793,0.0181520528951103,0.025593545755896757,0.6809024047237204,0.007500991821289062,0.13534113982737386,0.11127912359038115,0.044289038722140316,0.03774265486938025,0.050939259882286154,4.428903872214032,0.16459037506150434,0.14572303049523538,0.18479659632705178,3.291807501230087,0.2724597472619904,0.2452796602996865,0.29925761414681445,2.7245974726199034,0.43585100310701774,0.40307167435750835,0.4677774637457159,2.1792550155350883,0.5605069701261735,0.5287646842561169,0.5913589111318324,1.8683565670872442,0.6616978303814762,0.6323007716128238,0.6902612726641892,1.6542445759536912,0.7461379175353647,0.7203554498085574,0.7712253043569092,1.4922758350707295
HUGO,0.05,wavelet_energy_stego,100,0.021791045564075285,0.01820837535475212,0.025662895074051038,0.6814188256347232,0.007500991821289062,0.13534113982737386,0.11178064141560645,0.04458535816264782,0.03813500365845789,0.051215123323259115,4.458535816264782,0.16471351188014322,0.14559815677728946,0.1848699232905796,3.294270237602863,0.27294399277699133,0.2457940444485715,0.29995392007088195,2.729439927769913,0.4366672889086162,0.40391587758198155,0.4682717218019824,2.1833364445430807,0.5612166504477799,0.5293375194440582,0.5919041208737568,1.8707221681592667,0.6623735493025741,0.6328683799881732,0.6911297053519496,1.6559338732564353,0.7465662490380484,0.7206583829770091,0.7715408929781172,1.4931324980760967
HUGO,0.1,laplacian_residual_cover,100,0.08801252941350324,0.07903327320314212,0.09722498187158102,0.7667902587976516,0.016312599182128906,0.17300543733476478,0.4575826890156319,0.1012406686392129,0.09481570224377926,0.10756740438782582,10.124066863921291,0.3042607742607075,0.2874633560351906,0.32120692786240057,6.085215485214152,0.4454157818915971,0.42331517078065317,0.46693806975323365,4.454157818915971,0.6071500527026764,0.583315859191174,0.6295963607937201,3.035750263513382,0.7061205729379707,0.6846260824856346,0.7257479947422969,2.353735243126568,0.7747397120786759,0.7561270399543449,0.7914901734841007,1.9368492801966894,0.8273515216003149,0.8117363941091655,0.8412628396684527,1.6547030432006298
HUGO,0.1,laplacian_residual_stego,100,0.09887058039869207,0.08701386370079763,0.1127257268198532,0.7806337750355398,0.016312599182128906,0.17300543733476478,0.5268778215386124,0.11226982775909138,0.1030243619931269,0.12419304729118649,11.226982775909134,0.32601234034783766,0.3077519444474604,0.3453377044964769,6.520246806956752,0.4696489986506254,0.4486659051412865,0.4916612498769047,4.696489986506253,0.6309177980887071,0.6100098762626811,0.6516237642703733,3.154588990443535,0.7272544961669622,0.7089838046971672,0.7453670516894697,2.424181653889874,0.7925574036709722,0.7767649410315071,0.8077126922867566,1.98139350917743,0.8425891495459656,0.8295367041024613,0.8551651888214887,1.6851782990919313
HUGO,0.1,local_variance_cover,100,0.07926785234265879,0.07014981291303146,0.08833893006101713,0.8133373990076396,0.016312599182128906,0.17300543733476478,0.4017749241302568,0.07508413698641926,0.06805827013136724,0.08232121181701399,7.508413698641928,0.2618228910718418,0.24113446800608013,0.2818671284137838,5.2364578214368365,0.4242398237943633,0.39501907188989843,0.45230658661943623,4.242398237943632,0.6398104010230768,0.6067629201309771,0.6722606448346213,3.1990520051153832,0.772339305383067,0.7428541991773684,0.7993093775627377,2.57446435127689,0.8590786076040574,0.8358943616882516,0.8799843157949936,2.147696519010143,0.9153119675805763,0.8979769692822674,0.9307241115641602,1.8306239351611526
HUGO,0.1,local_variance_stego,100,0.07929228622861068,0.07017404489001174,0.08836111321470914,0.8135292621492376,0.016312599182128906,0.17300543733476478,0.40193085905517073,0.07505868605124663,0.06802070474365439,0.08228383433616678,7.505868605124664,0.26182628150622894,0.2411374404699126,0.2818839377324389,5.236525630124579,0.42430751336963696,0.39517609616590427,0.4523431232621675,4.24307513369637,0.6400427507527798,0.6070288477195088,0.6723820833886281,3.2002137537638986,0.7725189214871372,0.7430626424260656,0.7994347382149589,2.5750630716237906,0.8593347841448772,0.8362313828918289,0.8800947552985284,2.1483369603621933,0.9156201820110733,0.8985526992405034,0.9309034303496794,1.8312403640221466
HUGO,0.1,oracle,100,0.17300543733476478,0.15710728469831348,0.18795408591055293,0.9080566497257365,0.016312599182128906,0.17300543733476478,1.0,0.15259132744491324,0.14492041780717688,0.15991509008339896,15.259132744491327,0.47690086739025156,0.45368768870516935,0.49873654337169643,9.538017347805031,0.6780972760982574,0.6517330203560145,0.7030911578549268,6.780972760982573,0.8550780607921519,0.8333716781136606,0.8740117764980355,4.275390303960759,0.9282555791623543,0.9133862413689601,0.9412671460365267,3.094185263874514,0.9635139199057596,0.9536045773890157,0.9719761759031867,2.408784799764399,0.9813867119925974,0.9748151645026224,0.9866715123030712,1.9627734239851948
HUGO,0.1,srm_residual_cover,100,0.11293102751252979,0.10032467003503719,0.12517862162808266,0.8400141172772361,0.016312599182128906,0.17300543733476478,0.6166103663033023,0.10946465377433455,0.10127311025398099,0.1171421232359715,10.946465377433455,0.35322225521584644,0.3305209674835636,0.3746083325736248,7.064445104316926,0.5259252695599222,0.49621659344458374,0.5534532477266688,5.259252695599221,0.7150795006143259,0.6866293270647496,0.7412551659250204,3.5753975030716294,0.8163165816323061,0.7931579721264611,0.8381990194504854,2.7210552721076864,0.879120934896113,0.8610157371374216,0.8962314690544024,2.1978023372402826,0.9214298858768334,0.9077235037793624,0.93416408915212,1.8428597717536668
HUGO,0.1,srm_residual_stego,100,0.12147343365591716,0.10841047384927965,0.13453917394805384,0.8512621668260201,0.016312599182128906,0.17300543733476478,0.6711272558057194,0.11703841730387778,0.10827872749360684,0.12653349608185052,11.703841730387776,0.37090574908663787,0.34813168254437454,0.3928793156266196,7.418114981732757,0.5479954751324628,0.5205412047076399,0.5751077684435639,5.479954751324628,0.736125320610925,0.709863047269659,0.7610443133719434,3.680626603054625,0.8343013641241227,0.8132924448853054,0.8541447087383067,2.781004547080408,0.8937338403007175,0.877589787607564,0.9084500486431696,2.2343346007517932,0.9325275724488155,0.9208700701811675,0.9433292512105821,1.865055144897631
HUGO,0.1,texture_energy_cover,100,0.11267382767030006,0.1007718187047991,0.12426036731737918,0.8492499877932409,0.016312599182128906,0.17300543733476478,0.614968939386399,0.11043039326539261,0.10291721880327544,0.117692982264867,11.043039326539263,0.3539679695237154,0.33339777348748334,0.37359889245245176,7.07935939047431,0.5322175434607467,0.5050359332446509,0.5575624992290967,5.322175434607466,0.728529397230794,0.7018790796927517,0.753252692762749,3.642646986153969,0.833209469174445,0.8110845222228453,0.8537028728092598,2.777364897248151,0.896070860732913,0.8796872876034199,0.911560194209454,2.240177151832282,0.935193350628632,0.9232131374641636,0.9462581567868643,1.870386701257264
HUGO,0.1,texture_energy_stego,100,0.1222859267744088,0.10914846037826355,0.13670173597123011,0.8583542987715821,0.016312599182128906,0.17300543733476478,0.6763125158856995,0.11956393002103466,0.11001142265482304,0.13106759019967107,11.956393002103468,0.37315168566466506,0.35152856218534023,0.39498288500967527,7.4630337132933,0.5533453882795779,0.5273071621464951,0.5784618741288056,5.533453882795779,0.7474125859301967,0.7230852625924187,0.7710308096832382,3.7370629296509836,0.8482313601177457,0.8291698678411569,0.8663956860802432,2.827437867059152,0.9063850763027225,0.892269144289951,0.9198000499586049,2.265962690756806,0.9429243217482766,0.9327682063126608,0.9525187294344049,1.8858486434965531
HUGO,0.1,uniform,100,0.016312599182128906,0.015863653182983398,0.016748059272766114,0.5,0.016312599182128906,0.17300543733476478,0.0,0.009999999999999998,0.009999999999999998,0.009999999999999998,1.0,0.04999999999999999,0.04999999999999999,0.04999999999999999,1.0,0.09999999999999998,0.09999999999999998,0.09999999999999998,1.0,0.19999999999999996,0.19999999999999996,0.19999999999999996,1.0,0.3,0.3,0.3,1.0,0.3999999999999999,0.3999999999999999,0.3999999999999999,1.0,0.5,0.5,0.5,1.0
HUGO,0.1,wavelet_energy_cover,100,0.03964386484077554,0.03406247004313958,0.04561616475257533,0.6691762243835707,0.016312599182128906,0.17300543733476478,0.14889809855840025,0.036863881606726774,0.03234292562483265,0.0416734170167687,3.686388160672678,0.1451927892132834,0.12974094106947384,0.16117996745442287,2.9038557842656676,0.2494933153637102,0.2260180005868317,0.27273372177018596,2.494933153637102,0.41224278968069533,0.382749441956572,0.4414191061722009,2.0612139484034757,0.5391966640089653,0.5097279284890938,0.5689168631013507,1.797322213363218,0.643984983783609,0.6163692415462522,0.671788815102187,1.6099624594590225,0.7313973656525286,0.7066744665278843,0.7560403779607967,1.462794731305057
HUGO,0.1,wavelet_energy_stego,100,0.03976064104939854,0.03417296404138903,0.04577813936377548,0.6699314116255501,0.016312599182128906,0.17300543733476478,0.1496433541169807,0.036974755988057086,0.032481980355608765,0.04173115903208767,3.6974755988057084,0.14537004140716558,0.1298258369875706,0.1614103406145906,2.9074008281433117,0.25039489018863487,0.22688214604407242,0.27338462198923696,2.503948901886348,0.41345501587282535,0.38404918041659236,0.44228275894711033,2.0672750793641264,0.5401547947318239,0.5108123129520696,0.5697422214096616,1.8005159824394132,0.6450028285108884,0.6174302373957751,0.6723861582296258,1.6125070712772214,0.7322794896373073,0.7076920421218891,0.757066159818858,1.4645589792746145
HUGO,0.2,laplacian_residual_cover,100,0.13031594662996912,0.11928267648803949,0.14151176650364983,0.7382948763740512,0.03604438781738281,0.22191404211524676,0.5071917692465935,0.06914108101040731,0.06564592707735582,0.07255519272393926,6.914108101040732,0.2374903780145857,0.22562721220252574,0.24902346059890537,4.749807560291715,0.37333413058287135,0.35525190950057095,0.39033287711451464,3.7333413058287124,0.5455201699500943,0.523726097960647,0.5655322662539912,2.7276008497504716,0.6564789952435585,0.6355484407177604,0.6752809690905118,2.1882633174785284,0.7359757373399423,0.7170853496001359,0.7524214670421597,1.8399393433498556,0.7975584379002746,0.781657992328058,0.8117125850424669,1.5951168758005492
HUGO,0.2,laplacian_residual_stego,100,0.1457299616309907,0.13239280199433526,0.16114862359865179,0.7561030885503022,0.03604438781738281,0.22191404211524676,0.5901209330159518,0.07674621226421864,0.07170406899547468,0.083328189407204,7.674621226421864,0.2591871507157472,0.24477076813095636,0.27530192874721376,5.1837430143149446,0.4010157172246597,0.3829638200720802,0.4201413740425148,4.010157172246596,0.5755872125800814,0.5560079773933191,0.595745254001953,2.8779360629004067,0.684098422992405,0.6655781496278621,0.7025197507126804,2.280328076641349,0.7600752045060575,0.7439671296187179,0.7756983477699545,1.9001880112651437,0.8172724178225588,0.8039741028329173,0.8301441685438284,1.6345448356451175
HUGO,0.2,local_variance_cover,100,0.1236615155384568,0.11242034527947825,0.1352636340376104,0.7830444052442842,0.03604438781738281,0.22191404211524676,0.47139016883661844,0.05283352944604744,0.04879808999943979,0.05688819317113903,5.2833529446047445,0.20328512798428505,0.1892517267501757,0.21685241438239553,4.0657025596857,0.34780416992832025,0.32598256950584725,0.36879699324544163,3.478041699283202,0.5622209229732246,0.5328559339178851,0.5901527095084508,2.8111046148661227,0.7088895695137617,0.6816595558200409,0.7354724354473537,2.3629652317125394,0.8111772154199979,0.7878795406319853,0.8325676766377105,2.0279430385499952,0.8822327389928859,0.8633938321922024,0.8987293259655023,1.7644654779857718
HUGO,0.2,local_variance_stego,100,0.12370002916995132,0.11245670661792187,0.13532078556846286,0.7832619409753981,0.03604438781738281,0.22191404211524676,0.4715973765792702,0.05283981170097338,0.0488241467199489,0.056885926383215824,5.283981170097338,0.20330740417086587,0.18930778182894586,0.21688062107711853,4.066148083417318,0.34793025022928264,0.32616650067424985,0.36893497592097163,3.4793025022928252,0.562384085226682,0.5331052619317379,0.5902398576463568,2.81192042613341,0.7091422519149853,0.6819547878325435,0.7357264520957604,2.363807506383285,0.811545796263609,0.7883818607863711,0.8328741129833265,2.028864490659023,0.882471972322504,0.863709122223664,0.8989473114550486,1.764943944645008
HUGO,0.2,oracle,100,0.22191404211524676,0.20523439400733573,0.23773743448433896,0.8737424100754605,0.03604438781738281,0.22191404211524676,1.0,0.09370602272257383,0.08999819789430495,0.09711192796399967,9.370602272257383,0.34191813075367994,0.32734535120444774,0.35542411947187863,6.838362615073598,0.538860941269829,0.5174387749462862,0.5589355301389798,5.38860941269829,0.7589111648272323,0.7368825717334129,0.7798184326482792,3.794555824136162,0.8688166624084909,0.8511076605548369,0.8850524343636573,2.896055541361636,0.9286566436173352,0.9157605390034667,0.9400361097409946,2.321641609043338,0.9615093685396756,0.9522910126479968,0.9693510767003356,1.9230187370793512
HUGO,0.2,srm_residual_cover,100,0.16011437732715167,0.1463334805391056,0.1745610716013333,0.8055238095702261,0.03604438781738281,0.22191404211524676,0.667510734759002,0.07277571803731772,0.06848284060747083,0.07667267546046584,7.277571803731771,0.26580572395269064,0.25055206175702804,0.2798384389928273,5.316114479053812,0.4275065729962634,0.4050904271711362,0.44881890334330793,4.275065729962634,0.6300735582547009,0.6043238272223983,0.6551255127519329,3.150367791273504,0.7520721342567868,0.7290810569160701,0.7745638836069807,2.5069071141892887,0.8326115822969129,0.8133861690014613,0.8510093957454584,2.0815289557422822,0.8883071257570404,0.8730669368340717,0.9026600353223482,1.7766142515140808
HUGO,0.2,srm_residual_stego,100,0.17199288481609656,0.15770910156005166,0.1864751513567701,0.8198639414122391,0.03604438781738281,0.22191404211524676,0.7314184637200141,0.0778685712965026,0.07307900193374892,0.08319446075918312,7.786857129650261,0.28111168516944496,0.2658599402457845,0.29594144143306556,5.622233703388897,0.44970464186112763,0.4283968271966274,0.4709572702536137,4.497046418611277,0.6562669597377067,0.6319480266003423,0.6800154286585887,3.281334798688533,0.775919233674789,0.7546828014449732,0.7963929535841989,2.58639744558263,0.8525017768248279,0.83515438522078,0.869000732533262,2.1312544420620694,0.9041096733554491,0.8904350044186112,0.9169052071802052,1.8082193467108982
HUGO,0.2,texture_energy_cover,100,0.15982657208500972,0.14643303071334515,0.17323935015294292,0.8141508617354623,0.03604438781738281,0.22191404211524676,0.6659623096369499,0.07306529782724316,0.0691786638166749,0.07676162895417304,7.306529782724316,0.2655126434818631,0.2516965537429181,0.27806592428132443,5.31025286963726,0.429923330606805,0.40956039389670024,0.44995674028083454,4.29923330606805,0.6396876037135015,0.6150750189600137,0.6636866637090367,3.198438018567507,0.7664879572437131,0.7444736737688264,0.7875313909746202,2.5549598574790435,0.8484991689338323,0.8303488642346724,0.8654986805267105,2.121247922334581,0.902567758089597,0.8886433732100487,0.9157543000235241,1.805135516179194
HUGO,0.2,texture_energy_stego,100,0.17324949335125786,0.15864521496678105,0.1890752708025144,0.8265166714231139,0.03604438781738281,0.22191404211524676,0.7381791613707857,0.07897381982332698,0.07383310286300547,0.08526235195877137,7.8973819823327,0.2831516973849755,0.2674741121155563,0.2997809613180749,5.663033947699509,0.4531056562608546,0.4319077768380422,0.4738190551301616,4.531056562608545,0.6648261258515348,0.6413542833037917,0.6873456836184767,3.324130629257674,0.7876714345508588,0.7677182052103254,0.8069991542640336,2.6255714485028623,0.8645555377504921,0.8486808149428193,0.8797446692288935,2.161388844376231,0.9145019960288058,0.9026003455475362,0.9258476144520931,1.8290039920576115
HUGO,0.2,uniform,100,0.03604438781738281,0.03519126415252685,0.03692395496368408,0.5,0.03604438781738281,0.22191404211524676,0.0,0.009999999999999998,0.009999999999999998,0.009999999999999998,1.0,0.04999999999999999,0.04999999999999999,0.04999999999999999,1.0,0.09999999999999998,0.09999999999999998,0.09999999999999998,1.0,0.19999999999999996,0.19999999999999996,0.19999999999999996,1.0,0.3,0.3,0.3,1.0,0.3999999999999999,0.3999999999999999,0.3999999999999999,1.0,0.5,0.5,0.5,1.0
HUGO,0.2,wavelet_energy_cover,100,0.0729026812857145,0.06484666178777826,0.08179985727121619,0.6546174098274471,0.03604438781738281,0.22191404211524676,0.19830183473233734,0.02970852865915699,0.026654141397899053,0.03281595920373146,2.9708528659156985,0.12425085367102427,0.11301921142151648,0.13542473874210087,2.4850170734204857,0.22161845069566294,0.20342204164229064,0.2396655214673093,2.2161845069566293,0.3808559372497475,0.3567728581607669,0.4053842660243923,1.904279686248737,0.5099120457687537,0.4843588461261805,0.5364697497567663,1.699706819229179,0.6185412349564761,0.5936846520345486,0.6435028640925989,1.5463530873911902,0.7108654198373726,0.6876579232509938,0.7335901714046966,1.4217308396747452
HUGO,0.2,wavelet_energy_stego,100,0.07313703840968613,0.06503897491439936,0.08195865871670022,0.6556221458878401,0.03604438781738281,0.22191404211524676,0.19956270286520675,0.02975403661070035,0.02668400272872801,0.03289701567362984,2.975403661070035,0.12456251213127406,0.11319897212261958,0.13582385419619994,2.491250242625481,0.222473421126487,0.2044218066402243,0.24033543301092808,2.2247342112648694,0.3821904852513389,0.3580534759290765,0.4067072135145168,1.9109524262566948,0.5111356802760739,0.48558290350272676,0.5374163330471536,1.7037856009202468,0.6200052239722111,0.5950025546641575,0.6449949287644324,1.550013059930528,0.712263352364348,0.6893451436790418,0.7352934911329739,1.424526704728696
HUGO,0.3,laplacian_residual_cover,100,0.16522160313730022,0.15297507900264493,0.17707553277162977,0.7184657982248343,0.05773975372314453,0.2576945323162758,0.5375307865627965,0.05325645247747179,0.05095919401485574,0.05542378170657987,5.325645247747179,0.19798152172765607,0.1889956752402606,0.20652882875972153,3.9596304345531212,0.3257627177661455,0.31112105132287005,0.33938941698693803,3.2576271776614556,0.5005147526512665,0.48114131072954075,0.5187266459555988,2.502573763256333,0.6188187810091201,0.5991784924051591,0.6362897344484323,2.0627292700304007,0.7055543705162763,0.6872926542992268,0.7214671360129867,1.7638859262906916,0.7736741693227362,0.7580464159067491,0.7875412395839707,1.5473483386454725
HUGO,0.3,laplacian_residual_stego,100,0.18462559077671892,0.17057866508273792,0.20080866198148273,0.7399334772404916,0.05773975372314453,0.2576945323162758,0.634572666611595,0.058683088732517215,0.05555042295575424,0.0627229430139874,5.868308873251721,0.2186485422787266,0.2065805261254351,0.23303198339313608,4.372970845574532,0.3541519576061777,0.33850239201907234,0.3715032372041979,3.5415195760617775,0.5346819567655793,0.5165561165690248,0.5539499750335982,2.6734097838278954,0.6518745581840293,0.6337007843086142,0.66999351083026,2.172915193946764,0.7349808334629117,0.7190545864319978,0.7507204807354161,1.837452083657279,0.7986142078282036,0.7852595757358216,0.8117281116038166,1.5972284156564072
HUGO,0.3,local_variance_cover,100,0.1610971087763757,0.14869864008299455,0.17406808982825275,0.7612521144621018,0.05773975372314453,0.2576945323162758,0.5169036508176836,0.04193662322222471,0.039177068899723215,0.04468232153558051,4.193662322222471,0.17025501465315668,0.1600311030664336,0.18047051682192128,3.4051002930631324,0.3009453754389095,0.2837767221150105,0.31746495637556704,3.0094537543890936,0.5073973442124454,0.4828550757330318,0.5313721661902561,2.536986721062227,0.6593945661041007,0.6347154523110174,0.6832249812059464,2.1979818870136696,0.7711980589901848,0.7489898444758705,0.7923418002792598,1.927995147475462,0.8529836378398516,0.8343555636261425,0.8703533659523133,1.7059672756797033
HUGO,0.3,local_variance_stego,100,0.16115482640106568,0.14876875623455832,0.17413202616253287,0.7614967129375492,0.05773975372314453,0.2576945323162758,0.5171923042076955,0.041937959686736005,0.03917442734042113,0.044694223389032194,4.193795968673601,0.1702734293629657,0.1600341574584224,0.18048616162682246,3.4054685872593145,0.3010614399698793,0.28387268604054944,0.3176285964828341,3.0106143996987917,0.5075583987704526,0.4830308073664252,0.5314709557625779,2.5377919938522626,0.6596178874801503,0.6350899493202244,0.6834242366077811,2.1987262916005013,0.7715085095408525,0.7493480713983695,0.7925719826674997,1.928771273852131,0.8532961093248217,0.834749238204806,0.870586140988001,1.7065922186496434
HUGO,0.3,oracle,100,0.2576945323162758,0.24126947327493675,0.2733721644794523,0.8471661254047459,0.05773975372314453,0.2576945323162758,1.0,0.06821892425463595,0.06602041651492983,0.07024447548475674,6.821892425463594,0.26817681787805664,0.2583820944712863,0.2773483223503021,5.363536357561133,0.4468684564368125,0.4307996636760987,0.46192511258502394,4.4686845643681234,0.6779629335090073,0.6576943699235753,0.697606066853808,3.389814667545037,0.8116584915712162,0.7934786719681791,0.8287083186923123,2.705528305237387,0.8915912411507496,0.8770909444233649,0.9048083778359866,2.228978102876874,0.9391461954574075,0.9284527763465895,0.9486026262200471,1.878292390914815
HUGO,0.3,srm_residual_cover,100,0.19708853281091213,0.18256592587793583,0.2119635620245436,0.7806366547054008,0.05773975372314453,0.2576945323162758,0.6969014697633958,0.05549362642748396,0.05269714951174547,0.05798231253903854,5.549362642748398,0.21639251894506611,0.20547435944152015,0.22629731483418897,4.327850378901322,0.36409612473071484,0.3467707221617664,0.38087098832283506,3.640961247307148,0.5674213854694209,0.5451713666536385,0.5892746686512035,2.837106927347104,0.7002010557141672,0.6787621792377292,0.7213395032491604,2.334003519047224,0.7931479440072488,0.7737027878601022,0.8117325903524083,1.9828698600181216,0.8597064102411259,0.8434134799162083,0.8747868277505837,1.7194128204822519
HUGO,0.3,srm_residual_stego,100,0.2116208850790665,0.1967730932241901,0.22655105221924424,0.7975491853865588,0.05773975372314453,0.2576945323162758,0.7695796641551632,0.05919366925206695,0.05612870685062121,0.06261308262014052,5.9193669252066945,0.22983471079048684,0.21887715190043608,0.2410283231720224,4.596694215809737,0.3850765201637297,0.36836804525216943,0.40213195222731757,3.850765201637297,0.5953233169846464,0.5737012619944601,0.6168280088767925,2.9766165849232316,0.7277921322648692,0.7072332190364176,0.7479015933230269,2.425973774216231,0.8176007255601507,0.7994649965039895,0.8347565366756544,2.044001813900377,0.8797497586520312,0.8649176323250797,0.8935053021270772,1.7594995173040624
HUGO,0.3,texture_energy_cover,100,0.19701091270312152,0.1831125793903553,0.2108312709426837,0.7888471094002916,0.05773975372314453,0.2576945323162758,0.696513281452335,0.05552080143342433,0.053048603640574295,0.05781684191566045,5.552080143342433,0.2164316538608082,0.20663980693701903,0.22549826662962777,4.328633077216162,0.36580116362972825,0.3499592065589237,0.3814853031877676,3.658011636297281,0.5753095505114195,0.5537895062329257,0.5962336241590878,2.8765477525570975,0.7128169815116772,0.6916696778824808,0.7331584268864481,2.3760566050389245,0.8074133549988961,0.788760727488028,0.8245391031516722,2.0185333874972398,0.8731372624403376,0.8581713520684797,0.8869863434168985,1.7462745248806752
HUGO,0.3,texture_energy_stego,100,0.21348132639464087,0.19837558136327804,0.22983606783665944,0.8042677312011325,0.05773975372314453,0.2576945323162758,0.7788839745030544,0.059734653996661315,0.05653477558799984,0.06357683681719327,5.973465399666131,0.23246892578886655,0.22039147641585377,0.2462605183487045,4.64937851577733,0.3890144710243003,0.3717103913507098,0.40697438074813364,3.8901447102430042,0.6034438276903912,0.5818887340489044,0.6246955024105101,3.017219138451956,0.7389895783646643,0.718978156364833,0.7586197080874438,2.463298594548881,0.8292318776988549,0.8126085747162215,0.8452438314164644,2.073079694247137,0.8898829367340656,0.8767072240883416,0.90251732646659,1.7797658734681312
HUGO,0.3,uniform,100,0.05773975372314453,0.05650245952606201,0.05899558448791504,0.5,0.05773975372314453,0.2576945323162758,0.0,0.009999999999999998,0.009999999999999998,0.009999999999999998,1.0,0.04999999999999999,0.04999999999999999,0.04999999999999999,1.0,0.09999999999999998,0.09999999999999998,0.09999999999999998,1.0,0.19999999999999996,0.19999999999999996,0.19999999999999996,1.0,0.3,0.3,0.3,1.0,0.3999999999999999,0.3999999999999999,0.3999999999999999,1.0,0.5,0.5,0.5,1.0
HUGO,0.3,wavelet_energy_cover,100,0.10420646836110933,0.0947839525105444,0.11425918624443497,0.6438414400753932,0.05773975372314453,0.2576945323162758,0.23238611732563513,0.025638828900242164,0.02338839054231221,0.027921315642364452,2.563882890024217,0.11112446262930653,0.10238951320789064,0.11978096180419698,2.222489252586131,0.20286929796503464,0.18820089515134777,0.21768331247631462,2.028692979650346,0.3580814444993406,0.33770132240440864,0.3791083852576822,1.7904072224967027,0.48759908301277505,0.4650006864542411,0.5107688188646187,1.6253302767092506,0.5984955295440145,0.5758338435100461,0.621232405355218,1.4962388238600364,0.6941983804085862,0.6725164147471864,0.7153738438726074,1.3883967608171723
HUGO,0.3,wavelet_energy_stego,100,0.10453828615007373,0.09508379116526194,0.1145949726739702,0.6450539237901758,0.05773975372314453,0.2576945323162758,0.2340455814869772,0.025660338427218092,0.023372371457233514,0.027969495603173793,2.5660338427218092,0.11146534896096268,0.10276223428160987,0.12017787644105518,2.2293069792192535,0.20356435348909938,0.1890554949996904,0.21819839214345546,2.035643534890993,0.35929866245340697,0.3388203576289138,0.38042587795471083,1.7964933122670346,0.48902074906444165,0.46626713879560633,0.512404883409563,1.6300691635481388,0.6003935896390766,0.5779698549391292,0.6231685966691654,1.5009839740976911,0.696037438063245,0.6745001269723353,0.7172907517172759,1.39207487612649
HUGO,0.4,laplacian_residual_cover,100,0.196692136925152,0.18401216381567428,0.20916216790216216,0.702174263761891,0.08124217987060547,0.2875669236308052,0.559554588317957,0.04350654603804566,0.04192323155999212,0.0449905651263957,4.350654603804566,0.17040404725998518,0.16356080563469774,0.1768764309989007,3.4080809451997025,0.28979980045105835,0.2777119659281328,0.3009185397113923,2.897998004510582,0.46311485073882463,0.4462243509922383,0.47891472200056506,2.315574253694123,0.5856137545947903,0.5674064057006012,0.601652721344129,1.9520458486493015,0.6783596885760014,0.661148059763075,0.6936603483275113,1.695899221440003,0.7523637581179707,0.7371999542959214,0.7659141096980228,1.5047275162359415
HUGO,0.4,laplacian_residual_stego,100,0.21945374676378632,0.2053250507431366,0.23516419061884658,0.7265385856344065,0.08124217987060547,0.2875669236308052,0.6698739296815354,0.047612663074047025,0.04545814800324218,0.050311858500196795,4.761266307404703,0.18837786028394174,0.17933162625637827,0.1995732228873647,3.7675572056788353,0.31756046829209983,0.3040871347463153,0.3327801988609814,3.1756046829209974,0.49972396624575827,0.48254437955217744,0.5182427630599047,2.4986198312287913,0.6229669365993247,0.6057159363457346,0.640734997843547,2.0765564553310822,0.7122974978521067,0.6965605521778309,0.7279445647959378,1.7807437446302663,0.781345733144573,0.7678874413351251,0.7944535653029017,1.562691466289146
HUGO,0.4,local_variance_cover,100,0.19533833452734306,0.1822350430452605,0.20870963234614806,0.7434469993701103,0.08124217987060547,0.2875669236308052,0.5529930757570477,0.03520023281228087,0.03319101220586798,0.037220375488248456,3.520023281228087,0.14790673143293248,0.14000881898970655,0.15586552367032236,2.958134628658649,0.26736990513783515,0.25362790711526984,0.2807243522985827,2.6736990513783523,0.4643380013792205,0.44360484308972636,0.48467708999404774,2.3216900068961026,0.6176385377049609,0.5958831563333192,0.6392081499421477,2.058795125683203,0.7355444146384655,0.7149325090147474,0.7556760060096086,1.838861036596164,0.8255996252936879,0.8074367991044717,0.8428901564408751,1.6511992505873758
HUGO,0.4,local_variance_stego,100,0.19541266698240334,0.1823128628000505,0.20878605578906884,0.7437039350397725,0.08124217987060547,0.2875669236308052,0.5533533449797574,0.03519817019344676,0.033193272216581055,0.03721933684288214,3.519817019344676,0.14793901903301013,0.14005741220767307,0.1558848969546236,2.9587803806602024,0.2674216322557936,0.2537036567788489,0.28075290958475685,2.6742163225579354,0.46452546753544716,0.4438048649928214,0.4848355121770689,2.3226273376772357,0.6178059644828323,0.5960908984220644,0.6392646220731566,2.059353214942775,0.7358987946849304,0.7153748942643381,0.7560337288875638,1.8397469867123264,0.8259176043823673,0.8078965149819333,0.8431957930288944,1.6518352087647346
HUGO,0.4,oracle,100,0.2875669236308052,0.27205549596883805,0.30323955710249,0.8242000795327925,0.08124217987060547,0.2875669236308052,1.0,0.0533167715222153,0.051822764070532414,0.05468912535052995,5.331677152221529,0.2201533085524774,0.21310665457450698,0.2267207055002285,4.403066171049549,0.3807827826303823,0.36841192583953725,0.3924372265417371,3.8078278263038228,0.6090399783132532,0.5916700640518128,0.6258572258141104,3.0451998915662664,0.756651743251145,0.7393461200453381,0.7727794586005557,2.522172477503817,0.8527128167456247,0.8373309497848728,0.8668891662542545,2.131782041864062,0.9140522769101261,0.9021235752325671,0.9246955511662134,1.8281045538202523
HUGO,0.4,srm_residual_cover,100,0.229267671025689,0.21423922887116137,0.24410594098150734,0.760005351082086,0.08124217987060547,0.2875669236308052,0.717439355345211,0.04478836422974769,0.04281888761114873,0.046541972748922675,4.478836422974769,0.18317217940866132,0.17507743049012697,0.19060269872487015,3.663443588173225,0.3178690630461144,0.3040975947790209,0.3310885249195312,3.1786906304611438,0.5162593179817848,0.4970781526355414,0.5350197155810174,2.581296589908923,0.6551938398811697,0.6353605000613108,0.6750525869928696,2.183979466270566,0.7569080595125679,0.7380156404522118,0.7746539612530675,1.8922701487814197,0.8324415284713114,0.8162065778573347,0.8477573506207844,1.6648830569426227
HUGO,0.4,srm_residual_stego,100,0.24595290217880517,0.23108003983379566,0.2609029287129937,0.7790457336459171,0.08124217987060547,0.2875669236308052,0.7983081394233267,0.04770640838383554,0.04557788801718764,0.050048030121841044,4.770640838383553,0.19448350985874846,0.1862264190662814,0.20303544196246712,3.8896701971749685,0.3371004678203173,0.3236602342022673,0.35082640492414985,3.371004678203173,0.5443019594464613,0.5252980585152521,0.5632512080708598,2.7215097972323066,0.6853205368556589,0.6654706424172473,0.7044572948043127,2.2844017895188635,0.784852201436539,0.7663584523198814,0.8020490630025509,1.9621305035913472,0.8562764319050372,0.8409849652086396,0.8705959323422191,1.7125528638100744
HUGO,0.4,texture_energy_cover,100,0.22951701550926104,0.2151670324681346,0.24357243920487195,0.7678223125802391,0.08124217987060547,0.2875669236308052,0.7186478603409173,0.04495399154286682,0.043243844387869615,0.04653800562427306,4.495399154286682,0.1832594537962473,0.17589750683093272,0.1900661419293443,3.665189075924947,0.31927378049627747,0.306499767894295,0.3316230909782691,3.192737804962775,0.5227622475717287,0.5041607638522033,0.5410325735685858,2.6138112378586436,0.665747762542057,0.6464411750645569,0.6844161598806866,2.2191592084735228,0.7696666492929026,0.7514804785801582,0.7867112771344711,1.924166623232257,0.8451462903082886,0.82958972802155,0.8594407516843771,1.6902925806165772
HUGO,0.4,texture_energy_stego,100,0.24848869075561478,0.2332094142234274,0.26464751673337084,0.7857655662817226,0.08124217987060547,0.2875669236308052,0.8105984179938739,0.04814997096667716,0.04598616154819856,0.050776025840466574,4.814997096667717,0.19682327278935888,0.18754085748142638,0.2074818727776059,3.936465455787176,0.3411779792048094,0.3268560973985827,0.3569753969891468,3.4117797920480943,0.5523056921924926,0.5333706175430867,0.5713906893071915,2.761528460962464,0.6959194494262623,0.6765928028257859,0.7148756029560563,2.319731498087542,0.7959597841456398,0.7790659058938321,0.8126694461803331,1.9898994603640994,0.8658364306851378,0.8517670253420522,0.8792608180953726,1.7316728613702757
HUGO,0.4,uniform,100,0.08124217987060547,0.07961982536315919,0.08280424880981445,0.5,0.08124217987060547,0.2875669236308052,0.0,0.009999999999999998,0.009999999999999998,0.009999999999999998,1.0,0.04999999999999999,0.04999999999999999,0.04999999999999999,1.0,0.09999999999999998,0.09999999999999998,0.09999999999999998,1.0,0.19999999999999996,0.19999999999999996,0.19999999999999996,1.0,0.3,0.3,0.3,1.0,0.3999999999999999,0.3999999999999999,0.3999999999999999,1.0,0.5,0.5,0.5,1.0
HUGO,0.4,wavelet_energy_cover,100,0.13508765921653537,0.12499108870613307,0.14566177929670324,0.6351494348565067,0.08124217987060547,0.2875669236308052,0.26097441520883036,0.022846758748124665,0.021054050154877137,0.024615603219365352,2.284675874812466,0.10172346160791283,0.09474126756230218,0.10882534556977452,2.034469232158257,0.1888636787075786,0.17691411851501343,0.20108203948518233,1.8886367870757863,0.33985591371935464,0.32258428372508074,0.3579673360295909,1.6992795685967732,0.4688836433783837,0.4488499063002172,0.4890553621146239,1.562945477927946,0.5811904358967975,0.5601279088496897,0.6019755211292364,1.4529760897419937,0.6792307836576785,0.6590554011246819,0.6992440049243621,1.358461567315357
HUGO,0.4,wavelet_energy_stego,100,0.13547188290509016,0.12534669407944446,0.1460271213570115,0.6364427117234501,0.08124217987060547,0.2875669236308052,0.26283664308103044,0.02285571918401716,0.021073255100425858,0.024650049055119746,2.285571918401716,0.10195469239455106,0.09498505265156687,0.10890326896189861,2.0390938478910208,0.18929015465026267,0.17731146755546173,0.20150230877263003,1.892901546502627,0.34078099375922066,0.3234357705002062,0.35900764882955044,1.7039049687961034,0.47014009108191707,0.45001670768712226,0.4903131058348981,1.5671336369397237,0.5829041819699483,0.5619669762759709,0.6034835703622291,1.4572604549248707,0.6809891825225617,0.6604706925279173,0.7008056126826968,1.3619783650451234
HUGO,0.5,laplacian_residual_cover,100,0.2266217374138722,0.2139513415747713,0.23885693477821504,0.688248879047713,0.1064776611328125,0.3145771285874229,0.5773396623769107,0.03673260730431507,0.03554563877260181,0.03782262231750052,3.6732607304315077,0.14989485189163204,0.14461949442097777,0.15494278521308494,2.9978970378326415,0.2613503216372473,0.25162608013821774,0.27030786644842797,2.6135032163724725,0.43097538476654207,0.41621930215066893,0.4445916974784263,2.15487692383271,0.5561708929567434,0.5394795292651946,0.5707411036208505,1.8539029765224786,0.6535813723302967,0.6374291378932174,0.6680712665541647,1.633953430825742,0.7326334675950821,0.7180723702653438,0.7456096330228255,1.4652669351901642
HUGO,0.5,laplacian_residual_stego,100,0.25257397038869334,0.23829709591002926,0.26818003008818414,0.7156064716197846,0.1064776611328125,0.3145771285874229,0.7020503754424389,0.04004103977559655,0.03850372875942166,0.042043475246763246,4.004103977559655,0.16560485928103055,0.1583596526748569,0.1747967605954461,3.312097185620611,0.2876708164798574,0.27601115125158726,0.3015744509942535,2.876708164798574,0.469076153291308,0.4529021106138767,0.48625516542673897,2.3453807664565396,0.5973319350753201,0.5809977271046509,0.6145157693298111,1.9911064502510671,0.6919660207973308,0.6763868550730024,0.7074566246204417,1.7299150519933277,0.7657189809492329,0.7521096471540353,0.7789573850532224,1.5314379618984657
HUGO,0.5,local_variance_cover,100,0.22762756184122995,0.21472614146518612,0.24083001499085557,0.7278345649022446,0.1064776611328125,0.3145771285874229,0.5821730453723628,0.03046182400166804,0.028922382495981433,0.0320188716536455,3.046182400166803,0.13137403856003535,0.12509420208027677,0.13773289767490826,2.627480771200707,0.2414523022825279,0.2302905594204858,0.2524303553297881,2.414523022825279,0.42877722987961264,0.4113320946002987,0.4461989586241122,2.1438861493980625,0.5810201776630023,0.5615824341878694,0.6000607610444442,1.936733925543341,0.7028110871823595,0.683583060251617,0.721253001846901,1.757027717955899,0.799213720362628,0.7818489661954668,0.8159584105535043,1.598427440725256
HUGO,0.5,local_variance_stego,100,0.22771747514805699,0.21483048312667338,0.24090832264197076,0.7281146289811621,0.1064776611328125,0.3145771285874229,0.5826051142667564,0.03046914060942912,0.0289278140363541,0.03202576172965102,3.0469140609429126,0.13140882442083146,0.12514225958766545,0.13778371885695206,2.628176488416629,0.24150738371944652,0.2303358902962989,0.252462389577411,2.415073837194465,0.4289319641015927,0.4115052252566996,0.44637273597128596,2.1446598205079637,0.581183834319984,0.5617610070249627,0.6001754869942666,1.9372794477332798,0.7031073843060974,0.6839879530900853,0.721579099839748,1.7577684607652433,0.7995723389332774,0.7823280248177895,0.8162803641502879,1.5991446778665548
HUGO,0.5,oracle,100,0.3145771285874229,0.2998022296015945,0.32955245731900423,0.8034713394615463,0.1064776611328125,0.3145771285874229,1.0,0.043648951082684316,0.04257088930336839,0.044629261202181095,4.364895108268431,0.18636897704581265,0.18115224838457566,0.19125011643716866,3.7273795409162527,0.330865867549298,0.3212700625465774,0.339891589937226,3.3086586754929788,0.550468481015689,0.5360437999089929,0.5646028069536304,2.7523424050784446,0.7049722845547098,0.6890460458187108,0.7199361835149616,2.349907615182367,0.8129967018214124,0.7976379970125944,0.826909368530265,2.032491754553531,0.8866786743460109,0.8739447068786292,0.8979861419552885,1.7733573486920218
HUGO,0.5,srm_residual_cover,100,0.25907482563718964,0.24422225132761585,0.2734267687577596,0.742124585517126,0.1064776611328125,0.3145771285874229,0.7332895483630243,0.037591712548586426,0.036115778832444226,0.03886411337348136,3.7591712548586416,0.15888655129420604,0.15259947788368264,0.16455758578709692,3.1777310258841203,0.28225978257920614,0.27123545601873295,0.2929081281035235,2.8225978257920614,0.4734721903276793,0.45716969854118916,0.48960309921848216,2.367360951638396,0.6150599319201714,0.5970488134449953,0.6326063325625776,2.0501997730672383,0.7232730035271456,0.7052165366319739,0.7404560939892475,1.8081825088178638,0.806348706837136,0.7902201955239198,0.8215089346456454,1.612697413674272
HUGO,0.5,srm_residual_stego,100,0.2776303665472525,0.2630699256152117,0.29229476465165366,0.7630934568485698,0.1064776611328125,0.3145771285874229,0.8224562393547256,0.03988830042408325,0.038325260598588644,0.041614626623658696,3.988830042408324,0.16853606295034868,0.16214654725539318,0.1752205257435717,3.370721259006973,0.29921274849194535,0.2882335837618759,0.3103044636246178,2.992127484919454,0.5005018888249075,0.4836950757580769,0.5172418982168798,2.502509444124537,0.64638387981349,0.6283552644071237,0.6642649899914287,2.154612932711633,0.7538459448380957,0.7362351659649624,0.7709896481009691,1.8846148620952394,0.8333127537522609,0.8179054404477671,0.8480724839332856,1.6666255075045218
HUGO,0.5,texture_energy_cover,100,0.259567356566249,0.2454480431121649,0.27340795324234185,0.7494626354023325,0.1064776611328125,0.3145771285874229,0.7356563536945506,0.03776005449117394,0.036490786842796656,0.03891567404627968,3.7760054491173953,0.15917328474568948,0.15339841593816037,0.1644856451585082,3.183465694913791,0.2835605785563771,0.27352907420243777,0.2934696136760228,2.8356057855637697,0.47891799781869154,0.4630682774192874,0.49428865825175755,2.3945899890934568,0.6240995551192272,0.6067520549634208,0.6406358195044421,2.0803318503974237,0.734423732442132,0.7171272485723513,0.7506668626311952,1.83605933110533,0.8178194913353789,0.8025426855045921,0.8323102135549504,1.6356389826707578
HUGO,0.5,texture_energy_stego,100,0.2808969609284865,0.2657762114964026,0.2967278079365755,0.7701177344233143,0.1064776611328125,0.3145771285874229,0.8381535134572962,0.04030143068560069,0.03872908737328028,0.04224898467297501,4.030143068560068,0.17076395014049112,0.16338524348107503,0.17923438071433276,3.4152790028098217,0.3038617705196644,0.291897678154911,0.3176241758114761,3.038617705196644,0.5087869648878156,0.4918877935531056,0.5260425105918177,2.5439348244390785,0.6571565070611907,0.6386185044674911,0.6752676907088124,2.190521690203969,0.764979642051119,0.7482149799260509,0.7816187303643641,1.9124491051277974,0.8432821780288835,0.8288092920099105,0.8573197135969629,1.686564356057767
HUGO,0.5,uniform,100,0.1064776611328125,0.10449745941162109,0.10832581424713134,0.5,0.1064776611328125,0.3145771285874229,0.0,0.009999999999999998,0.009999999999999998,0.009999999999999998,1.0,0.04999999999999999,0.04999999999999999,0.04999999999999999,1.0,0.09999999999999998,0.09999999999999998,0.09999999999999998,1.0,0.19999999999999996,0.19999999999999996,0.19999999999999996,1.0,0.3,0.3,0.3,1.0,0.3999999999999999,0.3999999999999999,0.3999999999999999,1.0,0.5,0.5,0.5,1.0
HUGO,0.5,wavelet_energy_cover,100,0.1659471268914004,0.15535179222301412,0.17695771333877997,0.6274704804471969,0.1064776611328125,0.3145771285874229,0.28577423328370155,0.02073038139594425,0.019283876413926957,0.02215001231195785,2.073038139594425,0.09432562756892547,0.08860687318732739,0.10009046728626436,1.8865125513785097,0.17725636950170873,0.1673069408568235,0.187470510450653,1.772563695017087,0.3241384667315236,0.3090424911820646,0.339957068917447,1.6206923336576176,0.452082175745168,0.4341140497713904,0.4700046377166602,1.506940585817227,0.5652787021923209,0.5459098154868205,0.5843571926829154,1.4131967554808023,0.6653365361324732,0.6463788992433455,0.6840947751290274,1.3306730722649465
HUGO,0.5,wavelet_energy_stego,100,0.16629762464863412,0.15568146587975823,0.17738439265640601,0.6286403533532509,0.1064776611328125,0.3145771285874229,0.28745851321733557,0.020785139445569246,0.019352305645361664,0.022219677832036794,2.0785139445569247,0.0944961372897831,0.08878036220641433,0.10022045027283771,1.8899227457956622,0.1775930423388679,0.1676005469528427,0.18780748814564316,1.7759304233886783,0.32471094715814613,0.3096641308317477,0.34042993471670696,1.6235547357907305,0.4528772107029851,0.43513349430275766,0.470799229625067,1.5095907023432837,0.566732899969129,0.5476613017301788,0.585564945645755,1.4168322499228225,0.6670815096419946,0.6479870398098259,0.6859271586553347,1.3341630192839893
MIPOD,0.03,laplacian_residual_cover,100,0.006183788372184892,0.005285966969990083,0.007275735278972336,0.6228092110272362,0.003060951232910156,0.018349530453314625,0.20425947331370922,0.028447361681792325,0.024060041358349684,0.033229083221587595,2.844736168179232,0.12291321481849485,0.10973552864661,0.13664838758838255,2.458264296369897,0.2169274744239074,0.19763369085903923,0.2375047853940805,2.169274744239074,0.36567580791554666,0.34075128851345304,0.3913601516005556,1.828379039577733,0.4855877158974138,0.4608678099712866,0.5109705428928666,1.6186257196580458,0.5856535087122434,0.5628009899947818,0.6090939644905919,1.4641337717806087,0.6703043228772176,0.6498293953890151,0.6911803383623719,1.3406086457544353
MIPOD,0.03,laplacian_residual_stego,100,0.008474852806002972,0.00600790792629021,0.012588959873216678,0.6503297687696356,0.003060951232910156,0.018349530453314625,0.3541141066834586,0.03623176880866128,0.02766106207115152,0.048790760513666015,3.6231768808661275,0.14255079642743257,0.12459428097560112,0.16252327965475322,2.8510159285486516,0.24505555403545037,0.22137764827284007,0.26905194830783896,2.450555540354503,0.40347607019585235,0.37583969954751667,0.43157586389343505,2.0173803509792614,0.5247024551759167,0.498160743566574,0.5511248687360575,1.7490081839197225,0.6245834561262308,0.600343831502958,0.6489999291771007,1.5614586403155766,0.7079664474975444,0.6872291860592175,0.7289792390539638,1.415932894995089
MIPOD,0.03,local_variance_cover,100,0.004932276683600198,0.00436073408069966,0.005560633724553048,0.6255085862629727,0.003060951232910156,0.018349530453314625,0.12240021938680415,0.012965182602673571,0.010512708561824815,0.015548709439200208,1.2965182602673568,0.07105983201058928,0.06158690025993878,0.0805892508751849,1.4211966402117862,0.15333125437911105,0.1342346800857881,0.17306894444762144,1.5333125437911108,0.3100928956980905,0.2796870590760797,0.34129611119537306,1.5504644784904529,0.4506052707693771,0.4177156844192726,0.483922345748745,1.5020175692312572,0.5809441640250458,0.5472209939381413,0.6126001322874896,1.4523604100626146,0.6925079313941577,0.6608876899288662,0.722044737898284,1.3850158627883153
MIPOD,0.03,local_variance_stego,100,0.004933827034858121,0.004361923758001093,0.005562539346781591,0.6256789510406486,0.003060951232910156,0.018349530453314625,0.12250162522939895,0.012978900023798399,0.010552077303812968,0.015562435048887982,1.2978900023798394,0.07116311838603666,0.061739966785364274,0.08067391227184398,1.4232623677207332,0.15340291805835682,0.13425885464762335,0.17332446117886868,1.5340291805835684,0.3100970642647718,0.27966622571035676,0.34133669923381005,1.5504853213238592,0.4506720422699705,0.41774148418169715,0.4839179311768486,1.502240140899902,0.5809648208800635,0.5470870354259588,0.6126791729296063,1.4524120522001585,0.6924710868838142,0.661062396725536,0.7219349151007158,1.3849421737676284
MIPOD,0.03,oracle,100,0.018349530453314625,0.014880249558502817,0.022390836743025888,0.7687758347827192,0.003060951232910156,0.018349530453314625,1.0,0.08943799217162969,0.07673106923071621,0.1031133227661909,8.943799217162969,0.267677255677558,0.23901246015401717,0.29711778284545626,5.35354511355116,0.40300072848100155,0.3692494145411341,0.4379090694825306,4.030007284810015,0.5785267759604895,0.5444298477474081,0.6120559974890728,2.8926338798024465,0.6959781315043067,0.666587772855021,0.7260143133624934,2.3199271050143557,0.7852573922521298,0.7599475003992803,0.810152833331147,1.9631434806303245,0.8520485610201314,0.8313708674541969,0.8714870227469118,1.7040971220402628
MIPOD,0.03,srm_residual_cover,100,0.006653056941234176,0.005666268585776548,0.00781564293577732,0.6534941554387933,0.003060951232910156,0.018349530453314625,0.2349535333884994,0.026847347230895085,0.022581393291568247,0.03134939531842142,2.684734723089508,0.12275307240435394,0.10865474660453829,0.13777134592842677,2.4550614480870783,0.22479475646220173,0.2029460918639498,0.2481171487886951,2.247947564622018,0.38743087574294655,0.35840215356053096,0.4169549127194964,1.9371543787147325,0.5164446963167575,0.4865017835898372,0.5460074821420359,1.721482321055859,0.624037521584169,0.5960655918201311,0.6521893235388716,1.5600938039604229,0.7171003439397486,0.6925555234414946,0.741606637199131,1.4342006878794973
MIPOD,0.03,srm_residual_stego,100,0.00817063521123516,0.006289668888662032,0.010896086106734402,0.675827431888642,0.003060951232910156,0.018349530453314625,0.3342157505064636,0.03210543358144517,0.02574948907766716,0.040043933607191794,3.2105433581445175,0.13606147995827975,0.11907583206494027,0.15400042465970912,2.7212295991655946,0.2451266809531911,0.22090591102449306,0.2709951726336269,2.4512668095319112,0.4163002224147528,0.38674414556349784,0.44696825374620924,2.081501112073764,0.5502040069529124,0.5202866521239813,0.5802315302601303,1.8340133565097083,0.6582810603867344,0.6302210890253737,0.6860566062388882,1.6457026509668358,0.7486882655504752,0.7242918550640011,0.7725375875227468,1.4973765311009504
MIPOD,0.03,texture_energy_cover,100,0.0064418351971423145,0.005453117966925993,0.007618717828620491,0.645328009330081,0.003060951232910156,0.018349530453314625,0.2211378778559068,0.027259622685525592,0.02274849054557513,0.03218649386841675,2.72596226855256,0.119498332856984,0.10506228245918872,0.1343275036619997,2.38996665713968,0.21759124473623864,0.19607386753797718,0.23991839311685068,2.175912447362387,0.37679317614820546,0.34873937172428654,0.4051895781394579,1.8839658807410273,0.5055409734465297,0.47564238627210165,0.5348005663815405,1.6851365781550987,0.6130205349246977,0.5855316819898554,0.6409695172755026,1.5325513373117445,0.7070090122236279,0.682283641990153,0.7317622726110323,1.4140180244472558
MIPOD,0.03,texture_energy_stego,100,0.00821658086202235,0.006053514966735591,0.011630754050206218,0.6686881854078325,0.003060951232910156,0.018349530453314625,0.33722097748830576,0.033768690642330006,0.025401090665844162,0.04616304970247272,3.376869064233,0.13434894471165526,0.11633780827013146,0.15414926917531308,2.6869788942331057,0.23890975422201158,0.2142431946504727,0.26492388197247585,2.389097542220116,0.40662946596348826,0.37646043438428145,0.4366857047743042,2.033147329817441,0.5388690297898354,0.5082075089728442,0.5689005976717181,1.7962300992994518,0.6478062006069244,0.6197830125934364,0.6751174426205491,1.6195155015173108,0.7389331504688716,0.7141428115732439,0.7625655656965954,1.4778663009377433
MIPOD,0.03,uniform,100,0.003060951232910156,0.0030021257400512694,0.0031261386871337888,0.5,0.003060951232910156,0.018349530453314625,0.0,0.009999999999999998,0.009999999999999998,0.009999999999999998,1.0,0.04999999999999999,0.04999999999999999,0.04999999999999999,1.0,0.09999999999999998,0.09999999999999998,0.09999999999999998,1.0,0.19999999999999996,0.19999999999999996,0.19999999999999996,1.0,0.3,0.3,0.3,1.0,0.3999999999999999,0.3999999999999999,0.3999999999999999,1.0,0.5,0.5,0.5,1.0
MIPOD,0.03,wavelet_energy_cover,100,0.006178203898958155,0.005353226729725929,0.007123245085013896,0.6413914588734158,0.003060951232910156,0.018349530453314625,0.2038942024048674,0.024594626261542893,0.02084045668933761,0.028580048718999235,2.4594626261542896,0.11261226404577653,0.09986015504781563,0.12608839542750325,2.2522452809155307,0.21102796427523018,0.1907407872670106,0.23206540106184603,2.1102796427523014,0.3708238585945613,0.3432518376584781,0.3999010097439346,1.8541192929728068,0.4993307058778786,0.4702315451349683,0.5291561876912526,1.6644356862595955,0.608478467497465,0.5809700056089643,0.6361625815797316,1.5211961687436628,0.7015099940050449,0.6755468540705911,0.7265079353350316,1.4030199880100898
MIPOD,0.03,wavelet_energy_stego,100,0.006181725613751422,0.005355647942233232,0.0071305637334036385,0.6414641793739237,0.003060951232910156,0.018349530453314625,0.2041245517880571,0.024587383633059946,0.02083173785415211,0.02851302273922054,2.458738363305994,0.11281830589590959,0.10010441940210592,0.12634447232591092,2.256366117918192,0.21114534392739695,0.19092989261509083,0.2321924146793632,2.1114534392739692,0.3706564002772367,0.3433618551006719,0.39942680988278007,1.853282001386183,0.49904710781546063,0.46979744172163507,0.5288509858085941,1.6634903593848684,0.6088795583480651,0.5813842829728979,0.6364416740000023,1.5221988958701629,0.7015552949523434,0.6758096259417666,0.7266787038564315,1.4031105899046867
MIPOD,0.05,laplacian_residual_cover,100,0.011075467703107094,0.009498386916441776,0.012944298155217464,0.6224128527346804,0.0055902099609375,0.030897051074295453,0.21674999726750793,0.028247465083480236,0.023915261125394313,0.03290804781074333,2.8247465083480234,0.12121443658309769,0.10809808052059863,0.13498314866408553,2.424288731661954,0.21555790595294563,0.19652002728946905,0.23580630647602102,2.155579059529457,0.36491756214250626,0.3408623087496505,0.38986953634412314,1.824587810712532,0.48408781591012096,0.4598189504352035,0.5090841957494049,1.613626053033736,0.5834296087170484,0.5606799471729336,0.6065079641825426,1.4585740217926209,0.66970209979822,0.6495583010184798,0.6900163150352974,1.33940419959644
MIPOD,0.05,laplacian_residual_stego,100,0.014656500070597243,0.010833358846553447,0.020761805115703306,0.6503180764201866,0.0055902099609375,0.030897051074295453,0.3582545158065657,0.035871643376245495,0.027326560944600287,0.04814870827598632,3.587164337624549,0.14106633472052357,0.12344147422564239,0.16072986430722477,2.8213266944104713,0.24441177106965425,0.22067926591810938,0.2682255587102733,2.444117710696543,0.40217694966135303,0.37474017233475576,0.42963756735811204,2.010884748306766,0.5244385028702755,0.4979962303980235,0.5512105668137307,1.7481283429009187,0.6237070405619313,0.6002186954057337,0.6475063966620139,1.5592676014048283,0.707789245394233,0.6871360831110849,0.7288670841918391,1.415578490788466
MIPOD,0.05,local_variance_cover,100,0.008958835375344679,0.0078939793436032,0.01013536495682894,0.6250874952222452,0.0055902099609375,0.030897051074295453,0.133111256332545,0.01318418024448061,0.01082699099986063,0.01560966819518109,1.3184180244480606,0.07122643901355262,0.06179475610851014,0.0808577132740292,1.4245287802710525,0.1521924157101895,0.13346944063183724,0.17168910445098354,1.5219241571018949,0.30856188274982954,0.27803180198854743,0.33978319162131626,1.5428094137491477,0.4486151296801226,0.4156631088457466,0.4813341118449066,1.4953837656004085,0.5789966953590183,0.5461311061143382,0.6097514985683588,1.447491738397546,0.6921120187121672,0.6615722926998271,0.720834407569775,1.3842240374243344
MIPOD,0.05,local_variance_stego,100,0.008961409195355784,0.00789715446494954,0.010137981679955903,0.6252807162390323,0.0055902099609375,0.030897051074295453,0.13321296084791995,0.013181514457939287,0.010834591342181375,0.015607201591742675,1.3181514457939287,0.07127681328341964,0.06179878053215501,0.08094531597596075,1.4255362656683928,0.15232006711390308,0.13353115002094978,0.17178014434779265,1.523200671139031,0.30863423685829566,0.2780446956169825,0.3398018544753568,1.543171184291478,0.4487506226097118,0.4158910249692859,0.48147698629150215,1.495835408699039,0.5790132313285754,0.5462402781973283,0.6098878890546789,1.4475330783214384,0.6921546730571407,0.6616167123039508,0.7208687317801088,1.3843093461142815
MIPOD,0.05,oracle,100,0.030897051074295453,0.025248217733690452,0.03728579868829568,0.766976938056979,0.0055902099609375,0.030897051074295453,1.0,0.08525473928058908,0.07390700469870558,0.09751775363725106,8.525473928058908,0.2618604174650607,0.23501194496853642,0.2901801116664189,5.2372083493012145,0.3967419809382552,0.3638094985322433,0.4310559033220256,3.9674198093825526,0.5738107815513828,0.540320552336624,0.6065236882069303,2.8690539077569133,0.6929261977283885,0.66372078228109,0.7226039960456988,2.3097539924279618,0.7823643320143043,0.7572558236496895,0.807092883260023,1.9559108300357602,0.8489342288834258,0.8280427793520765,0.8686504977874914,1.6978684577668517
MIPOD,0.05,srm_residual_cover,100,0.011942823796721245,0.010192200036533943,0.013984963375648946,0.6532551023145204,0.0055902099609375,0.030897051074295453,0.2510235792499042,0.026770577631610854,0.022652591610003794,0.03111875753353063,2.6770577631610863,0.121022426438805,0.10688084083923187,0.136022112469429,2.4204485287760993,0.2223148692757808,0.2007273647853156,0.24541359278457783,2.223148692757808,0.385790270545007,0.3573588074179712,0.4148342724157679,1.9289513527250353,0.5153674009501488,0.486184109795417,0.5449805503159295,1.717891336500496,0.6235797303842496,0.5961459887804669,0.6509837436407017,1.5589493259606244,0.7166644559150305,0.692925657154471,0.740482966168541,1.433328911830061
MIPOD,0.05,srm_residual_stego,100,0.014246871073096953,0.011288706747575731,0.018309313809413988,0.6760084868850427,0.0055902099609375,0.030897051074295453,0.3420680231635123,0.03179677005807564,0.025618807991897613,0.039677075903506824,3.1796770058075636,0.13416021344140502,0.11748813825971868,0.15197326502654657,2.6832042688280997,0.24212580049617125,0.21805894075508017,0.267604036561789,2.4212580049617127,0.4146870439811909,0.3851202290964325,0.4443699269802926,2.0734352199059547,0.5491977302509212,0.5193822811279863,0.5786826403264465,1.830659100836404,0.6584780825238561,0.6315462979331279,0.6858263882654849,1.6461952063096401,0.7489610989865221,0.725774891287293,0.7722865159059604,1.4979221979730442
MIPOD,0.05,texture_energy_cover,100,0.011566918155582046,0.009814362813448333,0.013615515446948124,0.6448533931115743,0.0055902099609375,0.030897051074295453,0.23616966526453603,0.026886497662647776,0.022533859384090568,0.03150990284398658,2.688649766264778,0.11761566246696342,0.1039548138280447,0.13214530776908107,2.3523132493392684,0.21538216113781541,0.19454079978491867,0.23751909854571054,2.1538216113781536,0.37514963022387493,0.34749569895370414,0.4030379095094461,1.8757481511193739,0.5040487319623772,0.47549720747250096,0.5324365352827783,1.6801624398745907,0.6115609269613969,0.5845767003861646,0.6393294730049579,1.5289023174034924,0.7057304904110648,0.6816590169159912,0.7300126963516242,1.4114609808221297
MIPOD,0.05,texture_energy_stego,100,0.014444804977895138,0.010907734487590704,0.0198565632824326,0.6685797740058672,0.0055902099609375,0.030897051074295453,0.3498893827678806,0.032985251249939486,0.025029231556619243,0.044962890460543026,3.298525124993949,0.13176108548859886,0.11436026668554543,0.15138326448969686,2.6352217097719777,0.2374190570829809,0.21278297953762967,0.26282176897982734,2.3741905708298088,0.40436258166856687,0.3743174761296918,0.43462334760670573,2.021812908342834,0.5373542340780046,0.5070789043900698,0.5668320971217382,1.791180780260016,0.646678033504622,0.6190929091298519,0.6741305148445815,1.6166950837615552,0.7376048644187921,0.7132682080633201,0.7614855109951091,1.4752097288375843
MIPOD,0.05,uniform,100,0.0055902099609375,0.005476148605346679,0.005713411331176758,0.5,0.0055902099609375,0.030897051074295453,0.0,0.009999999999999998,0.009999999999999998,0.009999999999999998,1.0,0.04999999999999999,0.04999999999999999,0.04999999999999999,1.0,0.09999999999999998,0.09999999999999998,0.09999999999999998,1.0,0.19999999999999996,0.19999999999999996,0.19999999999999996,1.0,0.3,0.3,0.3,1.0,0.3999999999999999,0.3999999999999999,0.3999999999999999,1.0,0.5,0.5,0.5,1.0
MIPOD,0.05,wavelet_energy_cover,100,0.011049890795344422,0.009563631597034591,0.012754234356919565,0.6397331796689144,0.0055902099609375,0.030897051074295453,0.21573932558200978,0.0244491385898936,0.020837921015018072,0.028408743818318736,2.4449138589893593,0.11082880507462559,0.09855266455311437,0.12384238705543248,2.2165761014925125,0.20758811369410698,0.18768927157362125,0.22851568296851157,2.07588113694107,0.36662745158904775,0.33959775138939885,0.3947541952274124,1.8331372579452383,0.49626741948473163,0.46726725351625464,0.525353251935614,1.6542247316157719,0.6056012452415512,0.5775052099286971,0.632921119445919,1.5140031131038776,0.6988888307316978,0.6726162901959206,0.7233754018276253,1.3977776614633957
MIPOD,0.05,wavelet_energy_stego,100,0.011061864052942098,0.009568767850937862,0.012766379635745615,0.6399113945941237,0.0055902099609375,0.030897051074295453,0.21621244893802422,0.024573551361524625,0.020906109082634693,0.028584379842112425,2.4573551361524624,0.11085335133476353,0.09861525422794931,0.12402590452065157,2.2170670266952706,0.20799158746098467,0.1881422093344584,0.22908947348135345,2.079915874609846,0.3666504136143109,0.33939566728751164,0.3946830205409781,1.8332520680715547,0.4965408605355101,0.4675939087386105,0.5257239860891989,1.6551362017850337,0.6060581178711368,0.577645929516952,0.6332958932605909,1.5151452946778416,0.6992050271068265,0.6730121709980695,0.7235153011273303,1.398410054213653
MIPOD,0.1,laplacian_residual_cover,100,0.024672049186383407,0.021395628517438564,0.02846077949741915,0.6210480262889361,0.012897567749023437,0.06251844423348335,0.2372888645174871,0.02726306656692494,0.02344793807773669,0.03128997342735041,2.726306656692494,0.11893586594942335,0.10699095178835197,0.1314392160645972,2.3787173189884667,0.21163781038705268,0.1934887201368697,0.23100663629298304,2.1163781038705265,0.3601329389943032,0.3372428370984488,0.38398633981289093,1.8006646949715164,0.4790315638384108,0.4552741816021908,0.5033264366375767,1.59677187946137,0.5792248823286898,0.5565049167845085,0.6017299213748717,1.4480622058217245,0.666674111127855,0.6465315550234383,0.6867868713634409,1.33334822225571
MIPOD,0.1,laplacian_residual_stego,100,0.030812084917152004,0.024401589169808034,0.039897544805848444,0.6491468650790492,0.012897567749023437,0.06251844423348335,0.3610278261356179,0.034101956942545295,0.02682112639129556,0.04454222054801641,3.4101956942545297,0.13796162945737053,0.12139214741331417,0.15690180827649333,2.7592325891474103,0.23956712325685514,0.21693975053090442,0.2628121033737396,2.3956712325685516,0.3982456281164,0.37127476064023124,0.4255529499899301,1.9912281405819996,0.5205824580730364,0.49425623263825724,0.5466678030102665,1.7352748602434542,0.6216327432028026,0.59790901826373,0.6452181244600107,1.5540818580070064,0.705222809509082,0.6846271275121517,0.7260748344205943,1.410445619018164
MIPOD,0.1,local_variance_cover,100,0.020347404440267402,0.017967325446872313,0.02293802395138842,0.6240278437794026,0.012897567749023437,0.06251844423348335,0.1501351289830013,0.012945484377781636,0.01067395248800463,0.015264199040021497,1.2945484377781638,0.07035530788931754,0.06126084854367566,0.0793801285690617,1.4071061577863508,0.14960601704271587,0.1317707932352924,0.16807513249534814,1.4960601704271586,0.3050062199139491,0.2755853714742084,0.3349579482085339,1.5250310995697456,0.445954968685183,0.4139173684519188,0.4770796718879934,1.4865165622839436,0.5755392510470377,0.5433688899076633,0.6055543914668391,1.4388481276175944,0.6896058407204767,0.6591901895032971,0.7173012875082558,1.3792116814409534
MIPOD,0.1,local_variance_stego,100,0.020356006686221662,0.017972289306850874,0.022946919260143084,0.6242488517111394,0.012897567749023437,0.06251844423348335,0.15030848839467864,0.012967661353779948,0.010697857926577821,0.015299617708290641,1.296766135377995,0.070410039279441,0.061310106864256746,0.0794468139874214,1.4082007855888197,0.1496673379623969,0.13185150141827714,0.16811803503557438,1.4966733796239688,0.3050495778852482,0.2756634821329517,0.3349702160194438,1.5252478894262413,0.446148045018075,0.4140811633641734,0.4772572022933284,1.4871601500602503,0.575871226702734,0.5435280191998273,0.6060592343005576,1.4396780667568354,0.6898567855717624,0.65937191790842,0.7175687020001904,1.3797135711435249
MIPOD,0.1,oracle,100,0.06251844423348335,0.05231332184015332,0.07411823372235171,0.7638882890333503,0.012897567749023437,0.06251844423348335,1.0,0.07729501094901486,0.06812639838870001,0.0873163786034696,7.729501094901484,0.24940576181011745,0.2250560375094259,0.2752404104839946,4.98811523620235,0.3847379858119404,0.35412076693801786,0.4166767777736238,3.8473798581194023,0.5637951217900737,0.531484828453596,0.5964943344559295,2.818975608950369,0.6856743082858964,0.6573828244474087,0.7148102575650122,2.285581027619654,0.7763994885214697,0.7515875538586857,0.8005414858132067,1.9409987213036741,0.844818650411475,0.8240029096575402,0.8646393386909073,1.68963730082295
MIPOD,0.1,srm_residual_cover,100,0.02658975590418371,0.022983021797751,0.030643474629434723,0.6513181067878819,0.012897567749023437,0.06251844423348335,0.2759360399336828,0.026185758783517175,0.022422908522808333,0.03005192775274353,2.618575878351718,0.11853490910697104,0.10545640020553002,0.13212919460851458,2.3706981821394204,0.21790022575200316,0.19736381660450403,0.23961350624493652,2.179002257520031,0.3799572799967664,0.353091662651552,0.4070945399414394,1.8997863999838318,0.5103689364791626,0.4819528303757866,0.5390987026524148,1.701229788263876,0.6194562764918009,0.5927402617438773,0.6467418717867913,1.548640691229502,0.7124191012693392,0.6885609638830342,0.7361932981132507,1.4248382025386783
MIPOD,0.1,srm_residual_stego,100,0.030625328516913356,0.025373196187794444,0.036867447814921954,0.674319698296862,0.012897567749023437,0.06251844423348335,0.35726416024597707,0.030627357414150732,0.02510597934405838,0.03771092238160492,3.0627357414150738,0.131269854508388,0.11553051035952017,0.14829465388372792,2.6253970901677595,0.2375671469626682,0.21475779582314736,0.26154079925891316,2.375671469626682,0.4089630914397619,0.3800582462576576,0.4379743648486382,2.0448154571988097,0.5442330042358858,0.515453804253621,0.5727612200882342,1.8141100141196196,0.6540598608796903,0.627248534849428,0.6804762913061938,1.6351496521992255,0.7452722201999775,0.7216771243470586,0.7685961200821636,1.490544440399955
MIPOD,0.1,texture_energy_cover,100,0.025742922928501402,0.022065251877555474,0.029937725624009367,0.6429778996044899,0.012897567749023437,0.06251844423348335,0.2588699775083745,0.02592429557142817,0.022126846826586208,0.029911453040909284,2.5924295571428173,0.11497802518705863,0.10238536159496194,0.1280030599786251,2.2995605037411724,0.2113801729883491,0.1919778840731211,0.23227174711662785,2.1138017298834906,0.36958629540238513,0.3431729094752235,0.3967211815430209,1.847931477011926,0.49862727723021977,0.47054959825746506,0.5262790661886169,1.662090924100733,0.6075743975077569,0.5805831645933289,0.6346343622777474,1.5189359937693923,0.701458745140157,0.6774956321135778,0.7252028658130925,1.402917490280314
MIPOD,0.1,texture_energy_stego,100,0.030716630851097788,0.02454833069839674,0.039081145399989095,0.6671277481622302,0.012897567749023437,0.06251844423348335,0.35910415866303497,0.03115780369730276,0.024409940885711412,0.04098452234847517,3.1157803697302766,0.1293277298385026,0.11277133473710713,0.14825306329393342,2.5865545967700525,0.23249418163426053,0.20920155881140085,0.2562194486232051,2.3249418163426054,0.3994092142716905,0.37037479340895896,0.42866830269066414,1.9970460713584521,0.5330473769372639,0.5035845962839693,0.5618973094339587,1.77682458979088,0.6428302618234428,0.6153911777135848,0.6701617183762478,1.6070756545586071,0.7347775557409415,0.7100977783712601,0.7587288594543233,1.469555111481883
MIPOD,0.1,uniform,100,0.012897567749023437,0.01261634635925293,0.013217508316040039,0.5,0.012897567749023437,0.06251844423348335,0.0,0.009999999999999998,0.009999999999999998,0.009999999999999998,1.0,0.04999999999999999,0.04999999999999999,0.04999999999999999,1.0,0.09999999999999998,0.09999999999999998,0.09999999999999998,1.0,0.19999999999999996,0.19999999999999996,0.19999999999999996,1.0,0.3,0.3,0.3,1.0,0.3999999999999999,0.3999999999999999,0.3999999999999999,1.0,0.5,0.5,0.5,1.0
MIPOD,0.1,wavelet_energy_cover,100,0.02479956320233712,0.021582528239661645,0.02848902110784739,0.6376556911626257,0.012897567749023437,0.06251844423348335,0.239858630007092,0.023971242688433283,0.020691168265401346,0.02762816547221459,2.3971242688433283,0.10960604935567203,0.09818171229321518,0.12178778544199537,2.19212098711344,0.20402877536018782,0.185137192209445,0.22378262303559238,2.040287753601879,0.3613755639275243,0.3350753054401866,0.38871090964482385,1.8068778196376214,0.49089511051604456,0.4624063226845317,0.5193194597935407,1.6363170350534813,0.6003679083888922,0.5725685387851687,0.6267644622448595,1.5009197709722304,0.6942883036036194,0.6684684309313104,0.7181989683519513,1.3885766072072387
MIPOD,0.1,wavelet_energy_stego,100,0.02483625141271823,0.021599597931270177,0.028518859203229472,0.6379007648928671,0.012897567749023437,0.06251844423348335,0.24059800046929256,0.02405015585209142,0.020787084298181557,0.02774618963650137,2.405015585209142,0.10991180355096632,0.09846184041423947,0.12213756853606891,2.198236071019326,0.20434477941800197,0.1852106099409684,0.22402906953487006,2.0434477941800195,0.3622305331067496,0.3357228284257484,0.3897869692796692,1.8111526655337473,0.4913614054507853,0.4628160471641053,0.5195732796878347,1.637871351502618,0.6008125659493445,0.572955206350996,0.6273145799996174,1.502031414873361,0.6947948412455291,0.6689840184852539,0.718664076003241,1.3895896824910583
MIPOD,0.2,laplacian_residual_cover,100,0.05451371653486541,0.04827143564942204,0.06161833365846344,0.6181862891730447,0.030411376953125,0.12073322769027034,0.266849487527476,0.02521268240222855,0.022188984384231513,0.028316808546817177,2.521268240222855,0.11283669874702541,0.1023961736479734,0.12385168371988091,2.256733974940508,0.20319030720091985,0.18678689600410067,0.2205012920557727,2.0319030720091984,0.3508486634263418,0.32926588848643645,0.37357421891266906,1.754243317131709,0.4705777050801149,0.4478984420697728,0.4937068302654171,1.5685923502670502,0.5721967481549519,0.5503242471147387,0.5935916258131096,1.43049187038738,0.661082948040927,0.6414222535920474,0.6806212842436231,1.322165896081854
MIPOD,0.2,laplacian_residual_stego,100,0.06489417097651598,0.0548807377333462,0.0771824235753933,0.6474952296171236,0.030411376953125,0.12073322769027034,0.38177687615971034,0.030629447965468706,0.025281166230829332,0.0379869363956177,3.0629447965468706,0.1307304937444197,0.11590189558154443,0.148334131198554,2.6146098748883935,0.23064668015142817,0.2097169018068667,0.2525001398182426,2.3064668015142815,0.3894977347214321,0.3636600029557331,0.41566435342402136,1.9474886736071602,0.5139394188355841,0.48789256122094876,0.5394276700865612,1.713131396118614,0.6159140696632407,0.5928327001482465,0.6393029349379142,1.5397851741581012,0.7010043798004029,0.680788701821431,0.7215105430972742,1.4020087596008057
MIPOD,0.2,local_variance_cover,100,0.04696618781300921,0.04180991154545066,0.05267586041463975,0.6227897807754876,0.030411376953125,0.12073322769027034,0.1832868871128651,0.012938811118812694,0.010816622759532381,0.01504287984525553,1.2938811118812696,0.06967335304909318,0.06116593499638001,0.07817440518321757,1.3934670609818633,0.14694445396643274,0.13062839690337477,0.1637163512322332,1.4694445396643274,0.2998999608385899,0.27222217379189023,0.32764609422866303,1.4994998041929493,0.4401337425820324,0.40922154391380955,0.4699697194036961,1.4671124752734412,0.569242095268268,0.53861351772658,0.5982909733558047,1.4231052381706697,0.6839834335966236,0.6549141789204381,0.7109728790349479,1.3679668671932472
MIPOD,0.2,local_variance_stego,100,0.04699224282541894,0.04182595030106098,0.05271216316557101,0.6230791311661462,0.030411376953125,0.12073322769027034,0.18357535565283728,0.012945926593336422,0.010816203887421251,0.01506189989075301,1.294592659333642,0.06969829464595403,0.06119028990631968,0.07819388505847095,1.3939658929190801,0.14707835672360206,0.13080126178560542,0.16382914826557776,1.4707835672360203,0.2999056653283254,0.2722179203085569,0.32762133973339913,1.499528326641627,0.440319409226473,0.4095019655127093,0.4701950461627862,1.4677313640882437,0.569613654561441,0.5387888392993146,0.5988010605009705,1.4240341364036024,0.6843626573050139,0.6553210069761094,0.7113673097593599,1.3687253146100278
MIPOD,0.2,oracle,100,0.12073322769027034,0.10439937259911843,0.13847390941758086,0.7590004545761023,0.030411376953125,0.12073322769027034,1.0,0.0642745337587046,0.05778654686085464,0.07083378732431617,6.427453375870458,0.22630118667860866,0.20632156967217652,0.24733694006188953,4.526023733572172,0.3611187367416893,0.3337597942619692,0.38940978965037043,3.611187367416893,0.5445879210797835,0.5146978293878972,0.5756909155176483,2.7229396053989166,0.6713268698349988,0.6433964483848235,0.699543078262096,2.2377562327833287,0.7655615320334792,0.7411806372535963,0.789600325226914,1.9139038300836975,0.8370459564688951,0.8161231024713221,0.8568766512491774,1.6740919129377902
MIPOD,0.2,srm_residual_cover,100,0.05887770858296249,0.05180467072033566,0.06678959773092302,0.6480827977754118,0.030411376953125,0.12073322769027034,0.3151655042220095,0.02445571103779763,0.02141789624039498,0.027547632860456167,2.445571103779763,0.1118409749191031,0.10043995133666807,0.12323236750805594,2.236819498382062,0.20840966012356124,0.1901788322135139,0.22727532074372236,2.0840966012356112,0.3691329922030562,0.343916221805272,0.39457895950151634,1.8456649610152809,0.5004846093280592,0.4730600045686272,0.5276540020333195,1.6682820310935307,0.6112057976826788,0.5854563462155964,0.6367217962026818,1.528014494206697,0.7055455512110735,0.6822227066167498,0.7282308862862711,1.411091102422147
MIPOD,0.2,srm_residual_stego,100,0.06593072113488485,0.056882316350828396,0.07583618869621853,0.6720204447550833,0.030411376953125,0.12073322769027034,0.39325305993926374,0.028088080729339014,0.02372281563264481,0.033379316314311236,2.8088080729339002,0.12387298038030888,0.11060674038782169,0.13847342979814736,2.4774596076061774,0.22727415458339992,0.20668474140566848,0.2486965715793868,2.2727415458339983,0.3983427331812016,0.37111461430378273,0.4259109590638607,1.9917136659060077,0.5346953169071181,0.5069576816325542,0.5627822188097361,1.7823177230237275,0.6466474139090103,0.6207392031206075,0.6730065189267961,1.6166185347725257,0.7394448483221866,0.715792148285796,0.76228438607603,1.4788896966443732
MIPOD,0.2,texture_energy_cover,100,0.056909570355674705,0.04986931978351295,0.06469218572274622,0.639984777277957,0.030411376953125,0.12073322769027034,0.293375226329947,0.02402717049045349,0.021029559085858785,0.02707892767029591,2.402717049045349,0.10914036256907478,0.0983363813783835,0.12032416592644773,2.1828072513814956,0.20303640131456618,0.18532239924644545,0.22164046417690073,2.0303640131456615,0.36022201829029965,0.33538741098941954,0.38484558063675767,1.8011100914514986,0.48945765479548464,0.4628440886702201,0.5162396952884013,1.631525515984949,0.5997080350147403,0.5735537842997351,0.6253702245581136,1.4992700875368508,0.6942915985671222,0.6705822999562164,0.7172939799210827,1.3885831971342444
MIPOD,0.2,texture_energy_stego,100,0.06527844999977729,0.055110231952206164,0.07728794440851659,0.6651286867820494,0.030411376953125,0.12073322769027034,0.38603142829881165,0.028015376766984443,0.022998982003517323,0.034764336523786944,2.8015376766984446,0.12265119223794238,0.10799130968604373,0.14012215775485226,2.4530238447588473,0.22298083088688142,0.2018802272167711,0.24492053717788015,2.229808308868814,0.3899904563685955,0.36268189570779474,0.4182209226530523,1.9499522818429775,0.5248430191320881,0.49625601247524004,0.5533204032448532,1.7494767304402936,0.6360094883987606,0.6088761020472993,0.6629350633223664,1.5900237209969015,0.7295798809230521,0.7053683725547959,0.7534362788248343,1.4591597618461043
MIPOD,0.2,uniform,100,0.030411376953125,0.02966533088684082,0.031204033851623535,0.5,0.030411376953125,0.12073322769027034,0.0,0.009999999999999998,0.009999999999999998,0.009999999999999998,1.0,0.04999999999999999,0.04999999999999999,0.04999999999999999,1.0,0.09999999999999998,0.09999999999999998,0.09999999999999998,1.0,0.19999999999999996,0.19999999999999996,0.19999999999999996,1.0,0.3,0.3,0.3,1.0,0.3999999999999999,0.3999999999999999,0.3999999999999999,1.0,0.5,0.5,0.5,1.0
MIPOD,0.2,wavelet_energy_cover,100,0.055512417895456405,0.048943715294744415,0.06309310514251762,0.635207856715191,0.030411376953125,0.12073322769027034,0.2779066276595733,0.022528064695606108,0.019925325749896517,0.025355846398488945,2.2528064695606105,0.10449387330688412,0.09440683922229474,0.11491620484765218,2.089877466137682,0.1959580818555854,0.17897535543118764,0.21368941515784082,1.9595808185558536,0.3520772048799069,0.3277119265823272,0.3777278229903017,1.7603860243995348,0.48231055932529954,0.4555550701623513,0.5090656771200404,1.607701864417665,0.5935093742256504,0.5667366308230545,0.6191580465196417,1.4837734355641257,0.6892912036584815,0.6647308575605977,0.7120996947138265,1.378582407316963
MIPOD,0.2,wavelet_energy_stego,100,0.05565122886029645,0.04902643183699332,0.06329951315612943,0.6356431029384708,0.030411376953125,0.12073322769027034,0.2794434757611917,0.022564393544214512,0.019926812964306716,0.02538591332334094,2.2564393544214516,0.10485639700999831,0.09483518603456347,0.11532380687843834,2.0971279401999663,0.19652980223111588,0.17942016705052038,0.2143942264989619,1.965298022311159,0.35265663984777645,0.3281381211004744,0.3782877136195743,1.7632831992388818,0.48273957230053294,0.4560072801258072,0.5096088846762633,1.6091319076684432,0.5940516528731926,0.5673457311410142,0.6195277204719601,1.4851291321829816,0.6898986303497417,0.6651231857228285,0.7127264754028937,1.3797972606994835
MIPOD,0.3,laplacian_residual_cover,100,0.08702826480005113,0.0781386974740029,0.09674447778966175,0.6162063947115023,0.051094131469726564,0.1733019712957827,0.29404114647203666,0.02378941624134441,0.021382378615582582,0.026283037821939415,2.378941624134441,0.1075429635448017,0.0985079948340624,0.11705088054531276,2.150859270896034,0.19609139341904547,0.18162434471979888,0.21131084066315062,1.9609139341904547,0.3431031890803933,0.3233234068917764,0.3635859238907319,1.7155159454019668,0.46322376021583755,0.44175475419988275,0.4843047003806884,1.5440792007194588,0.5656982589841338,0.5447835493706726,0.585798560613629,1.4142456474603349,0.655844453132746,0.637097363451581,0.6744280139911971,1.311688906265492
MIPOD,0.3,laplacian_residual_stego,100,0.10121098650610615,0.08856795072202168,0.11607327273830073,0.6467580267329027,0.051094131469726564,0.1733019712957827,0.4100952533627395,0.027907949590415995,0.02405377244117331,0.032656970925365826,2.7907949590415995,0.12455012959437298,0.11108995206355546,0.14056555231757123,2.49100259188746,0.22233141909191484,0.2031350321761853,0.24244644582808045,2.223314190919148,0.3818660337576025,0.35714922497856233,0.40639102172469255,1.909330168788012,0.5074535809003703,0.4824963332849876,0.5322261321760936,1.6915119363345683,0.61066586747414,0.5882930572622583,0.6335547341544324,1.5266646686853498,0.6971111005626506,0.6770964396191789,0.717135607936729,1.3942222011253012
MIPOD,0.3,local_variance_cover,100,0.07706290649902259,0.06909773940519155,0.08546510063046142,0.6218557686672292,0.051094131469726564,0.1733019712957827,0.21249680107477997,0.012738494526781228,0.010731566297794674,0.01469803886249977,1.2738494526781223,0.0688159900584339,0.06081186247965676,0.07681455649775443,1.376319801168678,0.14424768566146423,0.12928196899938255,0.1592816410368297,1.4424768566146424,0.2946107646838421,0.2688509929189938,0.3200061848308784,1.4730538234192108,0.43453333510107744,0.4055673955380311,0.46252507388491515,1.448444450336925,0.563515061302747,0.5346274879203703,0.591321254368484,1.408787653256867,0.6783847197095051,0.6504375404956236,0.7044628137333167,1.3567694394190102
MIPOD,0.3,local_variance_stego,100,0.07711585142134918,0.06915129082648959,0.08553619795041369,0.6222119736134664,0.051094131469726564,0.1733019712957827,0.21293003778366826,0.012740110984789227,0.01072075372673244,0.014709187542038666,1.274011098478923,0.06884937501645953,0.06083429774786942,0.07682411379621332,1.3769875003291903,0.14435258886879737,0.1293940918248225,0.15944199838392462,1.443525888687974,0.2947050983023836,0.2689665960590555,0.32017104905180055,1.4735254915119183,0.43490306904949877,0.4060070923503273,0.4629976665761159,1.449676896831663,0.5639792162622494,0.5349972737542126,0.5918048210144183,1.4099480406556233,0.6788286613601733,0.6508472680604945,0.7049002991070658,1.3576573227203466
MIPOD,0.3,oracle,100,0.1733019712957827,0.15378789684326358,0.1941921955840674,0.7557872481314571,0.051094131469726564,0.1733019712957827,1.0,0.05419815385865195,0.04982503496741512,0.058616560198862445,5.419815385865191,0.20504648212518642,0.18900503275971328,0.2208959705737297,4.100929642503728,0.3393941891871753,0.3160339644712951,0.3634318462838359,3.3939418918717523,0.5269950931521946,0.4989644825149907,0.555890772248798,2.6349754657609736,0.6580446838260611,0.6310515578226493,0.6849089110670354,2.1934822794202034,0.7558678548437103,0.731619635594796,0.7794634451234577,1.8896696371092758,0.830241278432929,0.8094865942397742,0.8499381699210837,1.660482556865858
MIPOD,0.3,srm_residual_cover,100,0.09368939550253057,0.08353421279643562,0.10449475700515876,0.64531796278666,0.051094131469726564,0.1733019712957827,0.34854772077987584,0.0231227679986976,0.02058097124778582,0.02566219744079914,2.3122767998697604,0.10642787708879566,0.09652992145068849,0.11639414454690783,2.1285575417759133,0.19994149091951638,0.1837984529411727,0.2164099157375011,1.9994149091951632,0.35879347117445093,0.33543235101475866,0.3819063286263189,1.7939673558722549,0.49027918480488536,0.4647850445775971,0.5158662143206216,1.6342639493496183,0.6023323514624772,0.577892639214811,0.6261930228616243,1.5058308786561927,0.698297826693788,0.6759440011499991,0.720373963295217,1.396595653387576
MIPOD,0.3,srm_residual_stego,100,0.10347059542511569,0.0914173405037335,0.11658286295529059,0.6701046279310926,0.051094131469726564,0.1733019712957827,0.4285851384816136,0.02599447005148557,0.022645230821170762,0.02987613373707677,2.5994470051485568,0.11708780711331088,0.10574244231363987,0.1291837753441215,2.3417561422662176,0.21785659011426042,0.19968112984765826,0.23648079797407232,2.1785659011426044,0.38749197109941497,0.36214272341871934,0.4127200650344502,1.9374598554970748,0.5249070969421237,0.49870908124552604,0.5514753059839597,1.7496903231404122,0.6386486189252111,0.6131518577778798,0.663889502456573,1.5966215473130274,0.7333903457018208,0.7102525055914889,0.7556453761325559,1.4667806914036416
MIPOD,0.3,texture_energy_cover,100,0.09073592519977014,0.08084438840382113,0.10149970710055525,0.6378446845513668,0.051094131469726564,0.1733019712957827,0.3243801198553833,0.02264826289699199,0.020215582238114586,0.0251179121183652,2.264826289699199,0.10429082789394967,0.09488720745424202,0.11388063341138416,2.0858165578789936,0.19526384679559616,0.17967550316206157,0.2115956021957756,1.9526384679559614,0.35099898515757466,0.32838838890256566,0.37355269547018544,1.7549949257878728,0.4806046264310322,0.4559660631811616,0.5058371325079338,1.602015421436774,0.59184607799329,0.5674422548639975,0.6161112172906431,1.4796151949832257,0.6882111374739143,0.6652629778375141,0.7099718915865334,1.3764222749478285
MIPOD,0.3,texture_energy_stego,100,0.10207460829074089,0.08892209408671228,0.11674042586923242,0.6640051949521074,0.051094131469726564,0.1733019712957827,0.4171620813654599,0.025672503246676946,0.02195503030720345,0.030268881766730947,2.5672503246676945,0.11699707927670547,0.10396631173486591,0.13271903618331068,2.3399415855341097,0.21485538900421375,0.19585850723244314,0.23533634717355525,2.148553890042138,0.38083255927993354,0.35538783439123467,0.40659378865788404,1.9041627963996675,0.5164489314711713,0.4893867801358825,0.5439155573822703,1.7214964382372377,0.629418664744247,0.6035126360635952,0.6555212968949747,1.5735466618606173,0.7245425562071734,0.7009159822962745,0.7479488791326819,1.449085112414347
MIPOD,0.3,uniform,100,0.051094131469726564,0.04981815433502197,0.05247215461730957,0.5,0.051094131469726564,0.1733019712957827,0.0,0.009999999999999998,0.009999999999999998,0.009999999999999998,1.0,0.04999999999999999,0.04999999999999999,0.04999999999999999,1.0,0.09999999999999998,0.09999999999999998,0.09999999999999998,1.0,0.19999999999999996,0.19999999999999996,0.19999999999999996,1.0,0.3,0.3,0.3,1.0,0.3999999999999999,0.3999999999999999,0.3999999999999999,1.0,0.5,0.5,0.5,1.0
MIPOD,0.3,wavelet_energy_cover,100,0.08896576306570347,0.07948603087883285,0.09955564592370975,0.6330636450341856,0.051094131469726564,0.1733019712957827,0.30989527062978356,0.021247786045013307,0.01908169135749934,0.02355351141615913,2.1247786045013313,0.10018395780755102,0.09135760664740285,0.10925497076417912,2.00367915615102,0.18918020208482292,0.1739735425670633,0.20520474688739077,1.8918020208482291,0.343376374646717,0.3209785480827437,0.3666935961486218,1.716881873233585,0.4737394775123633,0.4485006626304177,0.498712323509862,1.5791315917078776,0.5858403929574082,0.5601999036412783,0.6101632176600793,1.4646009823935204,0.6828878974950185,0.6588012793813955,0.7049846898019027,1.365775794990037
MIPOD,0.3,wavelet_energy_stego,100,0.08922414972048096,0.07967582096625894,0.09987447732535347,0.6337497087129331,0.051094131469726564,0.1733019712957827,0.3120095920607593,0.021263599598229894,0.01908982955003718,0.023551569925885845,2.126359959822989,0.10060492258158499,0.09173610153806304,0.10982198883627994,2.0120984516317,0.18970179638416607,0.17441502829072497,0.2058404644813832,1.8970179638416604,0.3440916565659923,0.3216717994560602,0.36761059726829604,1.7204582828299613,0.4746366550137377,0.4494215061628333,0.4998612615929018,1.5821221833791257,0.5868855022879097,0.5611457166532487,0.6113769517287503,1.4672137557197746,0.6837969263488888,0.6597191636449509,0.7060751794481682,1.3675938526977776
MIPOD,0.4,laplacian_residual_cover,100,0.12104344502975857,0.11024696939853948,0.13282862419701896,0.6140972858162832,0.0744915771484375,0.22170348810535462,0.3162235146512356,0.022504655976595064,0.020527724669753524,0.024529978942917,2.2504655976595065,0.10244135880123517,0.09463522855346647,0.11050504820966381,2.048827176024703,0.18876777873044362,0.1758546124277479,0.20214791641136962,1.887677787304436,0.334420925480126,0.3163240225137648,0.35261077157341925,1.6721046274006293,0.45533725467344865,0.43537356330082433,0.4748727596120184,1.5177908489114957,0.5587416748564908,0.5389361135027734,0.5777403609285598,1.3968541871412268,0.6499030310931437,0.6320341999874345,0.6678009639198358,1.2998060621862875
MIPOD,0.4,laplacian_residual_stego,100,0.13878781782347072,0.1240665479297377,0.15509840102195652,0.6458515174932935,0.0744915771484375,0.22170348810535462,0.4367597720666101,0.02577050291197298,0.02283459700647862,0.029165665893239576,2.577050291197298,0.11770761886153598,0.10616674207607457,0.1311886116981526,2.3541523772307196,0.21380993135840562,0.19642588679709222,0.23211890323600012,2.1380993135840556,0.3731076762371444,0.3500141958438317,0.3964172905288516,1.8655383811857214,0.500097709644756,0.47610585855333604,0.5241882463292274,1.66699236548252,0.6047058755590586,0.58293883558372,0.6269996482334276,1.5117646888976468,0.692622409111257,0.6730422070817643,0.7122112459219382,1.385244818222514
MIPOD,0.4,local_variance_cover,100,0.10957570148691381,0.09933587854723232,0.12046648941503817,0.6210351199788997,0.0744915771484375,0.22170348810535462,0.23832395157715192,0.012585747180706703,0.010756790242242804,0.014394321151376382,1.2585747180706701,0.06790028183685265,0.06069088246872522,0.07525039349041536,1.3580056367370534,0.14146516938199746,0.12803304538048757,0.1552438980103767,1.4146516938199745,0.28927138761548526,0.2657296622316827,0.3124950194194107,1.446356938077426,0.4284898533853634,0.400995754930152,0.4548067044076081,1.4282995112845445,0.5569822493721093,0.5296638982199576,0.5834731545814921,1.3924556234302727,0.672385147473911,0.6457009759829109,0.6971551308517132,1.344770294947822
MIPOD,0.4,local_variance_stego,100,0.10966152578859889,0.09941585602688528,0.12054240375869164,0.6214472153880934,0.0744915771484375,0.22170348810535462,0.23890694993052697,0.012581003083006644,0.01075271304009728,0.014380280397834939,1.2581003083006643,0.06791268005740882,0.060709357448467206,0.07525169396547349,1.358253601148176,0.14152890241120264,0.1280487232769619,0.1552689030573864,1.4152890241120266,0.28939651987159637,0.2657506246604392,0.31270997293804337,1.4469825993579815,0.42888930402530734,0.4013049477679736,0.4551846675722735,1.4296310134176915,0.5574621496356003,0.5301537051680167,0.5838563480179919,1.3936553740890005,0.6729301731616233,0.6461592230559304,0.6977103194147626,1.3458603463232466
MIPOD,0.4,oracle,100,0.22170348810535462,0.2006773770633254,0.24370650479583736,0.752655891478028,0.0744915771484375,0.22170348810535462,1.0,0.046311990769132984,0.0432819853347117,0.04936528952185925,4.631199076913298,0.18546593778926027,0.17288867139179992,0.19763233609045988,3.7093187557852065,0.3169821550876769,0.2972414579480284,0.33648840963031384,3.1698215508767693,0.5076042171769933,0.48179006700578425,0.5336421259868946,2.5380210858849663,0.6433085478421936,0.6178001810823516,0.6686360350224667,2.1443618261406456,0.7450887647207494,0.7217112847546868,0.7682379189122355,1.862721911801873,0.8226888445779826,0.8023040136125958,0.8420333362429158,1.6453776891559653
MIPOD,0.4,srm_residual_cover,100,0.1299271293004046,0.11754667048467889,0.14309741333187925,0.643226270231438,0.0744915771484375,0.22170348810535462,0.3765697475946142,0.021804059660264333,0.019691879305681486,0.02387720458856324,2.180405966026433,0.10123892981069925,0.09267884476369467,0.10950771341386747,2.024778596213985,0.19198232381272573,0.177759790606547,0.20629284579325993,1.9198232381272573,0.34910297403094753,0.3279305354151502,0.36996173973706625,1.7455148701547372,0.4809374976491709,0.45728554628095885,0.5044079077383068,1.6031249921639033,0.5941948626829335,0.5707676412983467,0.616812119374079,1.485487156707334,0.6916738292733754,0.6698105075878915,0.7128942500748322,1.3833476585467508
MIPOD,0.4,srm_residual_stego,100,0.14226584032307835,0.128007687192942,0.15759759289844832,0.6688377352549688,0.0744915771484375,0.22170348810535462,0.46038573057091553,0.024156539908086683,0.021504630568003547,0.02710574204996379,2.4156539908086683,0.1107749563525229,0.10118893469082141,0.12091160319774197,2.2154991270504576,0.20880370780433177,0.1928701223406809,0.22511909898546736,2.0880370780433175,0.37703766455264826,0.3543782770384805,0.39986976702115506,1.8851883227632413,0.515436607103138,0.4904049704261284,0.5404881824217208,1.718122023677127,0.6306720034560531,0.6060247227080485,0.65499836250426,1.5766800086401327,0.7272834148879057,0.7049782275730576,0.7491461806514289,1.4545668297758114
MIPOD,0.4,texture_energy_cover,100,0.126045491579994,0.1139674989830827,0.13906550973808138,0.6356840055745876,0.0744915771484375,0.22170348810535462,0.3502020597140691,0.021435941682981016,0.019466597397790497,0.023460355221378133,2.1435941682981015,0.09955592291545486,0.09131383098655127,0.10770354797441208,1.9911184583090975,0.18777099941780423,0.17397639597864123,0.20192425177125217,1.877709994178042,0.3416884522103091,0.3212944245378632,0.36233611976298996,1.7084422610515453,0.4712658029556999,0.44821052977619086,0.49438552837622096,1.5708860098523332,0.5837406370514078,0.5608189787450789,0.6061433470191653,1.4593515926285192,0.6814684119775953,0.6595009776382803,0.7026403940595883,1.3629368239551907
MIPOD,0.4,texture_energy_stego,100,0.14013621679251176,0.12489201207392517,0.1567921351768551,0.6629214379875202,0.0744915771484375,0.22170348810535462,0.4459193499857885,0.02383931103506993,0.02103615092903354,0.027169498419909476,2.3839311035069928,0.11062298456266385,0.09958901299706548,0.12339376930070779,2.212459691253276,0.20649158736089337,0.18931222999788366,0.22471187930906109,2.0649158736089337,0.37091390521216744,0.34754438375992525,0.3949347951141593,1.8545695260608372,0.5076492959876789,0.4815809008496011,0.5335903669925591,1.69216431995893,0.6220633488894076,0.5968582578851974,0.6474228664768,1.5551583722235192,0.7190693672544889,0.6959084684585225,0.7418829579190542,1.4381387345089778
MIPOD,0.4,uniform,100,0.0744915771484375,0.07264308452606201,0.07642644023895263,0.5,0.0744915771484375,0.22170348810535462,0.0,0.009999999999999998,0.009999999999999998,0.009999999999999998,1.0,0.04999999999999999,0.04999999999999999,0.04999999999999999,1.0,0.09999999999999998,0.09999999999999998,0.09999999999999998,1.0,0.19999999999999996,0.19999999999999996,0.19999999999999996,1.0,0.3,0.3,0.3,1.0,0.3999999999999999,0.3999999999999999,0.3999999999999999,1.0,0.5,0.5,0.5,1.0
MIPOD,0.4,wavelet_energy_cover,100,0.12400942046272499,0.11207892685022468,0.13688389375534443,0.6311175574156469,0.0744915771484375,0.22170348810535462,0.33637117399270317,0.020270440530398424,0.0184404437068877,0.022212308488778046,2.027044053039842,0.09588625311253521,0.08813294941491717,0.10394241218735842,1.9177250622507045,0.18218900138344332,0.16884982301428764,0.19617920352915377,1.8218900138344325,0.33443800941878093,0.3138939675414292,0.3554760759211519,1.6721900470939042,0.46488987815999794,0.4412606673834364,0.48811228496669656,1.5496329271999931,0.5778938885191718,0.5535702881553551,0.6011340147277726,1.4447347212979293,0.6764468518215542,0.6535785812478861,0.6980916272448149,1.3528937036431083
MIPOD,0.4,wavelet_energy_stego,100,0.12439175471702424,0.11239687577431418,0.13735875432306752,0.6319012929679344,0.0744915771484375,0.22170348810535462,0.33896834328297304,0.020306312958846374,0.01848078777057275,0.022244872210417328,2.030631295884637,0.09631393607577494,0.08862540274798604,0.1043551003174225,1.9262787215155002,0.18282463816891625,0.16946808533035917,0.19679766484933803,1.8282463816891623,0.33522759525476425,0.31452594295703595,0.3564831235993575,1.6761379762738209,0.46571173345806066,0.44198352695183735,0.4890699757603088,1.5523724448602025,0.579017311666071,0.5546742179654254,0.6025727920970854,1.4475432791651772,0.6775337186897891,0.6546504462270645,0.6992696162458809,1.3550674373795781
MIPOD,0.5,laplacian_residual_cover,100,0.15626890032069532,0.14391743104223192,0.1692895803845085,0.6120452143843224,0.10046207427978515,0.26743401356525176,0.3342287708924493,0.021150150266680448,0.019510154638810312,0.022838453328710016,2.1150150266680443,0.09762745561446938,0.09089441864500525,0.10447322794675198,1.952549112289387,0.18154376689767907,0.17011245739578748,0.19304061734789463,1.8154376689767906,0.3257605733806041,0.3095133785158073,0.3423015341976927,1.6288028669030203,0.44705789514494376,0.4284023560772345,0.46516270570497253,1.490192983816479,0.5516129991824188,0.5330692142558993,0.5698932697173434,1.3790324979560467,0.6438079230764899,0.6266056737413463,0.6608095725381319,1.2876158461529799
MIPOD,0.5,laplacian_residual_stego,100,0.17735306343168059,0.1608111229255652,0.19498883938474054,0.6450268725426096,0.10046207427978515,0.26743401356525176,0.4605024621558558,0.02390206935366855,0.021620496112276743,0.026472711001442828,2.3902069353668556,0.11108202739296022,0.10152821179019964,0.1220307582921058,2.221640547859204,0.20518379602418768,0.18975875383780436,0.22178303452171114,2.0518379602418766,0.36407215015756733,0.34229817519057687,0.3857098710407076,1.8203607507878368,0.49226194968389664,0.4695253871109982,0.5152112323238844,1.6408731656129891,0.5983763018245201,0.5772641122356748,0.6200946444197494,1.4959407545612995,0.6875633597638463,0.6683661503761285,0.706779333939852,1.3751267195276926
MIPOD,0.5,local_variance_cover,100,0.14394163577852134,0.1314448044882015,0.15683957448541927,0.620081674104195,0.10046207427978515,0.26743401356525176,0.26040041030128164,0.012319915711544496,0.010699469999706479,0.013950422405072022,1.2319915711544498,0.06661880714647662,0.06004713861521663,0.07330093047448526,1.332376142929532,0.13846935393818455,0.12623812889505717,0.1508248288975522,1.3846935393818454,0.28362321972733917,0.26241010298287165,0.30471537777297303,1.4181160986366959,0.4217866213876467,0.39620491641786715,0.44660495596771543,1.4059554046254887,0.5500753883676043,0.524226147954459,0.5750865563092724,1.3751884709190105,0.6658435125577431,0.6398065392735013,0.6894792136569322,1.3316870251154862
MIPOD,0.5,local_variance_stego,100,0.1440656423378327,0.13152434322132056,0.15697819025185952,0.6205583828537052,0.10046207427978515,0.26743401356525176,0.2611430893396999,0.012331200802507946,0.010711900697397107,0.013965906855985685,1.2331200802507944,0.06663430288637119,0.0600888626479671,0.07332021466753696,1.3326860577274238,0.1385524130481125,0.1263097995329499,0.1509060497980182,1.3855241304811243,0.2837780908465983,0.26250360599128086,0.3048936914316292,1.418890454232991,0.42215068178323617,0.3964806450448591,0.4467777355078939,1.4071689392774538,0.5505658497572801,0.5245984432993124,0.5754978999302981,1.3764146243932003,0.6664853964023006,0.6404722175549422,0.6901049085078882,1.3329707928046013
MIPOD,0.5,oracle,100,0.26743401356525176,0.24537361386624054,0.2896951092713453,0.7494752257885616,0.10046207427978515,0.26743401356525176,1.0,0.04011015076778047,0.03800417938043855,0.04216472393422339,4.0110150767780475,0.16775918928031028,0.15831966341788223,0.17709846157419992,3.355183785606205,0.29468010767341996,0.2783887866023471,0.3109644861431257,2.9468010767341997,0.48706064140643646,0.4640747656536668,0.5101638191168871,2.4353032070321823,0.6272879607759422,0.603270293575958,0.6507833818253465,2.090959869253141,0.7331088540247732,0.7102534816266268,0.7555771104862015,1.8327721350619333,0.8141716282432582,0.794417163811325,0.8333263532414557,1.6283432564865163
MIPOD,0.5,srm_residual_cover,100,0.16707140826934744,0.1526363226015638,0.18163885720771952,0.6408906181456792,0.10046207427978515,0.26743401356525176,0.398925318078042,0.020525822524989478,0.018753114771083552,0.022256326963089896,2.0525822524989477,0.09642187529082849,0.08907047245987633,0.10348764839138593,1.928437505816569,0.18420062240836357,0.1718095522546689,0.19679162833201536,1.842006224083636,0.3389184701552895,0.3196570319869778,0.3579488278081874,1.6945923507764473,0.47086799142167135,0.44914729962663114,0.4922349806797212,1.5695599714055715,0.5848699711637009,0.5626226498673604,0.6058745100335893,1.462174927909252,0.6840675349769236,0.6628312887333865,0.7047107025740047,1.3681350699538473
MIPOD,0.5,srm_residual_stego,100,0.18175080482262299,0.1658079860801346,0.1984252518800681,0.667163823781349,0.10046207427978515,0.26743401356525176,0.4868406685021552,0.022497093705413144,0.02035897668273484,0.024835302185521897,2.2497093705413143,0.10490975578011837,0.09671497932589504,0.11341211572802969,2.0981951156023673,0.19961533893510183,0.18586597687088288,0.21369900614917733,1.9961533893510182,0.36546534294476635,0.34492673016005176,0.3862650702838836,1.8273267147238317,0.5046518731185834,0.4816058736765955,0.5282901419143998,1.6821729103952787,0.6214530035382219,0.5979032516083778,0.6446001651658557,1.5536325088455547,0.7200318793041781,0.6985010724502945,0.7411193095309134,1.4400637586083562
MIPOD,0.5,texture_energy_cover,100,0.16245206177724808,0.14860545366473085,0.1768756770492542,0.6335736720935801,0.10046207427978515,0.26743401356525176,0.37125991207109726,0.02022153178480915,0.018578878453340983,0.021887115006510322,2.0221531784809144,0.09496163208612972,0.08789925967643296,0.10196761358512316,1.8992326417225942,0.18043628109904974,0.16838157110275587,0.19273608085500582,1.804362810990497,0.33216537885112013,0.31370702207334245,0.3509248025722219,1.6608268942555995,0.46192658034190337,0.44067585666275044,0.4832812369039284,1.5397552678063449,0.5751028999848047,0.5531643932950749,0.5962245281245084,1.4377572499620117,0.6741597568597575,0.653086971224806,0.6943369631691522,1.348319513719515
MIPOD,0.5,texture_energy_stego,100,0.17912496517324505,0.16222444357794705,0.1969944175854245,0.661869631493296,0.10046207427978515,0.26743401356525176,0.47111443533618225,0.022221615352936118,0.020003116067616955,0.02475333265658701,2.2221615352936124,0.10466625240874226,0.09544362472842692,0.11515462187751178,2.093325048174845,0.19782362980617596,0.18273573020402029,0.21418096991299873,1.9782362980617598,0.3607172388909806,0.33897540420416167,0.38318669903024394,1.803586194454903,0.4982192047200524,0.4738653562262512,0.5224624117461714,1.6607306824001744,0.6141266687932171,0.5898194599772869,0.6386186546180117,1.535316671983043,0.7127163402796015,0.6899379835270507,0.7349591019280066,1.425432680559203
MIPOD,0.5,uniform,100,0.10046207427978515,0.09800894927978515,0.10299234580993652,0.5,0.10046207427978515,0.26743401356525176,0.0,0.009999999999999998,0.009999999999999998,0.009999999999999998,1.0,0.04999999999999999,0.04999999999999999,0.04999999999999999,1.0,0.09999999999999998,0.09999999999999998,0.09999999999999998,1.0,0.19999999999999996,0.19999999999999996,0.19999999999999996,1.0,0.3,0.3,0.3,1.0,0.3999999999999999,0.3999999999999999,0.3999999999999999,1.0,0.5,0.5,0.5,1.0
MIPOD,0.5,wavelet_energy_cover,100,0.1604305734119543,0.14663904196735694,0.17476950322671672,0.6293125016579899,0.10046207427978515,0.26743401356525176,0.35915315704420797,0.019295374265407575,0.017724351823690858,0.020926509656696707,1.9295374265407579,0.09193121546079594,0.08525136641554394,0.09885263433601309,1.838624309215919,0.17558387142677792,0.16386947505401878,0.18772725616411923,1.755838714267779,0.3254216766433571,0.3067684457345265,0.34424092522967314,1.6271083832167852,0.45583140149491413,0.43391661045835495,0.4773340531863412,1.5194380049830472,0.5697279938938428,0.5468162770051523,0.5914511473246832,1.424319984734607,0.6698076103216484,0.6479183644020529,0.6905488414360778,1.3396152206432967
MIPOD,0.5,wavelet_energy_stego,100,0.16091357090993863,0.14708273563605415,0.17530086836572137,0.6301985142697778,0.10046207427978515,0.26743401356525176,0.36204584368395865,0.019316459974092225,0.017754048836353783,0.020929094303256908,1.931645997409222,0.0922531084175075,0.08563263376552945,0.0992212711106058,1.84506216835015,0.17617197627346218,0.16450692192321986,0.18843769425743678,1.7617197627346217,0.32625783441437534,0.30753464355697285,0.34521706143156217,1.631289172071877,0.45691353432605103,0.43479561002554984,0.47842855732795064,1.52304511442017,0.571119746701051,0.5481661242142071,0.593047786552829,1.4277993667526276,0.6710911780922764,0.6490825072116633,0.6920847291152322,1.3421823561845527
